9ce540852d334,ui/utility/queueutility
e4461faa9bc15,ui/uieditor/widgets/zmfrontend/laboratory/laboratorymixagain
235c8e60fecf1a,ui/uieditor/widgets/director/directorbuttonadd
238e6b7c1445a5,ui/uieditor/menus/demo/timelineeditor.lua
277c80b335b601,ui/uieditor/widgets/leaderboard/autoaddfriendsbutton
280b79d23c36fb,ui/uieditor/widgets/startmenu/startmenu_barracks_zm.lua
2947d85e24668c,ui/uieditor/widgets/itemshop/contracts/contractdetailspanel
2cac675ab462d9,ui/uieditor/widgets/challenges/nearcompletionbutton
31533c52beba2c,ui/uieditor/widgets/hud/zm_ammowidgetfactory/zmammo_weaponprogressfactory
37583579a3dcbe,ui/uieditor/widgets/arena/arenaleagueplayrubyslot
3efe5fa99c4e34,ui/uieditor/widgets/motd/motd_bannerimagetext.lua
472f2367d2bd2e,ui/uieditor/widgets/hud/core_ammowidget/ammowidgetzm_mulekick.lua
4934f9ba06e1c9,ui/uieditor/menus/fullscreenspinner.lua
4adab6b12122be,ui/uieditor/widgets/craft/emblemeditor/emblemiconclipboard
56ade4b150b7be,ui/uieditor/widgets/aar/medalstab/medalxpwidget
5dd03e7b0a26f9,ui/uieditor/widgets/director/directorpublicwzplaybutton.lua
5e56446f02aa7a,ui/uieditor/widgets/wzaar/wzaar_meritbreakdown.lua
5eeaa6da9f4609,ui/uieditor/widgets/itemshop/purchaseableitemcontentimagedaily
6014cbd191767c,ui/uieditor/widgets/social/social_playerdetailbutton_frame.lua
643bb843a38237,ui/uieditor/widgets/debug/sessionsearchqosjoin
67dde5a5537631,ui/uieditor/widgets/hud/deadspectate/deadspectate_spectatingmodebuttonprompt
69c19af1882c9c,ui/uieditor/widgets/vehiclehuds/genericvhudinfoarea.lua
6a0b1fd805f838,ui/uieditor/widgets/lobby/lobbyinspection/inspectionbgelements.lua
6ac3810d0729f5,ui/uieditor/widgets/leaderboard/leaderboardlistbutton
6f134078184861,ui/uieditor/widgets/pc/separationline_vertical
7d31d988677643,ui/uieditor/widgets/hud/zm_revive/zm_revivewidget
8a35864b418ab6,ui/uieditor/widgets/vehiclehuds/dart/vhud_dart_frameright
8bda35b36a95c8,ui/uieditor/widgets/zmhudwidgets/actoroverheadname_zm
8eec6df22fcc7f,ui/uieditor/widgets/hud/core_ammowidget/ammowidget_singleshotpip
96990a7a3798c5,ui/uieditor/widgets/aar_t8/rewards/aarrewardheader.lua
9d83af4e3140d0,ui/uieditor/widgets/pc/footer/footerbutton_quitback.lua
a2d871ecfc40de,ui/uieditor/widgets/director/directorstickypartystatus
a39738afe67dbf,ui/uieditor/widgets/playercontextualmenu.lua
a8b2600181eed8,ui/uieditor/widgets/hud/console/consoletext
a969aa55b2ced8,ui/uieditor/widgets/common/commonidentitymembernamestreamlined
a9e071a16afa98,ui/uieditor/widgets/zmfrontend/zmaartrialtabroundstatdescription.lua
ab147bcb492728,ui/uieditor/widgets/hud/rejackwidget/rejackinternal.lua
b77c350fbd61e7,ui/uieditor/widgets/pc/startmenu/graphicsoptions/startmenu_options_pc_graphics_advanced.lua
b7f9d0122db590,ui/uieditor/widgets/cac/loadoutclassitemname
bb976bfdb29267,ui/uieditor/menus/overlaysystem/systemoverlay_nobg
bbf024dd38e7c6,ui/uieditor/widgets/genericpopups/matchstartwarning.lua
c443ceeb1995ac,ui/uieditor/widgets/reticles/mp/spectrelocklinewidgetnormal.lua
d00f86241b6bef,ui/uieditor/widgets/checkbox.lua
d0fe15b75d77a7,ui/uieditor/widgets/itemshop/bmtallitem
d1d6de66bf421b,ui/uieditor/widgets/pc/startmenu/interfaceoptions/startmenu_options_pc_interfaceoptions_suboptionsnavigation
d70935e846177b,ui/uieditor/widgets/startmenu/startmenu_options_network_descriptionpanels.lua
dbd05c3b3c320f,ui/uieditor/widgets/vehiclehuds/agr/vhud_agr_notificationmissiles.lua
dd9d8a0a5fc4fb,ui/uieditor/widgets/hud/zm_ammowidgetfactory/zmammo_bgbcarouselconsolebuttonfactory
df5e5cef1e40f7,ui/uieditor/widgets/demo/democontrolsbuttoncameramode.lua
e300169a37b7ed,ui/uieditor/widgets/lobby/missingdlcnotification.lua
e51f9960e580ab,ui/uieditor/widgets/social/social_friendinvitedlcnotification.lua
efa0348a97c04f,ui/uieditor/widgets/hud/console/console
f8f5cb83f24c6d,ui/uieditor/widgets/itemshop/blackjacksshopframenopreview
fd42de2d75e2fb,ui/uieditor/widgets/motd/motd_bannerimage.lua
fdba1b8ea60245,ui/uieditor/widgets/vehiclehuds/vehicleradar.lua
10502bd1b44e519,ui/uieditor/luielems/zm/zm_arcade_timer.lua
10654a616934dd8,ui/uieditor/menus/lobby/directordiadelosmuertospopup.lua
107778818d9df94,ui/uieditor/menus/aar_t8/aar_t8_arena
10f65358f6a6663,ui/uieditor/widgets/hud/mp_scorestreakwidget/scrstk_combatefficiencybackglow
11189e39122045c,ui/uieditor/widgets/arena/arenaprogresswidgetrank
119742cb8fbb4c5,ui/uieditor/luielems/mp/seeker_mine_prompt.lua
11db5d3e59d408c,ui/uieditor/widgets/vehiclehuds/ground/vehicleground_hashtext
12322cb4555c55d,ui/uieditor/widgets/codcaster/codcasterloadoutselectionheal
12c7e2c7b5fefe0,ui/uieditor/widgets/notifications/publiclobbystagenotification/publiclobbystagenotification
12cc2ce6c3683d4,ui/uieditor/luielems/mp/laststand/mp_revive_prompt
12d3ff0a1b8cdca,ui/uieditor/widgets/warzone/warzoneusetimerprogress
1300da9b0ba493a,ui/uieditor/widgets/itemshop/reserves/reserveslootcasebuttoncontainer
13057df4515f516,ui/uieditor/widgets/zmfrontend/zmcustomclasstabs
13258e77a61beac,ui/uieditor/widgets/callingcards/callingcards_asset_party1.lua
134b468475b2f2a,ui/uieditor/widgets/pc/pc_scrollup.lua
135e68335e99fa2,ui/uieditor/widgets/social/social_managepartyplayerbuttonrankdetailswithrubies
1396dc84912a250,ui/uieditor/widgets/arena/leagueplayleaderboardentry.lua
13bf102cb2353b4,ui/utility/blackmarkettableutility
149d8f176add71c,ui/uieditor/widgets/craft/emblemeditor/emblemselectsafeareacontainer
14bd876d3a2730a,ui/uieditor/widgets/arena/arenaprogresswidget
155644a3959030c,ui/uieditor/widgets/craft/emblemeditor/layermofn.lua
15a878c33f2f7b2,ui/uieditor/widgets/mphudwidgets/waypoint_textwithbg_zm.lua
15da0837fc7db8e,ui/uieditor/widgets/itemshop/supplychain/supplychainitem.lua
16453275c909193,ui/uieditor/widgets/mphudwidgets/bountyhunter/bountyhunterbank.lua
16750171679c095,ui/uieditor/widgets/vehiclehuds/mothership/vhud_ms_lockonnotification
16c2366b719cd7d,ui/uieditor/widgets/itemshop/contracts/contracttallseasonaloverlay.lua
17046c31fdd4246,ui/uieditor/widgets/hud/fx/emp_scoreinfo
1723f8d4305e6c7,ui/uieditor/widgets/systemoverlays/systemoverlayspinner
177b522971b1a44,ui/uieditor/widgets/aar_t8/tierreward/aartierrewardslotempty.lua
17d1f371b4d981d,ui/uieditor/widgets/lobby/common/fe_buttonidle.lua
17ffbf854dfd48e,ui/uieditor/widgets/codcaster/codcasterportraitplayerlistentryspecialisthead
185563fab2ddf96,ui/uieditor/widgets/specialist/specialistpersonalizationbuttonoption
1938733d0061a46,ui/uieditor/widgets/hud/gameendscore/gameendtime
199c501eb82dfc7,ui/uieditor/widgets/callingcards/callingcards_asset_superheroes_speed_lightning.lua
1abd4aadc16bf9a,ui/uieditor/widgets/director/directorselectsafeareacontainer.lua
1aca1d7aa620d2d,ui/uieditor/widgets/itemshop/itemshopinfo.lua
1ae7a31474f97d0,ui/uieditor/widgets/vehiclehuds/wasp/vhud_sentinel_altitudeinfo
1af160e2fc32808,ui/uieditor/widgets/arena/leagueplayleaderboard
1b153c8cf7589f4,ui/uieditor/widgets/zmhudwidgets/actoroverheadname_zm.lua
1b1fffce4a9b293,ui/uieditor/widgets/codcaster/codcasterlivescount2
1b2298ebaba59f4,ui/uieditor/menus/startmenu/popups/startmenu_options_codaccount_cta.lua
1b3cf3c514fa720,ui/uieditor/widgets/arena/arenamapandgametype
1b7b1de10a4e4f4,ui/uieditor/widgets/tablet/tableticepick_category
1b972db03c42bde,ui/uieditor/widgets/systemoverlays/systemoverlay_classoptionsframe.lua
1bb6492a97012f7,ui/uieditor/widgets/zmhudwidgets/hud_zm_playerdeadmarker.lua
1c1299b38cb2e0e,ui/uieditor/widgets/codcaster/codcaster_annoncement_bg
1c40e64c13b0098,ui/uieditor/widgets/callingcards/loot2/callingcards_loot2_surrealistlandscapes_book.lua
1cb13460d2c7d14,ui/uieditor/widgets/tablet/tableticepickgadget_bgelementfui3.lua
1cca917a07b5398,ui/uieditor/widgets/vehiclehuds/mothership/vhud_ms_lockarrow
1cd8fc632f23656,ui/uieditor/widgets/motd/motd_bannerrender.lua
1d4819884002b97,ui/uieditor/widgets/itemshop/discounttiersnumber.lua
1de6384dd1987f9,ui/uieditor/widgets/pc/startmenu/pc_startmenu_options_description.lua
1e09a95b75e0bf3,ui/uieditor/widgets/reticles/chargeshot/chargeshot_outerreticle
1e2d79957e083b9,ui/uieditor/menus/itemshop/caseexchangecontractconfirmation.lua
1e5f49a31972fa1,ui/uieditor/widgets/craft/craftlayercount.lua
1ef651f35122631,ui/uieditor/widgets/director/directorpregamebuttoncontainer
1f2ead972a83ddc,ui/uieditor/luielems/mp/mp_infect_timer
1fe9af2874fe378,ui/uieditor/widgets/competitive/competitive_ladderscore.lua
2012d3c45495393,ui/uieditor/widgets/vehiclehuds/gunship/vhud_gunship_flare_dock
2030d1ad78ea378,ui/uieditor/widgets/mphudwidgets/scorepopup/mpscr_pluspoints
20604ffe0bba02f,ui/uieditor/widgets/social/social_friendinvitedlcnotification
2080ea6e1f7c714,ui/uieditor/widgets/startmenu/options/startmenu_options_accountmanagementform.lua
2099d799e89e56e,ui/utility/storeutility.lua
20a0021e04d224d,ui/uieditor/widgets/mphudwidgets/bountyhunter/bountyhunterpackagepreview
20fe1a52f98d23d,ui/uieditor/menus/cac/weapontabbedaccessoriesselect
212e3163f25aeb8,ui/uieditor/widgets/vehiclehuds/hellstorm/vhud_hellstorm_altwidget.lua
21746f9e91ef856,ui/uieditor/widgets/aar_t8/tierreward/aartierrewarditemglowanimationlegendary
2182a3de71cf07c,ui/uieditor/widgets/hud/gameendscore/gameendscoretitleframe.lua
2197bee85183273,ui/uieditor/widgets/craft/emblemeditor/emblemlayernumber
21d9e7c270adcd0,ui/uieditor/widgets/arena/arenadirectorlobbyrankicon
21f5cc66ba91508,ui/uieditor/widgets/rightstickpagination.lua
22394f0b69871b4,ui/uieditor/widgets/social/social_missingdlcnotification_internal
226ed7c297df6a5,ui/uieditor/widgets/warzone/wzobituaryteamicon
22e9355fcf89b9d,ui/uieditor/widgets/warzone/wzobituary.lua
22f7bb2b820f269,ui/uieditor/widgets/genericsimplebutton.lua
2398899b1fc77b2,ui/uieditor/widgets/zmhudwidgets/inventory/zminvquests.lua
239f0384c1bae25,ui/uieditor/widgets/hud/abilitycallout/abilitycallout
2435be124ae6695,ui/uieditor/widgets/warzone/warzonequickinventoryuseprompt
244642a9b881531,ui/uieditor/widgets/zmhudwidgets/inventory/zminvwonderweaponcomponent
247246d7126f06b,ui/uieditor/widgets/hud/core_ammowidget/ammowidget_powerweapondrain
2485f9df271d384,ui/uieditor/widgets/hud/core_ammowidget/ammowidgetmp_ability_flash
24aaa148cf7f36c,ui/uieditor/widgets/callingcards/loot4/ui_icon_callingcards_assassin_fastlinesgroup
24adaf674659a70,ui/uieditor/widgets/itemshop/contracts/contractactivebannerbacker
24b789df27433d6,ui/uieditor/widgets/hud/core_ammowidget/ammowidgetmp_ability_flare
24c4d61da9ab811,ui/uieditor/widgets/cac/customclasstabs
24dd1a648a3d435,ui/uieditor/luielems/core/debug_center_screen.lua
24ebc9b16ab98c5,ui/uieditor/widgets/hud/map/compassawarenesscontainer
24f27534b5563a4,ui/uieditor/widgets/aar/medalstab/medalsgriditem.lua
24f522ffef9786e,ui/uieditor/widgets/callingcards/callingcards_prestige_wildcards_master.lua
2539b8d253ef396,ui/uieditor/widgets/aar_t8/medals/aarmedalstab.lua
25441bd3f32fe77,ui/utility/ftueutility
255388edcb1d87a,ui/uieditor/widgets/craft/emblemeditor/emblemgroupnew.lua
25601344ef8fe64,ui/uieditor/widgets/mphudwidgets/waypointicon
258a2641aa72235,ui/uieditor/widgets/systemoverlays/systemoverlay_layout_genericforeground_freecursor_full
259226575a01bf0,ui/uieditor/widgets/mphudwidgets/minimapfogofwar
25b2539fa1dd677,ui/uieditor/widgets/challenges/challenges_framewidget_prestige
25f8507482399ff,ui/uieditor/widgets/codcaster/codcasterloadoutselection
262dfb7afe71b40,ui/uieditor/widgets/cac/menuchooseclass/itemwidgets/weaponpersonalizationtextbreadcrumb
26a172cffc1ccd2,ui/uieditor/widgets/mp/specialisthub/hubspecialist_characternewitem
26dec8fc6b1f0ea,ui/uieditor/widgets/pc/socialmenu/pcsocialmenu_genericbutton_container.lua
27133eee501d5a9,ui/uieditor/widgets/warzone/warzonewingsuitoverlay.lua
2729998c349f5a5,ui/uieditor/widgets/footer/footerbutton_partycount
272f3482883f4b0,ui/uieditor/widgets/callingcards/loot4/ui_icon_callingcards_assassin_fastlinesgroup.lua
276041c2dc8a2d7,ui/uieditor/widgets/director/directoexpandedlobbymember_trial.lua
2776b818a4ef8ef,ui/uieditor/widgets/tablet/tabletlocationselector_frame
27850b175229fbe,ui/uieditor/widgets/hud/equipment/blackhat/blackhat
283549969a659aa,ui/uieditor/widgets/zmpromotional/zm_promo_banner.lua
286a5ccc813b432,ui/uieditor/widgets/competitive/competitiveoverviewrankbanner.lua
28a12b0f5a2dc3f,ui/uieditor/widgets/pc/startmenu/controlsoptions/pc_startmenu_options_controls_keybind.lua
28e6fbcb1d73d82,ui/uieditor/widgets/utilities/imageprompt.lua
291b90da1df3a5f,ui/uieditor/widgets/vehiclehuds/vehicleholdswitchseat
29a877a9ba25493,ui/uieditor/menus/challenges/challenges_nearcompletion
29a8b7e673bc2c9,ui/uieditor/widgets/cac/cac_buttonboxlrginactivediags.lua
29ae524ca420e01,ui/uieditor/widgets/itemshop/reserves/reservesrevealdupeicon
29b23fa11e21462,ui/uieditor/widgets/director/directortagsui3dplayer.lua
29c467d47773861,ui/uieditor/widgets/notifications/xp/doublexpiconsfrontendsmallinternal
2a1b5374a7ef26a,ui/uieditor/widgets/hud/core_ammowidget/ammowidgetwz_abilityitem
2add234d107d6f3,ui/uieditor/widgets/vehiclehuds/turret/vhud_turret_damageicon.lua
2bc4b07810dfc69,ui/utility/aarutility.lua
2bdb37a7550431b,ui/uieditor/widgets/mphudwidgets/outofbounds/outofbounds_warningstripe.lua
2c001532d54f545,ui/uieditor/widgets/vehiclehuds/ground/vehicleground_hashringlargeinternal
2c0aff913623b4b,ui/uieditor/widgets/tablet/tableticepickgadget_bgelementfui
2c2f7cbc2b7a4f2,ui/uieditor/menus/challenges/challenges.lua
2cb994f06a4cdc1,ui/uieditor/widgets/arabicaligntextbox.lua
2d036841e5c17bf,ui/uieditor/widgets/pc/footer/footerbutton_tooltip
2d685c8ddad85cf,ui/uieditor/widgets/social/social_partysettingsbutton
2dad0eb8d7e2b65,ui/uieditor/widgets/warzone/warzonequickinventoryuseprompt.lua
2de5e9a69d40a53,ui/uieditor/widgets/blackmarket/reserves/bm_reserves_charm.lua
2e4a93606ad72a8,ui/utility/wzutility
2e50843ce2914b0,ui/uieditor/widgets/common/commonpixelbacking.lua
2e68df516494a46,ui/uieditor/widgets/director/directorpartybar.lua
2e793df46c21137,ui/uieditor/widgets/lobby/common/fe_titlenumbrdr.lua
2eaa2737fe69d89,ui/uieditor/widgets/aar_t8/tierreward/aartierrewardshowcaseinternalcorecommon
2f83d4f91282174,ui/uieditor/widgets/startmenu/startmenu_button_callingcards_internal
30766db69c3cec5,ui/uieditor/widgets/tablet/swipetak5/swipetak5_layoutplusgrid.lua
30c77dc7ecb3f24,ui/uieditor/widgets/vehiclehuds/mothership/vhud_ms_buttonwidget
30c897ab331cd16,ui/uieditor/widgets/hud/core_ammowidget/ammowidgetwz_weaponimage
3114279767899ea,ui/uieditor/widgets/hud/gameendscore/gameendscoreroundpip.lua
31404272ad0eaeb,ui/uieditor/widgets/craft/emblemeditor/stickersetframe.lua
316aa82eb5c8c6b,ui/uieditor/widgets/codcaster/codcasterminimapposition.lua
317e754536a5528,ui/uieditor/widgets/craft/paintshop/paintshopweaponselectwidget
319cc431b138852,ui/uieditor/widgets/warzone/warzonedbnoredeploying.lua
319e77b44d21cc1,ui/uieditor/menus/challenges/challengesoperationswz
323d82441ecd8c0,ui/uieditor/widgets/craft/emblemeditor/layermofn
325eec9c0fe7758,ui/uieditor/widgets/warzone/warzone_emp_quickequip
329e0f9da2856a3,ui/uieditor/widgets/itemshop/itemshopframeinternal
330cd3bfe28d4dc,ui/uieditor/widgets/mphudwidgets/overheadname_wz_playernumber
3329b58180d6f9f,ui/uieditor/widgets/callingcards/callingcards_asset_lightburst_animated.lua
33abf882f693ea5,ui/uieditor/widgets/vehiclehuds/buttons/vhud_generic_gamepad_layout
3427b3362fad774,ui/uieditor/widgets/warzone/warzonearmorstashcount_pc
3434c5365d00b7a,ui/uieditor/widgets/pc/startmenu/controlsoptions/pc_startmenu_options_tabcontent
34c95541b57b6b8,ui/uieditor/widgets/craft/emblemeditor/craftlayersavailable.lua
351793fe51beaa2,ui/uieditor/widgets/warzone/warzoneinventorymenuitemsmall
35653ef4ad2299d,ui/uieditor/widgets/scrollbars/horizontalcountertriggerprompts
3625a0d08a5c80d,ui/uieditor/widgets/lobby/common/fe_focusbarcontainer
368f039361bf996,ui/uieditor/widgets/common/commontabbarbacking.lua
36926bbd5c82ee8,ui/uieditor/widgets/gamesettings/gamesettings_options
369e1458c88e9c1,ui/uieditor/widgets/endgameflow/finalkillcamwidget.lua
36ca36b07a8babb,ui/uieditor/widgets/common/commonrankiconandrankvertical.lua
37113d6053cc9f6,ui/uieditor/widgets/director/directorfeaturedpip
3774149c225021e,ui/uieditor/widgets/hud/fx/emp_scoreinfo.lua
377c0d4608a84b8,ui/uieditor/menus/cac/mpcustomizeclassmenu.lua
379708b5d9807ef,ui/uieditor/widgets/pc/startmenu/audiooptions/startmenu_options_pc_audio_tabcontent
37c24d33c50231f,ui/uieditor/widgets/hud/killcam/killcamkilledbyattachments
37e13d27abeab7d,ui/uieditor/widgets/vehiclehuds/tank_robot/vhud_tank_robot_health.lua
37f8ab1d3296b58,ui/uieditor/widgets/bumperbuttonwithkeymousetext.lua
380814658bed9c7,ui/uieditor/widgets/callingcards/callingcardsset_blackmarketwidget.lua
38218f608ba27da,ui/uieditor/widgets/social/social_callingcardtitle
38c11a77e96e48c,ui/uieditor/widgets/scrollbars/verticalcounter
38c2d6f8294f7ce,ui/uieditor/widgets/arena/arenaslottedruby
38c77ad7100c0f3,ui/uieditor/widgets/zmfrontend/zmaartrialtabroundstatdescriptiontall
392897916d1c986,ui/uieditor/menus/mp/specialisthub/mpspecialisthubtags
3980b8541fad93c,ui/uieditor/widgets/startmenu/options/frames/startmenu_options_frame_graphiccontent
39872a6aa619bf9,ui/uieditor/widgets/notifications/xp/doublexpcardiconsrightaligned
399eb2033b1feff,ui/uieditor/widgets/lobby/mapvote/mapvoteofficial
3a03e6abe332775,ui/uieditor/widgets/directorcustom
3a150731ced9ee9,ui/uieditor/widgets/codcaster/codcasterheadernonteambased.lua
3a59bdc32fff6ae,ui/uieditor/widgets/vehiclehuds/ground/vehicleground_buttonprompts_left_internal
3b08a00709267c0,ui/uieditor/widgets/zmhudwidgets/inventory/zminvobjectiveprogressitemsingle
3b385c2f583048b,ui/uieditor/widgets/zmfrontend/zmloadoutpreviewclasstabs
3b8c4e45eb2b0d7,ui/uieditor/widgets/hud/core_ammowidget/ammowidget_abilitytext
3bf00caa86ae1ba,ui/uieditor/widgets/arena/arenaleagueplayrubiesfour.lua
3c436b318aac2d9,ui/uieditor/widgets/pc/footer/footerbutton_frontend_pc_right.lua
3c7d4722bab293e,ui/uieditor/widgets/itemshop/reserves/reservespreviewcontainer.lua
3cc6addeefa5a0d,ui/uieditor/widgets/itemshop/contracts/contracttallseasonaloverlay
3d30d34081f1dd5,ui/utility/arenaleagueplayutility
3de1d118c0d04aa,ui/uieditor/widgets/arena/arenaleagueplayrubiesthree.lua
3e1a7fcf3dcd934,ui/uieditor/menus/cac/mpcustomizeclassmenu
3e83eb30e215c66,ui/uieditor/widgets/notifications/outofbounds/outofbounds
3e849d1ad47a30f,ui/uieditor/widgets/warzone/warzonequickinventoryitem.lua
3f4ae3c24b7eba1,ui/uieditor/widgets/vehiclehuds/mothership/vhud_ms_statuswidgetbottom.lua
3f52fc5b4896818,ui/uieditor/widgets/hud/core_ammowidget/ammowidgetwz
3f67573d4de18d5,ui/uieditor/widgets/arena/gauntlet/arenagauntletlossslot
3ff924af57d228a,ui/uieditor/widgets/pc/pc_achievement_completedtick
3ffbefb1a302d08,ui/uieditor/widgets/zmhudwidgets/rush/rush_gameover.lua
3ffd950bf99d08e,ui/uieditor/widgets/itemshop/shopitemtall.lua
40610d2417880da,ui/uieditor/widgets/pc/socialmenu/pcsocialmenu_playerlistitem_playerinfos_invitebutton
40642aa291a3bc5,ui/uieditor/widgets/scoreboard/scoreboardgamestatusscoresbacking.lua
40642c5b497fb94,ui/uieditor/widgets/hud/core_ammowidget/ammowidgetzm
40c2fb60fba6534,ui/uieditor/widgets/arena/playerinspection_infopanewinstreak
40d0ea25e914a88,ui/uieditor/widgets/itemshop/reserves/reservesofferscarousel
412f204b59300e7,ui/uieditor/widgets/itemshop/supplychain/emptystreamitem.lua
415ecb5a2473b31,ui/uieditor/widgets/mphudwidgets/readyevents/readyevents.lua
4194bf76c8922a5,ui/uieditor/widgets/cac/loadoutclassitemequipment.lua
41ad734fb8d6d92,ui/uieditor/widgets/common/commonbuttonoutlinethin
41b4f8e8fb49420,ui/uieditor/widgets/director/directorgamerules
41ffe4145e05d98,ui/uieditor/widgets/callingcards/callingcards_dark_ops_master
421ae119202cc1c,ui/uieditor/widgets/scoreboard/wz/scoreboardmapcolumnheadingwz.lua
429f110ccb1ce1c,ui/uieditor/widgets/callingcards/callingcards_survivor.lua
42f4e7dac175b95,ui/uieditor/widgets/arena/leagueplayrubylist
42fb5a218443105,ui/uieditor/widgets/barracks/specialeventprogresspip.lua
4306f8a26f77715,ui/uieditor/widgets/zmfrontend/laboratory/laboratoryoffersheader
431174545b0d4e0,ui/uieditor/menus/lobby/directorfirsttimecontentwarning.lua
436ca41affab12c,ui/uieditor/widgets/director/directorpartyleader.lua
43799ccdc0840bd,ui/uieditor/widgets/aar_t8/rewards/aardailycallingreward_zm.lua
439f8f3f2b50e4b,ui/uieditor/widgets/itemshop/supplychain/supplychainitemreveal
4402dc5b4c9502c,ui/uieditor/widgets/hud/core_ammowidget/ammowidgetmp
445928c36e455a1,ui/uieditor/widgets/zmfrontend/zmloadoutpreviewinfo
44db3c2ca61dd60,ui/uieditor/widgets/pc/categoryexpendablebutton.lua
44dea36183154c7,ui/uieditor/widgets/craft/emblemeditor/emblemoptionsbutton_internal
44fa5c51961bf62,ui/utility/pckoreaeventutility
455868bb803d8b6,ui/uieditor/widgets/itemshop/supplychain/itemshopraritybackgroundstream_ultra
45594c3d3a4e0fc,ui/uieditor/menus/blackmarket/blackjackreservereveal
456446b0e38b5a4,ui/uieditor/widgets/pc/sliderbar_editbox.lua
4578aaa7cc1cf7f,ui/uieditor/widgets/hud/zm_score/zmscrarcade_listing
45a3e857cd4c5d4,ui/uieditor/menus/lobby/directordiadelosmuertospopup
467fecdabbc31f6,ui/uieditor/widgets/cac/overcapacitylist
46beae74db04f11,ui/uieditor/widgets/startmenu/startmenu_barracks_wl.lua
46bf26b01cf874e,ui/uieditor/widgets/pc/dropdownlist_itemcontrol.lua
46d611760879914,ui/uieditor/widgets/craft/emblemeditor/colorpicker/emblemeditorgradientsliderbar.lua
46ea02482b51062,ui/uieditor/widgets/reticles/mp/bowlauncherreticle_l3.lua
4729f604bc84cd8,ui/uieditor/widgets/vehiclehuds/mothership/vhud_ms_missile.lua
472d32d2ed46dc6,ui/uieditor/widgets/scoreboard/zm/scoreboardcolheaderszm
474c5fa5898d2cb,ui/uieditor/menus/lobby/singleplayerinspection.lua
4753a9cfa03ed9a,ui/uieditor/widgets/pc/socialmenu/pcsocialmenu_dropdown_itemlist
476ecb114182cd5,ui/uieditor/widgets/backgroundframes/codpointsupperrightsafe.lua
47803d0fb7647f2,ui/uieditor/widgets/pc/startmenu/dropdown/optiondropdown
47ad39cd4644bf9,ui/uieditor/menus/cac/equipmentselect.lua
47b80b072d5a5bf,ui/uieditor/widgets/cac/weaponattributevaluestat.lua
47d0c77afa59c3a,ui/uieditor/widgets/warzone/warzonekills
488c89835c36151,ui/uieditor/widgets/zmhudwidgets/gameover/zm_hud_gameover_titlesequence
48d139ee608c28b,ui/uieditor/widgets/callingcards/callingcards_marksman_master
493dab312282c85,ui/uieditor/widgets/scoreboard/zm/scoreboardcolheadersrush.lua
498d997a55065bd,ui/uieditor/widgets/director/directorfixedwidthheading
4a7b96d20d665ab,ui/uieditor/widgets/startmenu/startmenu_barracks_wz.lua
4ab260c718adf0e,ui/uieditor/menus/lobby/zm/directorgamemodeselectionzm.lua
4b21995bc257183,ui/utility/optionsutility
4b27017ec234a36,lua/lobby/lobbycharacterselection
4b3d56d3b43c169,ui/uieditor/widgets/challenges/challengesnearcompletionwidgetsummary.lua
4bbf673aa39df6a,ui/uieditor/widgets/scoreboard/scoreboardbuttonprompts.lua
4be77969e21e691,ui/utility/healthutility
4c1e369e15a4502,ui/uieditor/widgets/common/commonctobjectivebacking
4c3c8648b90033b,ui/uieditor/widgets/aar_t8/squadsummary/aarsquadstat.lua
4c5f8b13130c111,ui/uieditor/widgets/cac/overcapacityitem
4cb799f5dd958c7,ui/uieditor/widgets/director/directorquitbuttoncontainer.lua
4cd654db617aa7f,ui/uieditor/widgets/footer/fe_footercontainermain.lua
4ceb8e53c9b511d,ui/uieditor/widgets/zmfrontend/cac/zmelixirslotinternal
4d1a293568ac243,ui/uieditor/menus/zm/laboratoryplasmaconfirmation
4da5948dfbd120e,ui/uieditor/widgets/hud/mp_scorestreakwidget/scrstk_containerwrapper.lua
4de004a73bf771d,ui/uieditor/widgets/endgameflow/playofthematchgamertag.lua
4e541ee3ca43ffb,ui/uieditor/widgets/endgameflow/top3playerscoreblurbox.lua
4e5ed1af1981325,ui/uieditor/widgets/director/directorcustomgamebuttoncountdown.lua
4e6143dbc749ffd,ui/uieditor/widgets/aar_t8/rewards/aarrewardbrackets
4ea97a561b13454,ui/uieditor/widgets/hud/core_ammowidget/ammowidgetzm_clipcontainernew
4eea8c5886bcc40,ui/uieditor/widgets/notifications/perks/notification_perks.lua
4f33e5c5610df98,ui/uieditor/widgets/craft/emblemeditor/emblemoptionsbuttonsmall
4f777317830c75f,ui/uieditor/widgets/callingcards/callingcards_asset_steampunkwarriors_gunarm.lua
50f302cc082885e,ui/uieditor/widgets/startmenu/startmenu_barracks_wz_winrecordcontainer.lua
5121f7cbfe5fa89,ui/uieditor/widgets/genericpopups/kickerinternal
512dc4835b93364,ui/uieditor/widgets/tabbedwidgets/basictablist_trigger
5148915d6751bfb,ui/uieditor/widgets/itemshop/reserves/reservesbuttonlayout.lua
52164f801625c7d,ui/uieditor/widgets/systemoverlays/systemoverlay_saveemblemframe
5263fc2356acd64,ui/uieditor/widgets/aar_t8/squadsummary/aarsquadheader.lua
5299e9177f75b70,ui/uieditor/widgets/aar_t8/summary/aarsummarytab_wz
52ae6e6bd1ae40e,ui/uieditor/widgets/lobby/common/layoutelements/commonanalysingreticle.lua
532e58e627a203b,ui/uieditor/menus/overlaysystem/systemoverlay_messagedialogfull.lua
533db27f86fa0a1,ui/uieditor/widgets/blackmarket/bm_iteminforarityheader.lua
534469b3b305ab3,ui/uieditor/widgets/startmenu/startmenu_changespecialist_ct.lua
53490fcac313c23,ui/uieditor/widgets/cac/mark2bonusexpbadgeingame.lua
5361fa275903692,ui/uieditor/widgets/director/directorlobbypartytierboost
5366803ec4ff15f,ui/uieditor/widgets/aar_t8/rewards/aarclassrewardcacpreview_zm.lua
536c04f2f822bfc,ui/uieditor/widgets/pc/hud/hud_keypromptframe_ultimate.lua
5371c4d1dc8770b,ui/utility/zmlaboratoryutility.lua
539c99b27f758dc,lua/lobby/lobbydebug.lua
539ef5960d4fb3a,ui/uieditor/widgets/aar_t8/scoreboard/aarscoreboardtab.lua
5434ba4b9ce09a9,ui/uieditor/widgets/mphudwidgets/overheadname_wz_nameandnumber.lua
548f7be131df392,ui/uieditor/widgets/pc/startmenu/pc_startmenu_options_description_textbacking.lua
54cc215844d78e6,ui/uieditor/widgets/motd/motd_imagetexttile
54d2cf12c3f263e,ui/uieditor/menus/scriptdebugmenu
550eae11b92ab1a,ui/uieditor/widgets/hud/zm_ammowidgetfactory/zmammo_bgbcarouselbuttonpromptfactory
55277b7437b35ca,ui/uieditor/widgets/callingcards/callingcards_zm_weapons_equipment.lua
555184e47fd236b,ui/uieditor/widgets/codcaster/codcasterportraitplayerlistentryequipment.lua
5555a17b38a327c,ui/uieditor/widgets/backgroundframes/genericmenuframeidentity.lua
55657a807fcb662,ui/uieditor/widgets/director/directortagsui3dplayer
556b09e8a9ff9a4,ui/uieditor/menus/startmenu/popups/startmenu_options_codaccount_manageaccount
55cd1d19edc6aae,ui/uieditor/menus/aar_t8/missionreward/aarmissionrewardoverlay.lua
561b32af46a7942,ui/uieditor/widgets/freecursor/infopanelsubwidgets/freecursorcautioninfo.lua
561c804ce339d2b,ui/uieditor/widgets/footer/footerbuttondoubleprompts
5641520edc05e3a,ui/uieditor/widgets/hud/core_ammowidget/ammowidgetwz_weaponname.lua
56c2e4c54feb25f,ui/uieditor/widgets/notifications/playercard/playercard_nameandclantag.lua
56fad2ca5ee75b7,ui/uieditor/widgets/zmhudwidgets/inventory/zminvphaseditemscontainer
5755ad48a1716dd,ui/uieditor/widgets/reticles/mp/spectrelocklinearrows
5766c26af1418aa,ui/uieditor/widgets/arena/arenaeventprogressbuttoninternalleagueplay
58cb5f0000318c0,ui/uieditor/widgets/craft/emblemeditor/colorpicker/emblemeditorcolortypeheader.lua
58cdf7560ead05e,ui/uieditor/widgets/pc/dropdownlistitem.lua
58e9a6c261d09b7,ui/uieditor/widgets/mp/specialisthub/hubtagbonusbutton
58ef3dc679b99f5,ui/uieditor/widgets/craft/emblemeditor/emblemrenamebutton_internal.lua
594e6fd2748e02e,ui/uieditor/widgets/vehiclehuds/wasp/vhud_sentinel_notificationsignalbox.lua
595834f2b669b05,ui/uieditor/widgets/itemshop/reserves/reservespromointernal
5961cd5db9b340a,ui/uieditor/widgets/aar_t8/rewards/aarclassreward_zm.lua
5972a15b60b6833,ui/uieditor/widgets/codcaster/codcasterobjectivestatushardpoint
59801e90257f7d0,ui/uieditor/widgets/aar_t8/missionreward/aarmissionreward_characterlistitem.lua
598247ba78d0c5c,ui/uieditor/widgets/pc/socialmenu/pc_battlenetfriend_addfriend_name.lua
59df86be7ead1a6,ui/uieditor/widgets/cac/weaponattributesbar.lua
5a13526379cc0c3,ui/uieditor/widgets/pc/changelayerarrows
5a200f34f204028,ui/utility/bitutility.lua
5aa976dcea9075a,ui/uieditor/widgets/codcaster/codcastersettingssidebarsettingstext.lua
5ab2d47ad5fd1bb,ui/uieditor/widgets/leaderboard/leaderboardrow
5ae5c2fbe66bbe1,ui/uieditor/widgets/pc/footer/footerbutton_frontend_pc_right
5ae611d1f720140,ui/uieditor/widgets/arena/arenaeventprogressbuttondailybonus.lua
5af0e48fc62bd85,ui/uieditor/widgets/barracks/specialeventrewardswidget.lua
5b340ffa58f4818,ui/uieditor/widgets/pc/battlenetfriendlist/pc_battlenet_addfriend_information.lua
5b996a85e104bf9,ui/uieditor/widgets/pc/startmenu/controlsoptions/pc_startmenu_options_controls_tabcontent_keybinding_previewbutton
5bfcd9685d44495,ui/uieditor/widgets/hud/core_ammowidget/ammowidget_oic_bulletpip.lua
5c0831b3441e5d1,ui/uieditor/widgets/startmenu/options/startmenu_options_controllerlayout_durango.lua
5c0baaa40b07706,ui/uieditor/widgets/itemshop/itemshoppreviewbuttoninternal
5cefe6e3fa3bde1,ui/uieditor/widgets/aar_t8/rewards/aarrewarditem_zm.lua
5d1185ed0a5c4a2,ui/uieditor/widgets/callingcards/callingcards_blackmarket_set_widgetinternal
5d1faa058a65aae,ui/uieditor/widgets/social/social_managepartyplayerbutton
5d32bf1798e8717,ui/uieditor/widgets/blackmarket/bm_goldbarmed.lua
5db5947c06d1028,ui/uieditor/widgets/zmfrontend/zmaargenericalltimestatwidget
5dd6b0129a00394,ui/uieditor/widgets/blackmarket/contracts/bm_activecontractitemrewardscontainer.lua
5de488f119cdd59,ui/uieditor/widgets/codcaster/codcasterobjectivestatusdominationsite
5df93c12e5d642f,ui/uieditor/widgets/store/storerightpane
5e4dfc685aa0399,ui/uieditor/widgets/hud/zm_score/zmscr_arcade.lua
5e7a7999bfb1dab,ui/uieditor/widgets/freecursor/infopanelsubwidgets/freecursorbuttonpromptinfo.lua
5e910b95ec6090c,ui/uieditor/menus/hud/hud
5e96aec1395b6a4,ui/uieditor/menus/cac/supportselection
5e9cbf7380a884d,ui/uieditor/widgets/reticles/blackcell/target
5ebe1d17ed0d7b9,ui/uieditor/widgets/fileshare/allowdownload
5f014b1ac7714f9,ui/uieditor/widgets/itemshop/contracttalldesccontainer
5f2f57aae2b9415,ui/uieditor/widgets/vehiclehuds/mothership/vhud_ms_internal
5f5ba7cc9f04cc9,ui/uieditor/widgets/vehiclehuds/mothership/vhud_ms_modleft.lua
5f8e1433d5dbb2b,ui/uieditor/luielems/zm/zm_game_timer
5fc98445a0443d6,ui/uieditor/widgets/common/commonlistbuttongeneric.lua
60122dedbaee54f,ui/uieditor/menus/codcaster/codcastersettingssidebar.lua
606f9d8814cb296,ui/uieditor/widgets/arena/arenarankwidgetinternal
60a9abf9563aa00,ui/uieditor/widgets/leaderboard/leaderboardheader
611604cf231c02f,ui/uieditor/widgets/vehiclehuds/genericvhudprogressbar.lua
614b957d206f438,ui/uieditor/widgets/zmfrontend/zmgamemodetabs
61bafcd8a58b3f2,ui/uieditor/widgets/pc/startmenu/graphicsoptions/startmenu_options_pc_graphicsoptions_vrambar.lua
61cc5331b3e00eb,ui/uieditor/widgets/challenges/challengesframewidgetcareerwz
6225780384cd835,ui/uieditor/widgets/callingcards/loot4/ui_icon_callingcards_assassin_fastlines.lua
622b9213761be14,ui/uieditor/widgets/zmfrontend/zmaartrialtabroundstatdescription
6266bc47a5bcd84,ui/utility/zmloadoututility
627acccfff73328,ui/uieditor/widgets/social/social_partymembericonlarge.lua
62e6ca0522146d1,ui/uieditor/widgets/notifications/notificationqueuewidgets/lootcontractcompletenotification.lua
6305061204ca253,ui/uieditor/widgets/mp/specialisthub/hubequipmentitem.lua
63064af943947c3,ui/uieditor/widgets/mphudwidgets/outofbounds/outofbounds_warningboxwidget
6345550b3ecd53b,ui/uieditor/widgets/zmhudwidgets/hud_zm_timer.lua
634ff08c483156e,ui/uieditor/widgets/director/directorleaderactivitymain.lua
6398e4f9aeb3650,ui/uieditor/widgets/helperwidgets/textwithbg
639959d95a7764b,ui/uieditor/widgets/mphudwidgets/outofbounds/outofbounds_timerwidget
63d35b2a6df5c3a,ui/uieditor/widgets/hud/core_ammowidget/ammowidgetmp_ultimate.lua
642ea9f42b8a053,ui/uieditor/widgets/itemshop/contracts/contractseasonalpromobacker.lua
643b8fdb3d4b80f,ui/uieditor/widgets/cac/weaponvariants/weaponvariantpipfocus.lua
64619a3a1f40886,ui/utility/textutility.lua
646a07e99645d21,ui/uieditor/widgets/aar_t8/rewards/aarplayerreward.lua
649d831248f76c2,ui/uieditor/widgets/notifications/playercard/playercard
64a04863b75c103,ui/lui/luifixedaspectratioimage.lua
64eb45e4c7da785,ui/uieditor/widgets/aar_t8/summary/aarstattypetabheader.lua
65197c85759a127,ui/uieditor/widgets/hud/gameendscore/gameendscorematchbonus.lua
652d849e95b89fb,ui/uieditor/widgets/pc/notifications/pc_notif_timechoicebuttoncontainer
6572f6a0a4b577b,ui/uieditor/widgets/scoreboard/scoreboardwidget.lua
6669753da94afe4,ui/uieditor/widgets/notifications/medals/notification_medals
668e46a23d29ab2,ui/uieditor/widgets/mphudwidgets/waypointcombattrainingtarget
669bb20129a714a,ui/uieditor/widgets/hud/speedometer/hud_speedometer_widget.lua
66c83e047dfaf3f,ui/utility/maputility
66e1142b7b181cd,ui/utility/inspectionutility.lua
6703fbb28e573aa,ui/utility/modelutility
6760210a0c78422,ui/uieditor/widgets/common/commonbuttongeneric.lua
67940364f14a232,ui/uieditor/widgets/director/directorpregamebutton
67caa22e5dad7e1,ui/uieditor/menus/hud/hudelementimage
684eae06943ba43,ui/uieditor/menus/overlaysystem/systemoverlay_nobg.lua
68669756704846e,ui/uieditor/widgets/genericpopups/codpoints_container
68fec138bdcdc95,ui/uieditor/widgets/startmenu/startmenu_quit
69986cbfc302c5a,ui/uieditor/widgets/common/commoninformationframe.lua
6a09e0fce4b9806,ui/uieditor/widgets/pc/dropdownlistitem
6a28b92b4010049,ui/uieditor/widgets/codcaster/codcasterteamscoreboardcolor
6a31173ca2293cf,ui/uieditor/widgets/aar_t8/merit/meritoverlaymanuallayoutvertical
6a866391524bb19,ui/uieditor/widgets/cac/cacwildcardselectionanimcontainer
6aaeb974f6f203d,ui/uieditor/widgets/callingcards/callingcards_asset_pirates_mast.lua
6ae22f240fb90f7,ui/uieditor/widgets/tablet/tableticepickgadget.lua
6b6b417224e88ee,ui/uieditor/widgets/startmenu/wz/startmenu_inventorydescription_internal
6b6f2b27c486b15,ui/uieditor/widgets/hud/gameendscore_wz/gameendscore_eliminatorcontainer
6b7fb257c573fee,ui/uieditor/widgets/vehiclehuds/gunship/vhud_gunship_ammocounterframe.lua
6b7fc557f641386,ui/uieditor/menus/hud/hud_mp_ct_require
6c769517e53b93e,ui/uieditor/widgets/reticles/rocketlaunchers/rocketlauncherreticle_ui3d.lua
6cc2ab699aef0ab,ui/uieditor/widgets/itemshop/itemshoppreviewbutton.lua
6cd559b6a8e9420,ui/uieditor/widgets/callingcards/callingcards_asset_pirates_armwithgun.lua
6cfb14ab0b137a5,ui/uieditor/widgets/wzaar/wzaar_meritprogressbar
6d4fe56f0a0f80f,lua/lobby/matchmaking/lobbymatchmakingdedicated
6d574124104100d,ui/uieditor/widgets/craft/emblemeditor/stickersetitem.lua
6d88601770c0432,ui/uieditor/widgets/main/startlabel
6d8a96db68e2e48,ui/uieditor/menus/demo/demofileshareupload
6ea41c16ab56c2b,ui/uieditor/widgets/itemshop/supplychain/supplychainiteminternal
6eed72e6ec8da5d,ui/uieditor/widgets/reticles/infinite/lmginfinitereticle_ammobar
6f25fae258fa9b9,ui/uieditor/widgets/zmfrontend/directorzmtrialsinfodescriptiontall.lua
6f654a80d1f9e86,ui/uieditor/widgets/itemshop/itemshopslottimer
6f7a06f286b9ee5,ui/uieditor/widgets/notifications/playercard/playercard_nameandclantag_internal.lua
6fdf3ce4c17c64e,ui/uieditor/widgets/director/directordraftselectloadout
6fe8f1a60e44e6d,ui/uieditor/widgets/codcaster/directorcodcasterteamsettings.lua
7021fe3cd1ed559,ui/uieditor/widgets/zmfrontend/zmaartrialtabroundlistinternal
703bd1af14937c1,ui/uieditor/widgets/vehiclehuds/turret/vhud_turret_reticle.lua
711d3d60ba5b91e,ui/uieditor/widgets/social/social_inbox
71c4c59d812255d,ui/uieditor/widgets/lobby/lists/localserverrowlist
724ff42701198ce,ui/uieditor/widgets/challenges/challenges_profilerlock
726e5463215c267,ui/uieditor/widgets/callingcards/callingcards_futureracing.lua
72847afe3a7a608,ui/uieditor/widgets/chat/chatclientchatentryplayername
729220b1154af14,ui/uieditor/widgets/startmenu/startmenu_options_slider
72b4a1e69ac48fb,ui/uieditor/widgets/verticalscrollingtextcontainer
731d69e20f42220,ui/uieditor/menus/arena/leagueplayendrankup.lua
737af9686f6d9e5,ui/uieditor/widgets/mp/specialisthub/hubinfostripe
739b7ac80d17ff4,ui/uieditor/widgets/zmhudwidgets/hud_zm_arcade_multiplier.lua
73ce00d1c7db4c5,ui/uieditor/widgets/leaderboard/leaderboard
73e65f5d72e1107,ui/uieditor/widgets/systemoverlays/systemoverlay_divisionplacement.lua
73f08b6ab91b22d,ui/uieditor/widgets/callingcards/loot3/ui_icon_callingcards_invasion_lamb2.lua
74bc54d99844536,ui/uieditor/widgets/director/directorleaderactivitymain
755bea46e848bd7,ui/uieditor/widgets/callingcards/callingcards_asset_superheroes_speed_hero.lua
7574986257eb14e,ui/uieditor/widgets/hud/mpgametypes/mppropcontrolssafeareacontainer
75e2a524b093c12,ui/uieditor/widgets/pc/utility/xcammousecontrol
76aaae978a45f48,ui/uieditor/widgets/mphudwidgets/waypointicon.lua
76b95a27dbbd7a3,lua/shared/codshared.lua
76fa323de4745ba,ui/uieditor/widgets/cac/restricteditemwarning
76fc1bc064bd506,ui/uieditor/widgets/hud/map/circularcompass.lua
7757ffe244726b9,ui/uieditor/widgets/hud/mp_hacked/hud_hacked_score_widget
780c1e32038fe94,ui/uieditor/widgets/callingcards/loot3/ui_icon_callingcards_dystopian_armmove
780cd441e3fce13,ui/uieditor/widgets/vehiclehuds/mothership/vhud_moddnitime.lua
788fb6669952bc8,ui/uieditor/menus/leaderboard/leaderboard_main.lua
78c9be6c9bba008,ui/uieditor/widgets/zmfrontend/zmloadoutpreviewindexitem
78cb49bd89a1c9b,ui/uieditor/widgets/hud/core_ammowidget/ammowidget_weaponimage.lua
78deaf7ac426549,ui/uieditor/widgets/pc/startmenu/graphicsoptions/pc_startmenu_options_safeareaborder_vert.lua
78f4d5c8595db54,ui/uieditor/menus/zm/zmperkselect.lua
790ed847e916d0e,ui/uieditor/widgets/scoreboard/scoreboardcorestat
7982d78b488e811,ui/uieditor/widgets/vehiclehuds/wasp/vhud_sentinel_centerreticle
799e1281a218f75,ui/uieditor/luielems/initial_black
79a07f777adb0b0,ui/uieditor/widgets/hud/zm_score/zmscr_trialssm.lua
79da3689745d2ea,ui/uieditor/widgets/pc/pc_achievement_completedtick.lua
79f6b141a9b2dfa,ui/uieditor/widgets/pc/hud/hud_keypromptframe.lua
79fe6ac43673588,ui/uieditor/widgets/challenges/challenges_framewidget_titlebackground
7a3e946bc91efbd,ui/uieditor/widgets/hud/centerconsole/centerconsoleentry
7a4c7c9d03a1688,ui/uieditor/menus/startmenu/popups/startmenu_options_codaccount_signin
7b1432f1ac1e159,ui/uieditor/widgets/cplevels/cpholdtoskipscenebutton.lua
7b2b59e28ed4c45,ui/uieditor/widgets/notifications/notificationqueuewidgets/weaponlevelupheaderright
7b96a631d37bb1a,ui/uieditor/widgets/zmhudwidgets/hud_zm_trial_medal.lua
7bad28866a7aa04,ui/uieditor/menus/cac/zmcustomizeclassmenu.lua
7bf65beaf8ed51f,ui/uieditor/widgets/cac/restricteditemwarningbar.lua
7c0d4632928e490,ui/uieditor/widgets/itemshop/supplychain/reservedealswidget.lua
7cced5eedbb6965,ui/uieditor/widgets/callingcards/callingcards_cowboybounce
7cd385da3abb8bd,ui/uieditor/menus/mp/specialisthub/mpspecialisthubinspect
7d597833010ad9e,ui/uieditor/widgets/barracks/zmspecialeventwidget.lua
7d860b05315d939,ui/uieditor/widgets/motd/motd_notext_heavyimage.lua
7dfe161e7d01f70,ui/utility/deathcamutility
7e1697b8a432349,ui/uieditor/widgets/zmhudwidgets/zm_restart_level_prompt
7e3a55581543326,ui/uieditor/widgets/cac/weaponselect/signatureweapongriditem.lua
7e6d51786e594f7,ui/uieditor/widgets/tablet/tableticepickgadget_bgelementgraph.lua
7e88de2d7c76449,ui/uieditor/widgets/commonlistbuttongenericinternal
7e9e8a60f01e1da,ui/uieditor/widgets/hud/gameendscore_wz/gameendscore_gamestatus.lua
7f38bcc06e29100,ui/uieditor/widgets/callingcards/loot4/ui_icon_callingcards_assassin_victim
7f4f6799560f050,ui/uieditor/widgets/vehiclehuds/ground/vehicleground_irisoutterdigi
8025879e81c70ca,ui/uieditor/widgets/arena/arenaprogresswidgetrubyinfo.lua
807442b5c06c705,ui/uieditor/widgets/systemoverlays/systemoverlay_layout_genericforeground_freecursor_full.lua
808faf6d9d2d66e,ui/uieditor/menus/overlaysystem/systemoverlay_messagedialog.lua
80ab69a4be957fe,ui/uieditor/widgets/callingcards/callingcards_specialistzombies
8102a5dd9f1e595,ui/uieditor/widgets/aar_t8/tierreward/aartierbar.lua
81579bb8998d181,ui/uieditor/widgets/warzone/warzoneusetimerdeposit.lua
81feaeb195cd2e0,ui/uieditor/widgets/social/social_managepartyplayerrealnamecontainer
8200d5b8b521830,ui/uieditor/widgets/mphudwidgets/sprintmeter/sprintmetercontainer
82372c100a5df49,ui/uieditor/widgets/arena/arenadivisionplacementbonusinternal.lua
825848d133053da,ui/uieditor/widgets/startmenu/startmenu_options_graphics_colorblindminimappreview.lua
8293fdfde8af5f3,ui/uieditor/widgets/hud/obituary/obituaryblurbacking
82f4dc398677e14,ui/uieditor/widgets/gamesettings/gamesettings_restriction.lua
8331e578ea6f7a5,ui/uieditor/widgets/reticles/infinite/lmginfinitereticle
8347d5f2f2313ae,ui/uieditor/widgets/charactercustomization/personalizecharacter_safeareacontainer.lua
83874f31b30f344,ui/uieditor/widgets/aar_t8/rewards/aarrewardbacker.lua
83bb203d9d8f00c,ui/uieditor/widgets/aar_t8/tierreward/aartierrewarddupeindicator.lua
8439c7c25a2cdf6,ui/uieditor/widgets/itemshop/contracts/purchasecontract_stateindicator.lua
8593daf70453cff,ui/uieditor/widgets/demo/democontrolsbuttondollycameratimescale.lua
859c15b7c7c3870,ui/uieditor/widgets/mphudwidgets/bountyhunter/bountyhuntertrackbuy.lua
8615548a0a37d83,ui/uieditor/widgets/motd/motd_buttoncontainer.lua
86b5c16b714b7e3,ui/uieditor/widgets/director/directorpregamesetupmatchcontainer.lua
86de590d97533bf,ui/uieditor/widgets/scoreboard/tabbedscoreboardheaderscores
8718c33ab0b5b73,ui/uieditor/widgets/vehiclehuds/hellstorm/vhudhellstormframeleft
88b6b9c29333aa1,ui/uieditor/widgets/startmenu/options/flyout/startmenu_options_settingsliderlist.lua
89269e9b52711e3,ui/uieditor/widgets/vehiclehuds/hellstorm/vhud_hellstorm_reticle
89878ff0f4b1661,ui/uieditor/widgets/hud/gameendscore/gameendscoreenemybacker.lua
899841f5c56728a,ui/uieditor/widgets/common/commonidentitywidgetstreamlinedinternal
89b8bf47fae612b,ui/uieditor/widgets/hud/invalidcmdprompt
89beb0fa2c0e1e2,ui/uieditor/widgets/arena/leagueplayleaderboardentryselection.lua
8a3543a913958f1,ui/uieditor/widgets/blackmarket/contracts/bm_contractprogress
8aedb8c71f568d4,ui/uieditor/widgets/vehiclehuds/mothership/vhud_ms_reticle
8af160706e5b427,ui/uieditor/widgets/entitylockon/grenadewarningarrow.lua
8b3af522c6cb7a3,ui/uieditor/widgets/minimap/minimapdetected
8c3717b96f3fbd8,ui/uieditor/widgets/notifications/notification
8c77f008a7e3814,ui/uieditor/widgets/hud/mpspraysandgestures.lua
8cb8a6fb6d8ea5a,ui/uieditor/widgets/mphudwidgets/gametypescoreinfo/sddemobjectivenotification
8d34de71e322a0d,ui/uieditor/widgets/startmenu/startmenu_contracts.lua
8d447a0d3920f3e,ui/uieditor/widgets/progressbar
8d864d16bcfbb10,ui/uieditor/widgets/gamesettings/gamesettings_gamemodename.lua
8db2f3c7352224c,ui/uieditor/widgets/startmenu/startmenu_options_slider_item_arrow
8e03a378254c2ba,ui/uieditor/widgets/hud/core_ammowidget/ammowidgetmp_healcooldown.lua
8ee2deebbd020ca,ui/uieditor/widgets/hud/gameendscore_wz/gameendscore_gamestatusplayerleft
8f207d5edcd36f8,ui/uieditor/widgets/battlenet/frontendbattlenetcontainer.lua
8f2ebd56e67c263,ui/uieditor/widgets/warzone/warzonemapkeyitemwithplayericon.lua
8f9e828ebdeac4c,ui/uieditor/menus/hud/hud_wz_require
8fae367edb12f66,ui/uieditor/widgets/itemshop/reserves/reservesmeter
8fb7d94e0508ba3,ui/uieditor/widgets/callingcards/loot3/ui_icon_callingcards_stpatricks
8fd3bbfccedd522,lua/lobby/process/lobbyactions
909a1c8890f8571,ui/uieditor/widgets/zmhudwidgets/inventory/zminvchallengesbackinginternal
90d35a4c67e29f1,ui/uieditor/widgets/tablet/swipetak5/swipetak5_confirmbutton
90da90caea64b87,ui/uieditor/widgets/hud/prematchcountdown/prematchcountdown.lua
90e5802c3012927,ui/uieditor/widgets/vehiclehuds/mothership/vhud_ms_seating.lua
9192fe77b82a1cb,ui/uieditor/widgets/hud/gameendscore/gameendscoreteamicon.lua
91ac5934d0654c2,ui/uieditor/widgets/zmfrontend/zmaartrialtabroundstat
91c07e7f04c49f8,ui/uieditor/widgets/pc/notifications/pc_notif_timechoicebutton.lua
92108be6ad11f5e,ui/uieditor/widgets/itemshop/itemshoppreviewbuttoninternal.lua
92203a9cd6e0a04,ui/uieditor/widgets/zmhudwidgets/hud_zm_flare_multiplier.lua
9258f7404e4ba1d,ui/uieditor/widgets/directorpregame
92778f6892c4333,ui/uieditor/widgets/aar_t8/summary/aarcompacthistorymessage
9296064b84bca5f,ui/uieditor/widgets/loadinganimation/animationloading2
929e9d2e3a23426,ui/uieditor/widgets/scoreboard/tabbedscoreboardrowinternal.lua
92ca69ce533bdf7,ui/uieditor/widgets/pc/pc_smallclosebutton.lua
92d0295b7be4310,ui/uieditor/widgets/pc/startmenu/graphicsoptions/startmenu_options_pc_graphicsoptions_descriptionimage.lua
92e2bf6a2ad004f,ui/uieditor/widgets/mp/mpdamagefeedback.lua
92fb314b5b15c9b,ui/uieditor/widgets/hud/core_ammowidget/ammowidgetwz_clipinfo.lua
92fd2e88da40d76,ui/uieditor/widgets/mphudwidgets/bountyhunter/bountyhunterweaponbuyinternal.lua
933677b53ebacbc,ui/uieditor/menus/social/social_main
93c954e1bf5b7b1,ui/uieditor/widgets/leaderboard/leaderboard_gamemodebutton_internal.lua
93cfe4215a465a6,ui/uieditor/widgets/pc/pc_connectionqueuingoverlay.lua
940639f742017ba,ui/uieditor/widgets/charactercustomization/wzpersonalizecharacter_standardframewidget.lua
9406ef3b6d8fbed,ui/uieditor/widgets/zmfrontend/zmloadoutpreviewactiveclass
940dbe1c061515b,ui/uieditor/widgets/cac/weaponattachmentselect/attachmentslot.lua
942c32c73c07c1c,ui/uieditor/menus/lobby/directorfindgamewz.lua
945348cbcaea7d0,ui/uieditor/widgets/common/commonplasmacurrency
9502dd8f27343be,ui/uieditor/widgets/chat/fakechatpreview.lua
95543818e8415de,ui/uieditor/widgets/itemshop/supplychain/supplychaindetailimage3d.lua
957cf7f1c5a1070,ui/uieditor/widgets/zmfrontend/laboratory/laboratorylistitemnebuliumplasmadiscount_internal.lua
95d614a0f80206e,ui/uieditor/widgets/challenges/challenges_percentcompletewidget_lg
95eddaed66d3425,ui/uieditor/widgets/warzone/warzoneusetimercowardsway
960383123cd2d0b,ui/uieditor/widgets/lobby/lists/members/lobbyleadericon
9630588b9a3dd86,lua/shared/codloadoutsshared.lua
968c1184b4e18e3,ui/uieditor/menus/lobby/directorfirsttimesafearea.lua
96a7f52b396ecf6,ui/uieditor/widgets/startmenu/startmenu_options_numoption
96ef9db9985e1a0,ui/uieditor/widgets/startmenu/options/flyout/startmenu_options_settingbutton_wrapper
96f817b98c0dcfd,ui/uieditor/widgets/hud/obituary/obituarycalloutcontainerdamagedealt.lua
975a64de269f415,ui/uieditor/widgets/chat/chatautocompleteaction
97c69163c9e8d31,ui/uieditor/widgets/mphudwidgets/outofbounds/outofbounds_box_arrow
980db190f12e8f6,ui/uieditor/widgets/zmfrontend/armory/armory_weaponlistwidget.lua
981a67274e42f0a,ui/uieditor/menus/cac/popups/classselectslideoutpopup.lua
983ddadf96d56f1,ui/uieditor/widgets/cac/cac_buttonboxlrginactivediags
98e4f8f777bd38e,ui/uieditor/widgets/hud/scoreinfo/scoreinfoprop.lua
98e71b0aa2a4ac6,ui/uieditor/widgets/challenges/challenges_percentcompletewidget_lg.lua
98f657bdbe677aa,ui/uieditor/widgets/directorcommonpartylists
990dffd51161fc3,ui/uieditor/widgets/hud/scoreinfo/scoreinfo_scorebarwidget.lua
994b39b700bc4fe,ui/uieditor/widgets/scoreboard/wz/scoreboardmaprowheadings
99620e6cffb22a8,ui/uieditor/widgets/callingcards/loot4/ui_icon_callingcards_fairytales_finger4.lua
99900419534d7a5,ui/uieditor/widgets/hud/zm_roundwidget/zmrndcontainer.lua
99f0edd3439a8b1,ui/uieditor/widgets/hud/deadspectate/deadspectate_internal
99fcad07720b995,ui/uieditor/widgets/vehiclehuds/mothership/vhud_ms_damagesidecontainer
9a43ad984381f31,ui/uieditor/widgets/pc/pc_fullscreenpopup_buttons.lua
9a4c1484cc5d19c,ui/uieditor/widgets/pc/pc_achievementdetailedview_desc.lua
9ae5d4a0d5c91ba,ui/uieditor/widgets/cac/weaponattributestat.lua
9b2cc32b11e07c6,ui/uieditor/widgets/social/social_inviteplayersheader.lua
9b374e8b15ce3f4,ui/uieditor/menus/craft/emblemeditor/decalgroupoptions.lua
9c229ee624f5b47,ui/uieditor/widgets/aar_t8/levelup/aarlevelupoverlay_leveluptextinternal
9c42cbc3342d85e,ui/uieditor/widgets/hud/mpgametypes/oic_lifepip.lua
9cf972ce01824d6,ui/uieditor/widgets/utilities/imageprompt_internal.lua
9d187b5785a45d7,ui/uieditor/widgets/mphudwidgets/bountyhunter/bountyhunterbank
9d489ecf24ba3b2,ui/uieditor/widgets/mphudwidgets/waypointcapturedpercentmessagecontainer.lua
9d4a19cc877873b,ui/uieditor/widgets/aar_t8/missionreward/aarmissionreward_playerrank
9d67c634d14a6ef,ui/uieditor/widgets/craft/paintshop/paintshopsafeareacontainer.lua
9d68986bd32e9fe,ui/uieditor/widgets/zmfrontend/zmaarstampwidget
9dd08a867cf8ebd,ui/uieditor/widgets/minimap/minimaphelper.lua
9e0b64d166404c9,ui/uieditor/widgets/startmenu/startmenu_options_sliderbar.lua
9e0c5e651384e1b,ui/uieditor/widgets/pc/startmenu/controlsoptions/pc_startmenu_options_controls_keybind
9e1413e38cfb3c3,ui/uieditor/widgets/competitive/competitiveaardivisionrankawardtittle.lua
9e2dbe056616c47,ui/uieditor/widgets/pc/startmenu/chatoptions/startmenu_options_pc_chatoptions_suboptionsnavigation
9e543a523f22ff4,ui/uieditor/widgets/mphudwidgets/waypointcenter.lua
9e604e34994a627,ui/uieditor/widgets/social/social_options_slidernarrow.lua
9e8fe372729993a,ui/uieditor/widgets/hud/gameendscore/gameendscoreteambacker.lua
9ece87b7346c8a9,ui/uieditor/widgets/mphudwidgets/waypointarrowcontainer.lua
9ed7c53a2620e2a,ui/utility/scorestreakingameutility.lua
9f36e58fca789e6,ui/uieditor/widgets/arena/leagueplayendrankuprankicon
a05d396c91b3e63,ui/uieditor/widgets/hud/core_ammowidget/ammowidgetmp_clipinfo
a091ab6a5fe0db0,ui/uieditor/menus/zm/laboratory.lua
a14b4016e311d38,ui/uieditor/widgets/notifications/notificationqueuewidgets/notificationrewardqueue
a1a44f18f08653a,ui/uieditor/soundsets.lua
a1c585b61653663,ui/uieditor/widgets/mphudwidgets/sprintmeter/sprintmeterarrows.lua
a1fc96c353523a6,ui/uieditor/widgets/customgames/customgames_restrictions_button.lua
a20c338941ade19,ui/uieditor/widgets/itemshop/itemdetails
a2162cd5c46b534,ui/uieditor/menus/fileshare/popups/fileshareoptions
a22e4c82c4ffe1a,ui/uieditor/widgets/cac/caccustomclasslistbutton
a240ce7f5fae27f,ui/uieditor/menus/itemshop/purchasecontractconfirmation
a2599421197984c,ui/uieditor/widgets/zmhudwidgets/hud_zm_perks_disabled_container
a25a1ea025a3047,ui/uieditor/menus/zm/armory.lua
a2cc8976ed23254,ui/uieditor/widgets/mp/specialisthub/hubtagpreview
a306b016a6f8eae,ui/uieditor/widgets/common/commondetailpanel.lua
a30bedc2bfc4fd7,ui/uieditor/widgets/itemshop/reserves/reservespromocontainer.lua
a32468f746a1927,ui/uieditor/widgets/mphudwidgets/bountyhunter/bountyhunterbagmoney.lua
a366e6217d17113,ui/uieditor/widgets/callingcards/loot4/ui_icon_callingcards_fairytales_wristgroup.lua
a3a32c98f4e04e0,ui/uieditor/widgets/startmenu/options/startmenu_options_privacysettingsstatewidget.lua
a401cb5825ed691,ui/uieditor/widgets/hud/gameendscore/gameendscoreoutcome.lua
a4325172a83c66b,ui/uieditor/widgets/vehiclehuds/mothership/vhud_ms_hashrotateright.lua
a471a8e7d63dcd5,ui/uieditor/menus/craft/emblemeditor/emblemeditoroptions.lua
a4a7b10ed1e6395,ui/uieditor/widgets/callingcards/callingcards_asset_stingertail.lua
a4a894ab1ae091b,ui/uieditor/widgets/warzone/warzone_emp_ammo.lua
a4c66f8a4f20d9a,ui/utility/zmammowidgetutility.lua
a4d2d7955856bd4,ui/uieditor/widgets/callingcards/loot3/ui_icon_callingcards_dystopian.lua
a4dad74ff0ff2b9,ui/uieditor/widgets/hud/zm_panels/zmpanel_rndint.lua
a55d526b066c741,ui/uieditor/widgets/craft/emblemeditor/decallistframe.lua
a5759ea6b0b2b55,ui/uieditor/widgets/systemoverlays/systemoverlay_freecursor_full_basicframe.lua
a5be31f9e599883,ui/uieditor/widgets/director/directorfeaturedcarousel
a5ddaaf6663d025,ui/uieditor/widgets/hud/equipment/emp/emprebootelectromagneticwidget.lua
a70e8c3b3266263,ui/uieditor/widgets/hud/gameendscore/gameendscorematchbonus
a717195745124e1,ui/uieditor/widgets/warzone/wzpersonalizeweapon_weaponlistwidget.lua
a72a59704fc8a51,ui/uieditor/menus/core_ui_require.lua
a796fe42e082379,ui/uieditor/widgets/zmfrontend/laboratory/laboratoryspecialoffers
a8484b7c2852c2e,ui/uieditor/widgets/cplevels/cpholdtoskipscenetext
a856b7e1f132c4a,ui/uieditor/widgets/vehiclehuds/hellstorm/vhud_hellstormlayouttracker.lua
a8fa0931078710f,ui/uieditor/widgets/hud/deadspectate/deadspectate
a92edec83b09daa,ui/utility/consoleutility
a94557301609cd0,ui/uieditor/widgets/itemshop/reserves/reserveslootpurchasebundlebutton
a94b7ac81065f2f,ui/uieditor/widgets/challenges/challengesframewidgetoperationswz
aa01176ad38dae8,ui/utility/bgbutility
aaa2f6ba4984209,ui/uieditor/widgets/pc/pc_codaccount_editableoption
aae0175b0460dae,ui/utility/frontendcacutility
ab8f7f2a4bde709,ui/uieditor/widgets/craft/craftlayercount
abb084900a6ef15,ui/uieditor/widgets/cac/callouttierinternal.lua
abd9d2111472f07,ui/uieditor/widgets/demo/demobuttonprompt
abd9ef3c5712622,ui/uieditor/widgets/tablet/tak5/tablettak5_linkall.lua
ac2a0af157cb6fa,ui/uieditor/widgets/zmhudwidgets/inventory/zminvquestitemscontainer.lua
ac32ca69bf04e81,ui/uieditor/widgets/arena/leagueplayruby.lua
ac361cc99fca14f,ui/uieditor/widgets/aar_t8/scoreboard/aarscoreboardsafearea.lua
ac85c8dac8dcb00,ui/uieditor/widgets/craft/emblemeditor/decaltoolsframe.lua
acbf2386071ad5f,ui/uieditor/widgets/challenges/challenges_mp_stickerbook_combattraining.lua
acce9e739ed6eb0,ui/uieditor/widgets/codcaster/codcasterplayerlist
ace9434f0901742,ui/uieditor/widgets/freecursor/infopanelsubwidgets/freecursorheaderlabel
ad25b4bd09d0d91,ui/uieditor/widgets/cacwildcardselectionanimation
ad2d919ff3dff22,ui/uieditor/menus/pcui/startmenu/pc_startmenu_options_new.lua
ad39ca2255e5caf,ui/uieditor/widgets/vehiclehuds/dart/vhud_dart_timebar
ad76813ba32e254,ui/utility/wzutility.lua
ad86e26de1fa54e,ui/uieditor/widgets/reticles/rocketlaunchers/rocketlauncherreticle
ade61cc095aa2bc,ui/uieditor/widgets/pc/pc_reporttextbox
aecad6b1130ceee,ui/uieditor/luielems/zm_laststand/zm_laststand_client
aecb9e4f090049c,ui/uieditor/widgets/vehiclehuds/mothership/vhud_ms_notificationoptic.lua
af03fe39db3bf9a,ui/utility/zmammowidgetutility
af163677d519a41,lua/shared/luadefine.lua
af4e51df8cc3e18,ui/uieditor/widgets/mphudwidgets/waypoint_textwithbgtraining.lua
af6e1839a920a14,ui/uieditor/widgets/showhideimage.lua
afa248f22aa7174,ui/uieditor/widgets/itemshop/itemshopbackgroundblur.lua
b00c797340e6225,ui/uieditor/menus/cplevels/mphinttext.lua
b09b61b1b2d6e0d,ui/uieditor/widgets/callingcards/callingcards_blackmarketmastercardwidget.lua
b15867d4020da07,ui/uieditor/widgets/callingcards/callingcards_asset_grunt_radio
b1e6659f5c94f4d,ui/uieditor/widgets/wzaar/wz_aarchallengecontainerinternal
b2e0c68ed2a0e63,ui/uieditor/widgets/callingcards/callingcards_asset_grunt_radio.lua
b2ea6a45ec09894,ui/uieditor/widgets/craft/emblemeditor/stickersetemptyitem
b32da05bdd55ed6,ui/uieditor/widgets/aar_t8/merit/meritboarditem.lua
b333544afc2504a,ui/uieditor/widgets/hud/mpgametypes/mppropcontrolsinternal
b36c29b92386d79,ui/uieditor/widgets/cac/menuchooseclass/itemwidgets/weaponlevelmeter
b370b3af9224bd0,lua/shared/lobbydata
b3c56ff0192a8dc,ui/uieditor/menus/codcaster/editteamlogo.lua
b420bf5eadd7d39,ui/uieditor/widgets/aar_t8/tierreward/aartierrewardcolumnheaderhighlighted.lua
b47d818b0e0f23c,ui/uieditor/widgets/notifications/notificationqueuewidgets/notificationrewardqueuewidgets/iconrewardwidget.lua
b4d5c952f8698f1,ui/uieditor/widgets/director/directorteammemberempty.lua
b4fdc296df8099d,ui/uieditor/widgets/notifications/notificationqueuewidgets/weaponlevelupbrackets.lua
b537a85bd588813,ui/uieditor/widgets/warzone/warzoneredeployment
b57b2356efb4325,ui/uieditor/widgets/pc/bnetstore/pc_bnetstore_legalbutton
b57b83da9b9c33b,ui/uieditor/widgets/challenges/challenges_mp_stickerbook_combattraining
b5d5f7ffe97a9a7,lua/shared/luaenum
b5f9bf60f47a122,ui/uieditor/widgets/startmenu/startmenu_button_lg_internal
b624ce5aa96a6c3,ui/uieditor/widgets/mphudwidgets/warwaypoint
b66780e6be048a1,ui/uieditor/widgets/director/directorsimplebutton
b67e8d9774898a7,ui/uieditor/widgets/cac/cacbackgroundslidepanelwildcards
b6b5f594e0d79cf,ui/uieditor/widgets/hud/corner9slicewithblur
b6bb594c09577eb,ui/uieditor/widgets/horizontalscrollingtextbox_30pt
b6c6bb1395c3135,ui/uieditor/widgets/codcaster/codcasterplayerlistheaderwidget.lua
b6da5f5f17e9c79,ui/uieditor/widgets/craft/emblemeditor/colorpicker/emblemcolorsaved
b6de345b300c49c,ui/uieditor/luielems/wz/vehicleturretdurability.lua
b6f954dc0c52f4e,ui/uieditor/widgets/zmfrontend/laboratory/laboratoryregularoffers.lua
b728256bcb614b4,ui/uieditor/widgets/hud/obituary/obituaryekiacontainer.lua
b731fe03a0a19d7,ui/uieditor/widgets/systemoverlays/systemoverlay_savedecalgroupframe.lua
b74f01dc35100a0,ui/uieditor/widgets/scoreboard/tabbedscoreboardheaderenemy
b757afc5f54b586,ui/uieditor/widgets/wzaar/wzaartierlock
b75d1a703eb58bd,ui/uieditor/menus/cac/weaponpersonalization.lua
b7e07d02045eaf3,ui/uieditor/widgets/hud/zm_perks/zmperkvaporphdslidereffect.lua
b7e8f77a0ce4a4b,ui/uieditor/widgets/vehiclehuds/ground/vehicleground_irisinnercontainer
b8b4d403b2d043a,ui/uieditor/menus/lobby/directorgestureselector.lua
b8e2ca68acca1fd,ui/uieditor/menus/mp/specialisthub/mpspecialisthubpreviewmoment
b8ea4f0a93b4f76,lua/lobby/matchmaking/lobbymatchmaking
b8eb0fb2c6cf956,ui/uieditor/widgets/tablet/tabletlocationselector_patrolmarker
b90ae294ac02c62,ui/uieditor/widgets/codcaster/codcasterobjectivestatus
b91078220eeb8e9,ui/uieditor/widgets/vehiclehuds/hawk/vhudhawkhealth.lua
b92cb6d67ebb8c6,ui/uieditor/widgets/zmhudwidgets/inventory/zminvsentinelartifactlarge.lua
b9c6f6499cb39da,ui/uieditor/widgets/vehiclehuds/vhud_layoutfuielements
b9d9bf677f9431e,ui/uieditor/widgets/demo/democontrolsbuttonrecord.lua
ba2c390982f8ce0,ui/uieditor/widgets/startmenu/options/flyout/startmenu_options_settingbutton.lua
ba5fa76d22ca8fe,ui/uieditor/widgets/zmfrontend/armory/armory_weaponlistwidget
ba6e645f372fbf3,ui/uieditor/widgets/hud/scoreinfo/scoreinfo_scorecontainer_internal
bad35d92caaf9db,ui/uieditor/widgets/challenges/nearcompletionbutton_internal.lua
bafd085f4e7431c,ui/uieditor/widgets/chat/chatclientfilterlist_item.lua
bb4d1a31de34c66,ui/uieditor/menus/social/social_partysettings
bb930f2e3b020a0,ui/uieditor/widgets/cac/classminipreview/classminipreviewweaponitem.lua
bbd674483239ff3,ui/uieditor/widgets/aar_t8/medals/medalsgriditeminternal
bc12b7e712dd005,ui/uieditor/widgets/hud/scoreinfo/scoreinfo_meter.lua
bc43f0e5d65041e,ui/uieditor/widgets/aar_t8/medals/aarmedalstab
bc671f4282f9b91,ui/uieditor/widgets/itemshop/itemshopbutton.lua
bcbb7864c2a4905,ui/uieditor/widgets/hud/zm_score/zmscoreinfocontainer.lua
bcbe26a2d2d04f7,ui/uieditor/widgets/director/directorcommonsafeareabottomandleft.lua
bcd467fe0a005fc,ui/uieditor/widgets/director/theater/directortheaterselectfile.lua
bd15fd80b6b0985,ui/uieditor/widgets/hud/killcam/killcamkilledbyequipment
bd6207aa7efa728,ui/uieditor/widgets/lobby/common/fe_listsubheaderpanel
be456922ade4fa6,ui/uieditor/widgets/social/social_partysettingsbuttoninternal
be4ff35ca001915,ui/uieditor/widgets/zmfrontend/laboratory/laboratorylistiteminternalpurchaselimit
be51246a3b7c8fe,ui/uieditor/widgets/craft/emblemeditor/stickersetbonusitem_internal.lua
be52530c0ca57a1,ui/uieditor/menus/itemshop/purchasecodpoints
beca79f2b24494b,ui/uieditor/widgets/scoreboard/tabbedscoreboardinfocursor
bf3626b2c3b84d9,ui/uieditor/luielems/zm/zm_trial_weapon_locked.lua
bf750543be3358e,ui/utility/gridandlistutility.lua
bfec370b56e5be9,ui/uieditor/widgets/vehiclehuds/dart/vhud_dart_reticle_roll
c01e8478a7d92cd,ui/uieditor/widgets/itemshop/contracts/contractseasonaloverlay_infopanel
c0384ede3bf628d,ui/uieditor/widgets/pc/pc_achievementnotification_texts.lua
c08a2aab18ca343,ui/uieditor/widgets/blackmarket/contracts/bm_contractreveal
c0cc5d8d2fa7820,lua/lobby/lobbyevents.lua
c0e03cb43a8e2ea,ui/uieditor/widgets/itemshop/dupemetersafeareacontainer.lua
c0fb39d10eeca55,ui/utility/contractutility.lua
c11c5ddf96912e7,lua/lobby/process/lobbyprocessqueue.lua
c1919dd635b8435,ui/uieditor/widgets/hud/zm_score/zmscoreinfocontainer
c1b6f5b7e8a5af1,ui/uieditor/widgets/aar_t8/rewards/aarchallengereward_zm.lua
c2c713dfeaac556,ui/uieditor/menus/itemshop/purchasenodupecrate.lua
c2f9487384df3fe,ui/uieditor/widgets/hud/gameendscore_wz/gameendscore_headerbarmid
c352526c6e589f9,ui/uieditor/widgets/scoreboard/zm/scoreboardrowinformationlist.lua
c35813e5a1c5447,ui/uieditor/widgets/cac/mark2bonusexpbadgeingame
c384986d6b511cb,ui/uieditor/widgets/hud/mp_scorestreakwidget/scrstk_container.lua
c3da42bd286b956,ui/uieditor/widgets/hud/core_ammowidget/ammowidgetzm_abilityitem
c3fa19037d61cad,ui/uieditor/widgets/mp/specialisthub/hubspecialist_character
c490b753d8f1aba,ui/uieditor/widgets/lobby/lobbyinspection/inspectionselectedplayerinfo
c4c0c217ad6b824,ui/uieditor/widgets/callingcards/loot4/ui_icon_callingcards_fairytales_armgroup.lua
c4c5fd562617659,ui/uieditor/widgets/genericsimplebutton_container
c589ef0ce88daf2,ui/uieditor/widgets/director/directorinfopanelzm.lua
c5b5b6b7e8ff418,ui/uieditor/menus/aar_t8/aar_t8_arena.lua
c5d63f9418f07c5,ui/uieditor/menus/cac/weapondeathfxselect
c67bd5c69a050d4,ui/uieditor/widgets/callingcards/callingcards_pirates.lua
c6827fb8919b347,ui/uieditor/widgets/mphudwidgets/bountyhunter/bountyhunterpackagesingletier.lua
c68558d41263fd9,ui/uieditor/widgets/director/directorheadertabsafearea.lua
c6a9eefbd64c968,ui/uieditor/widgets/zmhudwidgets/inventory/zminvobjectiveprogressringcontainer
c71dd413a97c7ee,ui/uieditor/widgets/hud/equipment/emp/emprebootindicatorwidget.lua
c76e0594bf607ad,ui/uieditor/widgets/gamesettings/gamesettings_zmenemies.lua
c7c7e639ed1bc3b,ui/uieditor/widgets/hud/core_ammowidget/ammowidgetzm_prompt.lua
c7cbd2fbe4e7296,ui/uieditor/widgets/directorpublicplayerlistscontainer.lua
c7ebd379b5a482b,ui/uieditor/widgets/startmenu/options/startmenu_options_privacysettingsbutton.lua
c82d05ca0e5952b,ui/uieditor/widgets/codcaster/codcasterloadoutsecondary.lua
c82d7d151bb9854,ui/uieditor/widgets/notifications/notificationqueuewidgets/badasserymedal
c89d021ac8b3747,ui/uieditor/widgets/director/directorpregamebuttonoption
c8af151fdab05a0,ui/uieditor/widgets/callingcards/loot2/callingcards_loot2_surrealistlandscapes_ball
c8ebdd83d394b9c,ui/uieditor/widgets/hud/gameendscore_wz/gameendscore_weaponidentity.lua
c96de52191fe142,ui/uieditor/widgets/aar_t8/tierreward/aartierrewardlootcasemeter
c99c1dda3f73230,ui/uieditor/widgets/vehiclehuds/mothership/vhud_ms_notificationoptic
c9b3f8f20c93f63,ui/uieditor/widgets/itemshop/itemshopweaponbribepreviewwidget
c9f6a1481cce7c7,ui/uieditor/widgets/itemshop/specialdeal.lua
ca5faac82324b65,ui/uieditor/widgets/aar_t8/tierreward/aartierbar
caa9223949775aa,ui/uieditor/menus/pcui/pc_store_refund_korea.lua
cb08835c839d1db,ui/uieditor/widgets/zmhudwidgets/hud_zm_trial_global_tracker.lua
cb48a3fa18835dc,ui/uieditor/widgets/craft/emblemeditor/decaltoolsframe
cc4bfb2bbbc1344,ui/uieditor/widgets/vehiclehuds/hellstorm/vhudhellstormframealtitude
ccd13e7ef019f57,ui/uieditor/widgets/cac/supportselectiondescription.lua
cd236b9800bfec2,ui/uieditor/widgets/callingcards/callingcards_specialized_master.lua
cd411d79f2f54a5,ui/uieditor/widgets/aar_t8/scoreboard/aarnemesisstat
ce1e6b6549d478c,ui/uieditor/widgets/footer/footercontainer_frontend_right
ce638f667f84990,ui/uieditor/widgets/hud/map/compassawarenessringbacker.lua
ce8fa05dc6700cb,ui/uieditor/widgets/cac/menuselectscreen/weaponnamewidget.lua
cebe64188cede58,ui/uieditor/widgets/footer/footerbutton_segmentbacking.lua
cf7d17acf6024ea,ui/utility/waypointutility.lua
d0320866fb9928a,ui/uieditor/widgets/craft/paintshop/paintshopchooseside.lua
d0503119aba17a8,ui/uieditor/widgets/pc/emblemrenametextbox.lua
d08a8210be501e8,ui/uieditor/widgets/warzone/warzoneresourcemenuitemsmall_internal.lua
d09dac3f0937d33,ui/uieditor/widgets/arena/leagueplayendrankupplacementtext.lua
d0ac2273e2d0c33,ui/uieditor/widgets/scoreboard/wz/scoreboardmapwzinternal.lua
d13622c1e43dc18,ui/uieditor/widgets/hud/textbackingcommonwithblur.lua
d1742da22326fe1,ui/uieditor/widgets/leaderboard/leaderboard_warningtext.lua
d206dcab7e1a361,ui/uieditor/widgets/callingcards/callingcards_mp_loot_master.lua
d210adadabcfe9f,ui/uieditor/widgets/loadinganimation/animationloadingwidget
d29085e98a5528a,ui/uieditor/widgets/aar_t8/tierreward/aartierrewardshowcaseinternalcommon.lua
d34d5a9dfb10d44,ui/uieditor/widgets/pc/bnetstore/pc_bnetstore_background
d36334c33274313,ui/uieditor/widgets/footerbuttonprompt
d37cfee68621f73,ui/uieditor/widgets/notifications/xp/doublexpiconsleftalignedfrontendsmall
d38fc6c8498fc71,ui/uieditor/widgets/hud/core_ammowidget/ammowidgetmp_ultimate_progress_fillpulse
d3bacce0e0e5864,ui/uieditor/widgets/genericpopups/toastcontentlarge.lua
d3c6c57f6a21a87,ui/uieditor/widgets/aar_t8/summary/aarnumericalstathistory.lua
d3ed7e75d364b93,ui/uieditor/widgets/tablet/tableticepickgadget_bgelementgraph
d44b304e3efb896,ui/uieditor/widgets/scoreboard/wz/scoreboardmapcolumnheadings.lua
d4519c72d7761ed,ui/uieditor/widgets/craft/emblemeditor/emblemeditorheaderright.lua
d4776314db9989d,ui/uieditor/widgets/vehiclehuds/dart/vhud_dart_reticle
d47ccca0a277c63,ui/uieditor/widgets/hud/zm_notiffactory/zmnotif_frontlines02rotation.lua
d4ff92b67f0d258,ui/uieditor/widgets/codcaster/directorcodcasterdisplaysettings.lua
d58ff67c1fb645d,ui/uieditor/widgets/callingcards/loot2/callingcards_loot2_vikingbattles.lua
d687b1bd02c5a76,ui/uieditor/widgets/fileshare/fullscreenpopup/fullscreeenpupupsteamform.lua
d6ac245bd2dba72,ui/uieditor/widgets/wzaar/wzaar_challengecontainer
d6f80c1da7ddb22,ui/uieditor/widgets/cac/weaponattributes/weaponattributeuberinfo.lua
d73fbe78518a345,ui/uieditor/widgets/codcaster/playerlistrowvalue
d7470e83c1e3e35,ui/uieditor/menus/craft/emblemeditor/emblemeditor.lua
d779b36f7a62bf3,ui/uieditor/menus/startmenu/popups/pc_startmenu_options_codaccount_newaccount.lua
d7b4955fe4723b0,ui/uieditor/widgets/callingcards/callingcards_survivor
d829232da360c15,ui/uieditor/widgets/health/healthboostnotification
d8d3781b3801f5b,ui/uieditor/widgets/codcaster/codcaster_announcementhighlight.lua
d8df3d1a3de2aac,ui/uieditor/widgets/zmfrontend/directorinfopanelbgzm.lua
d8dfa0ca4959027,ui/uieditor/widgets/genericpopups/loot_bonustoaststandard.lua
d9138cdb9ddb15f,ui/uieditor/widgets/aar_t8/missionreward/aarmissionreward_playerrank.lua
d9694102c68edde,ui/uieditor/widgets/vehiclehuds/gunship/vhud_gunship_40mm_ammocounter.lua
d9a67081f0186fe,ui/uieditor/widgets/vehiclehuds/hellstorm/vhud_hellstormcenterbacking
dab6f6e0e450c85,ui/uieditor/widgets/hud/scoreinfo/scoreinfo_scorecontainer.lua
daf0a1be2d0397e,ui/uieditor/widgets/vehiclehuds/mothership/vhud_ms_gunnerinternal.lua
db9d48433d6e11b,ui/uieditor/widgets/mphudwidgets/waypointbomb_timer.lua
dbdd60210a11ba2,ui/uieditor/widgets/zmhudwidgets/inventory/zminventorylistbackinginternal.lua
dbeea52824bbb5e,ui/uieditor/widgets/cac/weaponattachmentselect/mutualexclusivewarning.lua
dc53cb8d222da7e,ui/uieditor/widgets/callingcards/callingcards_operations_killjoys
dc74d5014cfb5b9,ui/uieditor/widgets/itemshop/blackjacksshopcardstacksunset
dccd661fd63b4aa,ui/uieditor/widgets/fileshare/filesharespinner.lua
dcd854a7bb6c2c2,ui/uieditor/widgets/aar_t8/scoreboard/aarscoreboardtabbutton
dd39f3a70898c77,ui/uieditor/widgets/scoreboard/wz/scoreboardmapwzinternal
dd42daf15d65d9d,ui/uieditor/widgets/codcaster/codcasterportraitplayercard.lua
dd720638a9c4700,ui/uieditor/widgets/director/directorpartyleaderonlyprompt
dd778a9bfa8090d,ui/uieditor/widgets/specialist/jumpkititementry
dd9a7e87fe2b3ff,ui/uieditor/widgets/zmfrontend/armory/armory_uberattachmentslot.lua
dfa7abc470d2678,ui/uieditor/widgets/hud/obituary/obituarycalloutcontainerplayerkilled
dfb613b718f655f,ui/uieditor/widgets/callingcards/callingcards_prestige_tacticalkits_master.lua
dfdca1daf33c8b0,ui/uieditor/widgets/chat/chatclientfilterlist_item
e03d2cdfabba677,ui/uieditor/widgets/arena/arenarankiconandrankvertical.lua
e07ee7cb08d3018,ui/uieditor/widgets/wzaar/wzaarmeritbreakdownlarge
e083a909a6c8c02,ui/uieditor/widgets/aar_t8/tierreward/aartierrewardshowcaseinternalepic.lua
e1ae605b30b1f72,ui/uieditor/widgets/vehiclehuds/ai_tank/vhud_ai_tank_button_layout
e213fa7576a5478,ui/uieditor/widgets/social/social_missingdlcnotification.lua
e25509e7242c9de,ui/uieditor/widgets/gamesettings/gamesettings_gamemoderules.lua
e25ce3fc750dc8f,ui/uieditor/widgets/director/directorselectbutton
e2bfae5250ad5dc,ui/uieditor/widgets/demo/democontrolsbuttontimescale
e34eb4ce932e59b,ui/uieditor/widgets/startmenu/startmenu_changespecialist.lua
e358be42a3ac783,ui/uieditor/widgets/reticles/mp/spectrelockcenterdot
e37b7a08fb554d4,ui/uieditor/widgets/vehiclehuds/mothership/vhud_ms_missile
e3afa26bf197ec1,ui/uieditor/widgets/zmfrontend/directorzmtrialsinfodescriptiontall
e3b1f5e246d0805,ui/uieditor/widgets/store/store_featuredframe.lua
e3f95d264a5e3df,ui/uieditor/widgets/leaderboard/leaderboardrow.lua
e4410dd18f7a9df,ui/utility/codcasterutility.lua
e46165d5c607ec3,ui/uieditor/widgets/itemshop/reserves/reservesrevealitem
e461f2e28beef09,ui/uieditor/widgets/gamesettings/gamesettings_gearrestriction
e4705fd24dac4b3,ui/uieditor/widgets/warzone/warzonequickinventorysharditem
e473f35708d423a,ui/uieditor/widgets/aar_t8/arena/aar_leagueplay_placementlist
e47f908de2e366c,ui/uieditor/widgets/pc/footer/footerbutton_tooltipbg.lua
e48baaf224320fd,ui/uieditor/widgets/hud/obituary/obituaryentry
e497fb84a511356,ui/uieditor/widgets/vehiclehuds/hawk/vhudhawkinternal.lua
e49fedcdba20ee6,ui/uieditor/widgets/pc/startmenu/pc_startmenu_button_lg.lua
e509b48218ddccf,ui/uieditor/widgets/hud/mp_scorestreakwidget/support_button.lua
e53b80d4668a156,ui/uieditor/widgets/hud/mpwheelprompt
e579fbd66fb7e11,ui/uieditor/widgets/pc/cyclinglist
e5c2b8efa599935,ui/uieditor/widgets/mphudwidgets/waypointbomb
e5d233ac270976e,ui/uieditor/widgets/customgames/customgames_settingbutton
e5d3a323f545de1,ui/uieditor/luielems/zm/zm_trial_weapon_locked
e61f5943a704fc1,ui/uieditor/menus/pcui/pc_battlenet_checkout.lua
e6b94971a8946a1,ui/uieditor/widgets/notifications/playercard/playercard_callout.lua
e6e27148568783e,ui/uieditor/widgets/aar_t8/tierreward/aartierrewardshowcase.lua
e7061dfbce6aa90,ui/uieditor/widgets/director/theater/directortheaterselectfile
e75077bbac65e75,ui/uieditor/widgets/tablet/swipetak5/swipetak5_layoutplusgrid
e7cd2655fd7860a,ui/uieditor/widgets/tablet/tak5/tablettak5_ammopip.lua
e80372179fbedda,ui/uieditor/widgets/craft/emblemeditor/colorpicker/emblemeditorgradient.lua
e829db0fdd69166,ui/uieditor/widgets/freecursor/tooltiparchetypes/tooltipfeaturetitle.lua
e8437d7cac4978b,ui/uieditor/widgets/codcaster/codcasterloadoutprimary
e8a5b0fdbf13dc9,ui/uieditor/menus/cac/overcapacity.lua
e8bc3114394795f,ui/uieditor/widgets/callingcards/callingcards_blackmarket_profiler.lua
e8da4b07a87fbd2,ui/uieditor/widgets/cac/weaponattachmentselect/attachmentdescriptioncontainer
e8daef67edcf7cf,ui/uieditor/widgets/eulabody.lua
e95c1a1a693ac70,ui/uieditor/widgets/cac/cac_itemtitleglow
e9c0321bb7002d6,ui/uieditor/widgets/hud/core_ammowidget/ammowidget_powerbasedcountpip
ea0a66f263af66c,ui/uieditor/widgets/specialist/jumpkitbutton_internal.lua
ea0df757b247507,ui/uieditor/menus/zm/laboratoryplasmaconfirmation.lua
ea0fba04483b726,ui/uieditor/menus/pcui/formation/pc_ui_formationmenu
ea216c6d99de1ba,ui/uieditor/widgets/mphudwidgets/bountyhunter/bountyhunterbuyinternal.lua
ea262ea19b4bf73,ui/uieditor/widgets/startmenu/options/frames/startmenu_options_frame_warzone.lua
ea4a19da0cecd3a,ui/uieditor/widgets/lobby/common/liveeventviewerfooter
ea625ac335bd8f2,ui/uieditor/widgets/reticles/infinite/lmginfinitereticle_light.lua
eaa9e03c069390f,ui/uieditor/widgets/commonlistbuttongenericlonginternal.lua
ead428fc6c63720,ui/uieditor/widgets/cac/cac_icontokengrid
eadce944a00c7c6,ui/uieditor/widgets/itemshop/contracts/contractiteminternal.lua
eb06740528bdc87,ui/uieditor/widgets/blackmarket/smokewidget
eb491e34e330ae0,ui/uieditor/menus/hud/hud_mp_require
eb6d59cfa649e4b,ui/uieditor/widgets/hud/console/console.lua
eb8711f5087e974,ui/uieditor/widgets/zmfrontend/cac/zmitemgridbutton
ebb213505127f40,ui/uieditor/widgets/scoreboard/tabbedscoreboardstripe
ec0355f26f089d2,ui/uieditor/widgets/startmenu/options/startmenu_options_controllerlayout_orbis.lua
ec2c7fb5a455c0a,ui/uieditor/widgets/pc/cyclinglist_itemcontrol
ec88adfe0b94748,ui/uieditor/widgets/lobby/lobbysubheader.lua
ec94048bad1fbac,ui/uieditor/widgets/director/directordividerwithgradient
eca21f240eae322,ui/utility/socialutility
ecc4f3c6080fbf3,ui/uieditor/widgets/craft/emblemeditor/colorpicker/emblemeditorcolormixerpointer.lua
ecec7cd2267c681,ui/uieditor/widgets/scoreboard/zm/scoreboardrowinformationlist
ed08acea537d977,ui/uieditor/widgets/warzone/warzoneredeployment.lua
ed758299de5e979,ui/uieditor/widgets/fileshare/fileshareselecteditempreview.lua
eda3c74fa9af87c,ui/uieditor/widgets/reticles/tak5/tak5reticlebracketboxes
edd35fd876fa2db,ui/uieditor/widgets/hud/scoreinfo/scoreinfo
edd7d08a2600a5d,ui/uieditor/widgets/hud/gameendscore/gameendscoreroundlist.lua
ede8e88e434fa50,ui/uieditor/widgets/warzone/warzone_emp_player
ee2861baf11ea8c,ui/uieditor/widgets/store/storepreviewimagewidget
ee8e274535f01b3,ui/uieditor/widgets/craft/emblemeditor/colorpicker/emblemeditorcolormixerbar.lua
ee90388406a6f9f,ui/uieditor/widgets/lobby/common/liveeventviewerstatuswidget
eec19965cf51eb8,ui/utility/queueutility.lua
eeead0fdbf560f7,ui/uieditor/widgets/hud/zm_roundwidget/zmrnddigitwidget.lua
ef01558771b78bf,ui/uieditor/widgets/warzone/warzone_emp_ammo
ef0585bf703baa8,ui/uieditor/widgets/controllerdependent_textboxlargegamepad
ef2c4b77caab743,ui/uieditor/widgets/director/directorpartybarinternal
ef2fa741c9b3bd7,ui/uieditor/widgets/cac/menuselectscreen/itemgridbutton.lua
ef7456dfa4859f6,ui/uieditor/widgets/hud/zm_ammowidgetfactory/zmammo_propfactory
f00a10fc8301da2,ui/uieditor/widgets/aar_t8/aarcommonbacking
f01a3e1dd9d2c5c,ui/uieditor/widgets/vehiclehuds/hellstorm/vhud_hellstormbgframe
f0719e4ce2c9bb1,ui/uieditor/widgets/arena/leagueplayendrankupaniminternalruby
f0b869b2f81a312,ui/uieditor/widgets/notifications/perks/notificationperkscontainer.lua
f13f00d6646e9ca,ui/uieditor/widgets/startmenu/options/flyout/startmenu_options_settinggroupheader.lua
f15c63f70691173,ui/uieditor/widgets/challenges/challenges_callingcardwidgetinternal
f15fae48b8e818f,ui/utility/zmstoryutility.lua
f185c5b958bb5ac,ui/uieditor/widgets/hud/centerconsole/centerconsoleentrycontainer.lua
f1a14508096b6ce,ui/uieditor/widgets/director/directorzmmapselectiteminternal
f1f9f9b9d79987c,ui/uieditor/widgets/warzone/warzoneinventoryunlockmissionbacking
f244d1c0555ef00,ui/uieditor/widgets/callingcards/callingcards_support_master.lua
f2b4d923aa4a5b1,ui/uieditor/widgets/hud/gameendscore_wz/gameendscore_matchendtimer.lua
f2d4920f28ccd3c,ui/uieditor/widgets/warzone/warzonedpadbutton
f2d7e0c0c37b693,ui/uieditor/widgets/callingcards/callingcards_asset_zombies_arm.lua
f2e8f6288093f9b,ui/uieditor/widgets/cac/weaponattributevaluestat
f367664257175e1,ui/uieditor/widgets/callingcards/loot3/ui_icon_callingcards_crimewave_policecar
f3ca764bd1e6b77,ui/uieditor/widgets/pc/pc_perfstatscontainer
f3e6ddb93f27bec,ui/uieditor/widgets/codcaster/codcasterplayerlistrowhighlight
f46f4d3bebb4570,ui/uieditor/widgets/callingcards/callingcards_wz_vehicular_master.lua
f47bdbf2bcaddaf,ui/uieditor/widgets/aar_t8/scoreboard/aarnemesis
f51ac94f007773f,ui/uieditor/widgets/craft/emblemeditor/stickersetdecal.lua
f5811742e8f7325,ui/uieditor/widgets/backgroundframes/codpointsupperrightsafe
f5d262e79219c5d,ui/uieditor/widgets/mphudwidgets/sprintmeter/sprintmeter.lua
f5d49602f55b483,ui/uieditor/widgets/itemshop/specialdeal
f5e46b84d731f1f,ui/uieditor/widgets/callingcards/callingcards_prestige_equipment_master
f62ee5482ed5361,ui/uieditor/luielems/mp/ct_crash_kill_remaining_enemy.lua
f63ff1473340e30,ui/uieditor/widgets/reticles/chargeshot/chargershot_active_center
f64be618182fb0a,ui/uieditor/widgets/zmfrontend/laboratory/laboratoryplasma_codpointscost.lua
f65d3e4b4d869cb,ui/uieditor/widgets/aar_t8/merit/meritoverlaymanuallayoutvertical.lua
f69112fd769661b,ui/uieditor/widgets/hud/core_ammowidget/ammowidgetzmcontainer
f6f77ad298c6619,ui/uieditor/widgets/hud/gameendscore/gameendscoreoutcome
f72f7312b3f60f6,ui/uieditor/widgets/vehiclehuds/dart/vhud_dart_pc_reticlebacking
f7470f1be342d92,ui/uieditor/widgets/endgameflow/codcastermatchtitletext
f7c404bff22685a,ui/uieditor/widgets/social/social_infopaneright.lua
f7d37c54c21bb16,ui/uieditor/widgets/vehiclehuds/wasp/vhud_sentinel_damageiconwidget
f7f58c30ca4bdf2,ui/uieditor/widgets/arena/arenarubyprogresswidget.lua
f802502abb9fd2c,ui/uieditor/widgets/vehiclehuds/ground/vehicleground_irisoutterthin
f86890aeca18f6d,ui/uieditor/widgets/hud/mp_hacked/hud_hacked_ammo_widget.lua
f86da96d9a414f7,ui/uieditor/widgets/reticles/magnifier/magnifierreticle_ui3d.lua
f899e8001af243a,ui/uieditor/widgets/hud/mp_hacked/hud_hacked_streaks_widget.lua
f8ba3fc0aaea764,ui/uieditor/widgets/pc/zm/pc_equippedbgb.lua
f965bd351a948f8,ui/uieditor/menus/lobby/directorchoosemapandgametype.lua
f9840aef8f1d48e,ui/uieditor/widgets/itemshop/supplychain/supplychaindetails_infopaneltitleanddesc.lua
f9d48307f25992d,ui/uieditor/widgets/vehiclehuds/hawk/vhudhawkreticle.lua
fa4c014e40a6343,ui/uieditor/widgets/zmfrontend/laboratory/laboratorymixagainbutton_internal.lua
fa67c3befeb0ce8,ui/uieditor/widgets/tablet/tableticepickgadget_bgelementfui3
fa67d3befeb0e9b,ui/uieditor/widgets/tablet/tableticepickgadget_bgelementfui2
fa90008705d32d7,ui/uieditor/widgets/callingcards/callingcards_blackmarket_set_widget.lua
faa73803fe75a1e,ui/uieditor/widgets/hud/gameendscore/gameendtime.lua
fadee098e4860a0,ui/uieditor/widgets/endgameflow/codcasterteamglowdots
faf0fd1c17a3269,ui/uieditor/widgets/itemshop/reservelarge.lua
faf84cd2e4b8930,ui/uieditor/widgets/hud/gameendscore_wz/gameendscore_weaponidentity
fb040b6277a38ba,ui/uieditor/widgets/debug/lobbyprocessqueuedebugitem
fb8da6deaed7947,ui/uieditor/widgets/footer/footerbutton_frontend_right.lua
fc1b5d8c23b5d20,lua/lobby/lobbyanticheat.lua
fc2032c89270e99,ui/uieditor/widgets/cac/talentloadoutlistitem.lua
fc601c7c2b85585,ui/uieditor/luielems/luielembar
fc95c465fba6c23,ui/uieditor/widgets/codcaster/codcasterteamlogobutton
fc9a65ed8e043ed,ui/uieditor/widgets/reticles/mp/ripperlockreticle.lua
fc9ce2cc814377d,ui/uieditor/widgets/endgameflow/codcasterteambasebar.lua
fcfa453df17c854,ui/uieditor/widgets/pc/startmenu/pc_flexibleverticaltextblock_title.lua
fd7ed96e52bfae4,ui/uieditor/widgets/wzaar/wzaarblur.lua
fd865cf485e3dcc,ui/uieditor/menus/arena/leagueplayladderresults
fd895b1cf9d5299,ui/uieditor/widgets/startmenu/startmenu_options_network_pinglistitem.lua
fddf3c484851ea7,ui/uieditor/widgets/aar_t8/rewards/aaremptyreward.lua
fdf7faae03e3baa,ui/uieditor/widgets/inputbutton.lua
fe2196e3ae50a6e,ui/uieditor/widgets/craft/emblemeditor/emblemgroupnew_internal.lua
fe2a7fc81c175a6,ui/uieditor/widgets/cac/weaponattachmentselect/weaponattachmentcontainer.lua
fe9df26e257edb3,ui/uieditor/widgets/customgames/customgames_settingslidernocustom
fea697ab58376db,ui/uieditor/widgets/medals/medalstabinternal.lua
ff22b286a167aad,ui/uieditor/widgets/zmhudwidgets/hud_zm_laststand_bleedout_perk_bar_item_perk
10057ad4bb0e4f74,ui/uieditor/widgets/aar_t8/levelup/aarxpmetercurrentlevel.lua
10069fdb2f52101d,ui/uieditor/widgets/vehiclehuds/mothership/vhud_ms_outsidehashring.lua
1008168c1c08146f,ui/uieditor/widgets/hud/gameendscore_wz/gameendscore_wz_safeareacontainer.lua
100d802126c917b3,ui/uieditor/widgets/lobby/common/vodpreviewwidgetvideo
100db06882fdb91c,ui/uieditor/widgets/startmenu/startmenu_frame_nobg.lua
100fa630f1ab8206,ui/uieditor/widgets/pc/pc_achievementnotification_container
10133c0fca002e2b,ui/uieditor/widgets/callingcards/loot4/ui_icon_callingcards_fairytales_flame1.lua
1015b8ec812944f5,ui/uieditor/widgets/challenges/challengesstickerbookdarkops.lua
10180ee4aff8754b,ui/uieditor/widgets/callingcards/callingcards_asset_birds_white
1019bf86db65af0e,ui/uieditor/widgets/aar_t8/contracts/aarcontractstab
101cc8502025526b,ui/uieditor/widgets/mphudwidgets/overheadname_wz
10222cddbfab389a,ui/uieditor/widgets/scoreboard/tabbedscoreboardinfoterrain.lua
10294182a0cc27cd,ui/uieditor/widgets/challenges/challengessummarycategorylist.lua
102973005ac73da3,ui/uieditor/widgets/mphudwidgets/waypointcaptured
102c03cf8b8956d8,ui/utility/customizeprestigeiconutility
102d52a11dde9653,ui/uieditor/widgets/blackmarket/contracts/bm_dailycontract
103507fa8399fe49,ui/uieditor/widgets/common/commonlistbuttonshort
10379d7663841646,ui/uieditor/widgets/gamesettings/gamesettings_background.lua
103cca181308052f,ui/uieditor/widgets/hud/invalidcmdprompt.lua
103e033efcb9fc18,ui/uieditor/menus/social/social_playerdetailspopup.lua
103ed0e5f5e9273e,ui/uieditor/widgets/callingcards/callingcards_asset_firballs.lua
104a19495799afbf,ui/uieditor/widgets/hud/core_ammowidget/ammowidgetzm_clipinfo.lua
104a1bd4a9a5af47,ui/uieditor/widgets/freecursor/freecursorwidget.lua
10575454ff7cc4ed,ui/utility/zmtalismanutility
105c8cc534d4fa44,ui/uieditor/widgets/gamesettings/gamesettings_description.lua
105d9a7cfc5cff54,ui/uieditor/widgets/itemshop/contracts/contractpreviewbutton.lua
105ece1802e8d503,lua/shared/luaenum.lua
106197c8df891203,ui/uieditor/widgets/mphudwidgets/bountyhunter/bountyhunterweaponbuy.lua
106a86b30ee58a2f,ui/uieditor/widgets/footer/fe_rightcontainerwithheroeshead
106c8d1d631dd82f,ui/uieditor/widgets/startmenu/startmenu_options_buttonaction.lua
107175f021a6edb5,ui/uieditor/widgets/hud/core_ammowidget/ammowidget_powerbasedcount
1072298fbbcae1cf,ui/utility/motdutility.lua
1074be50206fb743,ui/uieditor/widgets/mphudwidgets/overheadname_mp
10753ea684f66288,ui/uieditor/widgets/startmenu/options/startmenu_options_privacysettingsscrollprompt.lua
107889ce1e3e2e8a,ui/uieditor/widgets/startmenu/options/startmenuoptionsbackground
1080eabd1cd12cbd,ui/uieditor/widgets/fileshare/selectedfilmsummaryinformation
10821ec11452ebb7,ui/uieditor/widgets/warzone/warzoneusetimerbeingrevived.lua
1082e0f87abb19ec,ui/uieditor/widgets/callingcards/callingcards_asset_racoonarm_r
1082f6f87abb3f4e,ui/uieditor/widgets/callingcards/callingcards_asset_racoonarm_l
1084c5ce60f70aeb,ui/uieditor/widgets/director/directorcharacterzm
1090a34f5358801a,ui/uieditor/widgets/cac/classallocation
10915bfc400ee19b,ui/uieditor/widgets/zmfrontend/armory/armory_attachmentlist
109988f33b770180,ui/uieditor/widgets/arena/arenalobbybuttontext.lua
109d49e3470828da,ui/uieditor/widgets/codcaster/codcastersettingssidebardisplaysettingscontainer
10a2d3d0414e8c6f,ui/uieditor/widgets/notifications/notificationqueuewidgets/weaponlevelupnotification
10a7008b840e7d02,ui/uieditor/widgets/hud/centerconsole/centerconsoleicon.lua
10a7ce5334e9aa9a,ui/uieditor/widgets/codcaster/playerportraitfocusbottom.lua
10a8ca738c8ede92,ui/uieditor/widgets/callingcards/callingcards_asset_zombies_astronaut
10b1abec47f2d820,ui/uieditor/widgets/scoreboard/tabbedscoreboardmapinfoboxright
10b4c2a15a62cf08,ui/uieditor/widgets/cac/selectclasslistbutton
10b61d3053562da5,ui/uieditor/widgets/mphudwidgets/waypointicontimer.lua
10b7c056312b3f12,ui/uieditor/widgets/codcaster/codcasterbuttonpromptcontainer.lua
10b7dd1806fb18b7,ui/lui/luilist
10b9a7bf697c689e,ui/uieditor/widgets/mphudwidgets/waypointclosemessage.lua
10c0b4e34f3c7fb2,ui/uieditor/widgets/pc/utility/titletextwidget.lua
10c136b2e24378a7,ui/uieditor/widgets/genericpopups/toast_container_clansteams_baking
10c4b6a73a4270b8,ui/uieditor/widgets/systemoverlays/systemoverlay_freecursor_genericforeground.lua
10c662fe22e23195,ui/uieditor/widgets/notifications/playercard/playercardmenu.lua
10cb483399640e1d,ui/uieditor/widgets/director/directorselectbuttongametype.lua
10cbdcb389162303,ui/uieditor/widgets/mp/specialisthub/hubweaponvideobuttongrid
10cdc97a3d91da94,ui/uieditor/luielems/mp/ct_shared_button_prompt.lua
10d0050378eaa77f,ui/uieditor/widgets/craft/drawemblemfocusable
10d099e39c15388d,ui/uieditor/widgets/startmenu/options/pc_startmenu_optionstabs
10dbf8e26e700cf9,ui/uieditor/widgets/director/directorteammemberempty
10e0584d21f9902c,ui/uieditor/menus/itemshop/itemshopcaseexchangeconfirmation.lua
10e092a33d3fffe9,ui/uieditor/widgets/pc/startmenu/pcstartmenuoptionsunbindkeybindmessage
10e0a59bda074d3b,ui/uieditor/widgets/genericpopups/toast_container_texts
10e20ec0420e680a,ui/uieditor/widgets/scoreboard/scoreboardplayerwidget
10e2e99777310a68,ui/uieditor/widgets/director/directorpublicplayerlists
10e60393f4a208e7,ui/uieditor/widgets/director/directordraftselectloadoutinternal.lua
10e62309d7d6d0b8,ui/uieditor/widgets/arena/playerinspection_infopanewinstreak.lua
10e8738959c903fa,ui/uieditor/widgets/codcaster/directorcodcasterloadoutsettings
10ec46de3c2bce1a,ui/uieditor/widgets/hud/zm_fx/zmfx_spark1img.lua
10f1b99dd1e91ec2,ui/uieditor/widgets/pc/socialmenu/pcsocialmenu_playerlistitem_playerinfos
10f97f6f72710bc7,ui/uieditor/widgets/director/directorfeaturedcarousel.lua
110c3ac7f833813b,ui/uieditor/widgets/freecursor/freecursorheaderlabelcontainer.lua
110ee613e6155ae9,ui/uieditor/widgets/mphudwidgets/scorepopup/mpscrfeeditem
1110969a0f23e9ab,ui/uieditor/widgets/scoreboard/tabbedscoreboardmapinfoboxleft.lua
11145768fee19070,ui/uieditor/widgets/director/directordividerwithgradient.lua
1114f0f46627f2d6,ui/uieditor/widgets/startmenu/startmenu_imagecontainer.lua
111cec617e5ed271,ui/uieditor/widgets/store/upsellbanner_internal.lua
1123c4de79d5d1f9,ui/uieditor/widgets/common/commonsecondarytabbar.lua
11244575e1963bf7,ui/uieditor/widgets/hud/gameendscore_wz/gameendscore_eliminatedbacking.lua
112998a17a57f686,ui/uieditor/widgets/hud/killcam/killcamkilledbyequipmentitem
112c2018298550e8,ui/uieditor/widgets/callingcards/callingcards_ground_assault_master.lua
112cacdcc0738161,ui/uieditor/widgets/codcaster/codcasterbuttondoublepromptcontainer
112d199c0b6f6540,ui/uieditor/widgets/social/joinbuttonprompt
112e93546c3f222a,ui/uieditor/widgets/hud/mpgametypes/mppropcontrolsinternal.lua
11308a84c2c088cf,ui/uieditor/widgets/freecursor/infopanelsubwidgets/freecursorbuttonprompt.lua
11395470a5b163f8,ui/uieditor/widgets/callingcards/callingcards_zm_darkops.lua
1139816fb8ad97ee,ui/uieditor/widgets/hud/core_ammowidget/ammowidget_oneinthechamber
113e691628900f29,ui/uieditor/widgets/pc/startmenu/controlsoptions/pc_startmenu_options_controls_list
113fce651bcb390b,ui/uieditor/widgets/director/directorselectbutton.lua
11419a313ec1b1c6,ui/uieditor/widgets/customgames/customgames_settingbutton.lua
114360c020b871e2,ui/uieditor/widgets/gamesettings/gamesettings_wildcardrestriction.lua
11448615250dcef3,ui/uieditor/widgets/cac/menuselectscreen/itemgridbutton
11487d371875c2b4,ui/uieditor/widgets/craft/emblemeditor/decaltypebutton.lua
114b49e336ed83f6,ui/uieditor/widgets/lobby/mapvote/mapvote.lua
115031e1dc41e49f,ui/uieditor/widgets/codcaster/codcaster_playerportraitname.lua
115909c3f8633dba,ui/uieditor/widgets/notifications/weaponlevelup/weaponlevelupnotification_footerlabel01
115dfb65337bc5e0,ui/uieditor/widgets/warzone/warzonedpadbutton.lua
116a180f17b86d32,ui/uieditor/widgets/vehiclehuds/attackhelicopter/vhud_attack_helicopter_reticle
116bea4c4b787fba,ui/uieditor/widgets/cac/restricteditemwarning.lua
116db560ab511f2e,ui/uieditor/widgets/startgameflow/tipwidgetlist
116f1dd37aed3a6b,ui/uieditor/widgets/common/commonlistbuttonshort_internal.lua
117f03d613bf87da,ui/uieditor/widgets/callingcards/callingcards_zombies_100percent.lua
117fc9951cbcf694,ui/uieditor/widgets/aar_t8/squadsummary/aarsquadplacement.lua
11879529739d5b62,ui/uieditor/widgets/hud/map/compassgroupmpsmoke.lua
1188d3236c3b589f,ui/uieditor/widgets/pc/notifications/pc_notif_timechoicebuttoncontainer.lua
118d56e190302ee4,ui/uieditor/widgets/pc/dropdown_leftalign
11928c3f3ca09567,ui/uieditor/widgets/scoreboard/zm/scoreboardrowrush.lua
119f1805db291fd2,ui/uieditor/widgets/scoreboard/tabbedscoreboardlayoutrecord
119f75d19f847f7d,ui/uieditor/widgets/blackmarket/contracts/bm_contractdetailsinternal.lua
11a3f133f2b623ac,ui/uieditor/widgets/mphudwidgets/bountyhunter/bountyhuntertrackbuy
11a70a3d7e2725e9,ui/uieditor/widgets/aar_t8/merit/meritreportwidget
11af166962ee0555,ui/uieditor/widgets/warzone/warzoneplayerarrow.lua
11b14b47485aebfb,ui/uieditor/widgets/pc/startmenu/accessibilityoptions/startmenu_options_pc_accessibility_tabcontent.lua
11b3d848b3bbce02,ui/uieditor/widgets/freecursor/infopanelsubwidgets/freecursorplayercard.lua
11b4c8138db31275,ui/uieditor/widgets/itemshop/supplychain/discounttierswidget
11b8f10b2130ce89,ui/uieditor/widgets/battlenet/frontendbattlenet.lua
11ba99eca9127f91,ui/uieditor/widgets/notifications/weaponlevelup/weaponlevelupnotification_footerbacking01.lua
11bb85314c024c24,ui/uieditor/widgets/vehiclehuds/ground/vehicleground_irisinner
11bc90c00f660da8,ui/uieditor/widgets/callingcards/callingcards_blackmarket_cardwidget
11bcd1502e81af06,ui/uieditor/widgets/callingcards/callingcards_retrowave_master.lua
11c6f60db7691245,ui/uieditor/widgets/leaderboard/leaderboardlistbutton.lua
11c876e015dee4df,ui/uieditor/widgets/lobby/missingdlcnotification_internal.lua
11cea7469aa7657d,ui/uieditor/menus/itemshop/purchasecontractconfirmationsunset.lua
11d0528e06e95683,ui/uieditor/widgets/vehiclehuds/wasp/vhud_sentinel_horizon_elements
11d26fbc53a246cc,ui/uieditor/widgets/callingcards/loot4/ui_icon_callingcards_assassin_victim.lua
11d77dc64d266f16,ui/uieditor/menus/arena/leagueplaygamemoderules
11d8e482adfc7305,ui/uieditor/widgets/lobby/common/fe_panelnoblur
11da147798e06da4,ui/uieditor/widgets/callingcards/callingcards_mode_killer_master
11dd1e3b8381d7ca,ui/uieditor/widgets/director/directormapandgametype.lua
11de7d6bc366e65d,ui/uieditor/widgets/itemshop/itemshopinfo
11e2a7dbb698aa8f,ui/uieditor/luielems/mp/ct_shared_aar
11e323c30030a833,ui/uieditor/widgets/fileshare/selectedfilminformation.lua
11e739b5f2f9d75a,ui/uieditor/widgets/controllerdependent_textbox.lua
11e9f0bdebd1095e,ui/uieditor/widgets/vehiclehuds/missileproximityalert.lua
11ebda7298b79984,ui/uieditor/widgets/hud/core_ammowidget/ammowidgetwz_equipmentempty
11ef9d71e51558e0,ui/uieditor/widgets/pc/startmenu/pc_startmenu_options_listcontainer.lua
11f006b6c67b9a9e,ui/uieditor/menus/challenges/challenges_prestige.lua
11f61a527dcfc74b,ui/uieditor/widgets/pc/startmenu/gameplayoptions/startmenu_options_pc_gameplayoptions_suboptionsnavigation
11f8ea4e2ff1d11b,ui/uieditor/widgets/codcaster/codcasterloadoutselectionwild
1204411218f53738,ui/uieditor/menus/cac/zmcustomizeclassmenu
120d493ef4817ce5,ui/uieditor/widgets/cac/callouttierinternal
12190adaba331dcb,ui/uieditor/widgets/startmenu/startmenu_signatureitem
121bc02989717e47,ui/uieditor/widgets/mp/specialisthub/hubweaponvideobuttongrid.lua
121d71a15d5f616e,ui/uieditor/widgets/pc/utility/genericclickbutton.lua
121dc7dffc65fa57,ui/uieditor/widgets/vehiclehuds/mothership/vhud_moddnitime
1220d9b0985f5268,ui/uieditor/luielems/mp/ct_shared_button_prompt
1226c9928de6fffd,ui/uieditor/widgets/zmfrontend/zmreadyup.lua
122dd5a83b46fd96,ui/uieditor/widgets/genericpopups/matchstartradialtimer
12317296e3da8baf,ui/uieditor/luielems/mp/ct_firebreak_multi_kill
1232cefe61d4de13,ui/uieditor/widgets/aar_t8/arena/aarladdertab
1235a74ed7662b6a,ui/uieditor/widgets/itemshop/reserves/reservesbribestackcarouseltall.lua
123da585bef956c6,ui/uieditor/widgets/hud/safeareacontainers/hud_safeareacontainer_front
124286202cc723b8,ui/uieditor/widgets/aar_t8/summary/aargametypeheader.lua
1247779f7898be87,ui/uieditor/widgets/directorpublic
124851dbf73ebbdc,ui/uieditor/widgets/store/storefeaturedframegrid
1248fc0a2633718f,ui/uieditor/widgets/vehiclehuds/agr/vhud_agr_missile.lua
1249edffef61952f,ui/uieditor/widgets/freecursor/infopanelsubwidgets/freecursornolabelbuttonpromptarea.lua
124d2374d4fad457,ui/uieditor/widgets/notifications/xp/doublexpiconsleftalignedfrontendsmall.lua
124eef943de6234b,ui/uieditor/menus/arena/aar_leagueplay_placementmatchesprogress.lua
125476f937127023,ui/uieditor/menus/startmenu/popups/startmenu_options_codaccount_newaccount.lua
1254d7496f056d77,ui/uieditor/widgets/arena/leagueplayendrankupplacementtext
125e9bb7c4046a61,ui/uieditor/widgets/endgameflow/killcamwidgetnumbers.lua
12654361b705730d,ui/uieditor/menus/mp/specialisthub/mpspecialisthubinspect.lua
1266f2c0c39e9736,ui/uieditor/widgets/hud/mp_scorestreakwidget/scrstk_combatefficiencyscrollfx
1269d1309407d42b,ui/uieditor/widgets/itemshop/reserves/reserveslootbribebutton
126a07cda52826ea,ui/uieditor/widgets/director/directormapandgametype
126cfbe38be4d1d5,ui/uieditor/widgets/reticles/launchermulti/launchermultireticle
126ee945022c8e21,ui/uieditor/widgets/aar_t8/tierreward/aartierrewardshowcaseinternalcorecommon.lua
12732b622c6a4207,ui/uieditor/widgets/pc/zm/pc_zmammo_bgbcarouselfactory_internal
1273cd1ed11c6dbb,ui/uieditor/widgets/fileshare/selectedfilmsummaryscorecolumn.lua
127890fc3c34fd7e,ui/uieditor/widgets/warzone/warzoneabilityitemcounter
127cb6fb2ef544e1,ui/uieditor/widgets/cplevels/cpvoteskippingscene.lua
127d6cb43065cb4e,ui/uieditor/widgets/mphudwidgets/healthbarwaypoint.lua
127e48161d435b33,ui/uieditor/widgets/pc/pc_perfstatscontainer.lua
12815060f70639cd,ui/uieditor/widgets/zmfrontend/cac/zmcustomizeclasssafeareacontainer.lua
1282e27740c9d716,ui/uieditor/widgets/scoreboard/tabbedscoreboardheadertopbar02
12846d164e121755,ui/uieditor/widgets/footer/footerbutton_partycount.lua
129164a4c0febdfc,ui/uieditor/widgets/gamesettings/gamesettings_optionstextbox.lua
1296b65bad5e8815,ui/utility/talentselectutility
1296b7f323261b53,ui/uieditor/widgets/store/upsellbanner.lua
12a583c79eedccb9,ui/uieditor/widgets/hud/core_ammowidget/ammowidgetzm_clipcontainerpress
12a7149f1cbebd6d,ui/uieditor/widgets/hud/minimaponly
12abfd6c268cb91b,ui/uieditor/widgets/craft/emblemeditor/stickersetdecal
12ac997d65473dc6,ui/uieditor/widgets/zmhudwidgets/inventory/zminventorylist.lua
12afa491a35484d6,ui/uieditor/widgets/pc/pc_telemetryitem
12b57736a9be8bab,ui/utility/subtitleutility.lua
12b7dda6e3a4e73b,ui/uieditor/widgets/mphudwidgets/overheadname_killcam_wz.lua
12b8876c47316a51,ui/uieditor/widgets/craft/emblemeditor/craftlayernumber
12b8d81769d76c17,ui/uieditor/widgets/challenges/challengesnearcompletionwidget
12bca0018d3f2c72,lua/lobby/lobbyscheduler
12bf3da84e7ff2d3,ui/uieditor/widgets/onofftext
12c1b3741dcdd018,ui/uieditor/widgets/hud/core_ammowidget/ammowidgetzm.lua
12c41d1c2be586bc,ui/uieditor/widgets/scoreboard/tabbedscoreboardheadertopbar.lua
12c5af1c9f01e180,ui/uieditor/widgets/director/directorselect_tabbar_center.lua
12ce01bd2e4c74a4,ui/uieditor/widgets/scoreboard/scoreboardgamestatusscores.lua
12cf29605adab948,ui/uieditor/widgets/itemshop/itemshoptierboost
12d0c1153e833637,ui/uieditor/widgets/director/directorgamesettinglist.lua
12d27cf0baf5fd50,ui/uieditor/widgets/scrollbars/verticalcounter.lua
12d64ca9d3c705ce,ui/uieditor/widgets/common/commoncornerbrackets01
12d80af66958e98e,ui/uieditor/widgets/pc/socialmenu/pcsocialmenu_playerlistitem_playerinfos_mutebutton
12d858628f53d460,ui/uieditor/widgets/startgameflow/loadingscreenloadbar
12dda97565904a32,ui/uieditor/menus/hud/credit_fullscreen
12e0c4a8231c8b99,ui/uieditor/menus/aar_t8/arena/aar_leagueplaydivplacement.lua
12f210cb5e3fa853,ui/uieditor/widgets/director/directorgamesettinglist
12fb4e0bd227450f,ui/uieditor/widgets/itemshop/reserves/reservespreview.lua
12fcf87537feb4e1,ui/uieditor/widgets/motd/motd_featuredbuttoncontainer.lua
1304ca153c114fa3,ui/uieditor/widgets/motd/motd_mediumtext_mediumimage.lua
13050b56bc941c17,lua/lobby/process/lobbyprocessnavigate
130837cb46f81d58,ui/uieditor/widgets/vehiclehuds/hawk/vhudhawkweaksignalbox.lua
130912bc0621fa04,ui/uieditor/widgets/cac/weaponselect/weaponselectgriditeminternalname.lua
130d675bc61b83c8,ui/uieditor/widgets/gamesettings/gamesettings_selectediteminfo.lua
130e9af8d72f4642,ui/uieditor/widgets/store/storespinner
130ff13ac753aef9,ui/uieditor/widgets/director/directorselectbuttonminiinternal.lua
131edae40d634b8b,ui/uieditor/widgets/hud/obituary/obituarycalloutexpandedcontainer.lua
131fac280b1c11fc,ui/uieditor/widgets/notifications/notificationqueuewidgets/weaponlevelupheaderstripe
1323d50535d2ab6f,ui/uieditor/widgets/horizontalscrollingtextbox_30pt.lua
1326bf4ddf2d5186,ui/uieditor/widgets/vehiclehuds/hellstorm/vhud_hellstormcenterframe
132a61eb322d17c3,ui/uieditor/widgets/pc/startmenu/pc_startmenu_options_keybindmessage_stripes.lua
132d9c7b38097a54,ui/uieditor/widgets/startmenu/options/startmenuoptionsmainframe.lua
1336b6522726926d,ui/uieditor/widgets/aar_t8/tierreward/aartierrewarditemimage.lua
133a3fbb064063e0,ui/uieditor/menus/itemshop/itemshopdetailssunset
133b6f98ebd063df,ui/uieditor/widgets/callingcards/callingcards_operations_humiliation_unforgiving
133bdcec702d869b,ui/uieditor/widgets/startmenu/startmenu_theater.lua
133f2e7cdecb6dee,ui/uieditor/widgets/hud/zm_score/zmscoreinfo.lua
134778f864da9dda,ui/uieditor/widgets/controllerdependent_textbox
134b7fd0c151db2e,ui/uieditor/widgets/hud/map/circularcompass
134c9ffa9b669dc7,ui/uieditor/widgets/startmenu/options/frames/startmenu_options_frame_controls
13514a00b4ec9050,ui/utility/zminventoryutility
135152a333fa2552,ui/uieditor/widgets/hud/core_ammowidget/ammowidget_characterportrait
135372138c287919,ui/uieditor/widgets/lobby/lobbyinspection/inspectionweaponstats
135a070544f2cd3f,ui/uieditor/widgets/startmenu/startmenu_changespecialist
135bdcb85327b1a4,ui/uieditor/luielems/mp/ct_shared_ingame_hint
135d201b7a3aa2bb,ui/utility/freecursorutility.lua
135ee4f77c506dee,ui/uieditor/widgets/pc/socialmenu/pcsocialmenu_framedbutton
136850e15fa75c7b,ui/uieditor/widgets/hud/killcam/killcamkilledbyattachments.lua
136bb2bc11c13e35,ui/uieditor/widgets/vehiclehuds/wasp/vhud_sentinel_iris
13714201b04bd7b5,ui/uieditor/widgets/wzaar/wzaar.lua
137246721e015e6b,ui/uieditor/widgets/director/directorcustomstartbuttoncontainer
1383195e80a46484,ui/uieditor/widgets/pc_achievements.lua
13872a7186204fd2,ui/uieditor/widgets/arena/arenaeventtimersmallendsin.lua
13887b6415ad6188,ui/uieditor/widgets/mphudwidgets/waypointhardpoint_colorpattern
138e03e34ad8f0b5,ui/uieditor/widgets/barracks/specialeventrewardswidget
139c9781a260736a,ui/uieditor/widgets/vehiclehuds/hellstorm/vhud_hellstormlayouttracker
13a06c735b413259,ui/uieditor/widgets/zmfrontend/zmaartrialtabroundstattall
13a0997ecab3cf23,ui/uieditor/widgets/director/directorpregamebuttonoption.lua
13a4f390c3a61659,ui/uieditor/widgets/healthbarwidget.lua
13aa44e6cb9803ff,ui/uieditor/widgets/pc/dropdownlistsmaller.lua
13abef7dc047291b,ui/uieditor/widgets/arena/leagueplayintrolladderrubylightray.lua
13ac1417fb82df86,ui/uieditor/widgets/demo/demosidebarbuttonicon.lua
13af98be48970f13,ui/uieditor/widgets/challenges/challengessummarycategory_internal.lua
13b221df2689bfca,ui/uieditor/widgets/itemshop/discounttimer.lua
13b3d5d11ecc1ee6,ui/uieditor/widgets/tablet/tableticepickhackdetectionbar
13b50b440c3810f5,ui/uieditor/widgets/vehiclehuds/hellstorm/vhud_hellstorm_notificationarmed.lua
13ba04808afffc05,ui/uieditor/widgets/hud/carepackage/capturecrate
13c12f8c32ff0442,ui/uieditor/widgets/arena/arenarubyprogressfivewidget.lua
13c25de993580d78,ui/uieditor/widgets/vehiclehuds/mothership/vhud_ms_notificationbox.lua
13ca5120030a6f2f,ui/uieditor/widgets/reticles/scanner/scannerreticle_internal.lua
13cceba23a026334,ui/uieditor/widgets/vehiclehuds/hellstorm/vhud_hellstorm_altwidget
13cdf719439fb51f,ui/uieditor/widgets/hud/core_ammowidget/ammowidget_cleantacos.lua
13d0df9b2d57eeed,ui/uieditor/widgets/duplicatestateimage.lua
13d2286142c6d3ba,ui/uieditor/widgets/codcaster/playerportraithovertop
13d33ce699f2ae4d,ui/uieditor/widgets/callingcards/callingcards_asset_pirates_mast
13d4a37851703d1a,ui/uieditor/widgets/clans/clanoptionswidget.lua
13d51133edb77be1,ui/uieditor/widgets/aar_t8/rewards/aarplayerreward_diagonalheaderinternal.lua
13d775f8faa1b3e7,ui/uieditor/widgets/competitive/competitiveaardivisionrankawardtittle
13d7fd4fcd481d79,ui/uieditor/widgets/endgameflow/playofthematchcallingcard
13d8aab2f24f229b,ui/uieditor/widgets/vehiclehuds/gunship/vhud_gunship_25mm_ammocounter
13dce204045fed4b,ui/uieditor/widgets/pc/zm/pc_equippedbgbcontainer.lua
13e1f4f928dd2763,ui/uieditor/widgets/callingcards/loot3/ui_icon_callingcards_stpatricks2
13e1f5f928dd2916,ui/uieditor/widgets/callingcards/loot3/ui_icon_callingcards_stpatricks1
13e338588f49ebed,ui/uieditor/widgets/director/directorpartylist
13e7ea8b718622b3,ui/uieditor/widgets/pc_chatbox.lua
13eeb508af7d9c7b,ui/uieditor/widgets/demo/demosidebarbutton.lua
13ef0fe2369e96ae,ui/utility/textutility
13ef4a0d7bb60df2,ui/uieditor/widgets/callingcards/loot3/ui_icon_callingcards_heavymetal_cop2.lua
13f31dd4f77d0b44,ui/uieditor/widgets/vehiclehuds/ground/vehicleground_iris
13f98cc5aa4a1ef3,ui/uieditor/widgets/callingcards/callingcards_asset_superheroes_speed_hero
13fc41a0a8da4cbb,ui/uieditor/widgets/common/commonbackingwithbrackets.lua
13fce1d7d4edc2d4,ui/uieditor/menus/aar_t8/aar_t8_mp
13fd38c5338ce8ed,ui/uieditor/widgets/customgames/customgames_settingslider_internal
13ff0962d6263ce2,ui/uieditor/menus/blackmarket/reservesspecialcontractmenu
140364d3854ac209,ui/uieditor/widgets/startmenu/options/flyout/startmenu_options_settingsliderlist
1404158d44778f79,ui/uieditor/widgets/aar_t8/tierreward/aartierrewarditemcommon
14083528baeb2f3d,ui/lui/luiverticallist
140970f884c2ee94,ui/uieditor/widgets/systemoverlays/systemoverlay_deletepaintjobframe
140cf6dbf464a83d,ui/uieditor/widgets/mphudwidgets/gametypescoreinfo/sddemobjectivenotification_bombplanted
140d69b35035181e,ui/uieditor/widgets/hud/console/consoleicon
1410e708eaf33033,ui/uieditor/widgets/arena/leagueplay_aar_pointpanel
141193c666b38002,ui/uieditor/widgets/hud/core_ammowidget/ammowidgetmp_clipcontainerhero
141522503f80fbd4,ui/utility/breadcrumbutility.lua
14173a91ca2044e4,ui/uieditor/widgets/warzone/warzonecontextualextraitems
141862aa95cc4411,ui/uieditor/widgets/itemshop/reservelarge
1419e0f1f4cff492,ui/uieditor/widgets/vehiclehuds/ground/vehicleground_buttonprompts_left
141b102bff68fe15,ui/uieditor/widgets/itemshop/contractframe.lua
141c9011e64b1ca0,ui/uieditor/widgets/aar_t8/rewards/aarrewardbacker_zm
142555daf46ec708,ui/uieditor/menus/startmenu/popups/startmenu_options_codaccount_manageaccount.lua
14297a73199f865a,ui/uieditor/widgets/callingcards/callingcards_zombies_100percent
1429ef25909713fe,ui/uieditor/widgets/lobby/mapvote/mapvote
142a47e92dfaccef,ui/uieditor/widgets/vehiclehuds/wasp/vhud_sentinel_outofrangelabels
142fc6d7d518ee8c,ui/uieditor/menus/aar_t8/aar_t8_zm
143ca705a48d8154,ui/uieditor/widgets/vehiclehuds/gunship/vhud_gunship_message.lua
143e711b632bac8d,ui/uieditor/widgets/wzaar/wzaarchallengeorcontract
144203daf6ccb428,ui/utility/breadcrumbutility
144caa4ff6b66133,ui/uieditor/widgets/notifications/notificationqueue.lua
144d9d95c137a2f3,ui/uieditor/widgets/itemshop/reserves/reservespromocontainer
145111f049e24a81,ui/uieditor/widgets/cac/weaponattributes
1452cc1a4c1c1399,ui/uieditor/widgets/freecursor/freecursorcursor.lua
1454d3d7d53820e0,ui/uieditor/menus/aar_t8/aar_t8_wz
1456845484b1e90e,ui/utility/demoutility
146494e7ccbeab91,ui/uieditor/widgets/vehiclehuds/genericvhud2missilecounter.lua
146b093e7d34ea80,ui/uieditor/widgets/director/directorwarningmessage
146cf3e84d6b18a4,ui/uieditor/widgets/cac/customclasslistbuttoningame.lua
146d974871ee4254,ui/uieditor/widgets/codcaster/directorcodcasterdisplaysettings
146f48a4967061a9,ui/base
14739393d6e4e043,lua/lobby/lobbyanalytics
14743fd658cdf5fa,ui/uieditor/widgets/reticles/blackcell/teammatelockon.lua
1474a7af70c6c563,ui/uieditor/widgets/entitylockon/grenadewarningarrow
1474d14efb47ebf4,ui/uieditor/widgets/startgameflow/loadingscreentalkerwidgetcpzm
14791c3cacae93d7,ui/uieditor/widgets/reticles/chargeshot/chargershot_top_arrow.lua
1479c90f39533c8a,ui/uieditor/widgets/vehiclehuds/ground/vehicleground_vignetteback
147c0adba754f8d0,ui/uieditor/widgets/motd/motd_bannerimage_grid
147ce7c1aee0ff4b,ui/uieditor/widgets/hud/core_ammowidget/ammowidget_characterportraitbacking.lua
147e2df4aef69b96,ui/uieditor/widgets/hud/cp_damagewidget/damagewidget_panel
148352967ea14d6e,ui/uieditor/widgets/itemshop/contracts/contractiteminternal
148557ed02af231c,ui/uieditor/widgets/warzone/warzonekilleridentity
14858a496499ed06,ui/uieditor/widgets/vehiclehuds/attackhelicopter/vhud_attack_helicopter_flare
1486d4604dba2b91,ui/uieditor/widgets/reticles/infinite/lmginfinitereticle_ui3d_internal
148bb7822657650a,ui/uieditor/menus/arena/leagueplayintroladderresults
148da64481837681,ui/uieditor/widgets/arena/arenaleagueeventtimer.lua
148e413a7c2e7936,ui/uieditor/widgets/notifications/xp/doublexppromotionalicon
149a42577b1b4dbb,ui/uieditor/widgets/reticles/launchermulti/launchermultireticle_ui3d.lua
149eea36539ae3b3,ui/uieditor/widgets/specialist/specialistoutfititementry
149f4541c73fe856,ui/uieditor/widgets/notifications/xp/doublexpcardiconsleftaligned.lua
14a32d15c4d83e32,ui/uieditor/widgets/health/healthbarwidgetpulseportraitlist.lua
14a449bd21eb2b95,ui/uieditor/widgets/startmenu/options/startmenuoptionssubframe.lua
14a4d99142b63a46,ui/uieditor/widgets/hud/killcam/killcamnemesisarrow.lua
14affe393588b7e5,ui/uieditor/widgets/hud/gameendscore_wz/gameendscore_eliminatorcontainer.lua
14b11df0f7630dd4,ui/uieditor/widgets/pc/utility/optioninfowidget.lua
14b2fdd9625b6245,ui/uieditor/widgets/aar_t8/levelup/aarxpmeter.lua
14b67b3d78299a63,ui/uieditor/menus/wz/wzpersonalizecharacterinspect
14ba5d419a948adb,ui/uieditor/widgets/callingcards/callingcards_snakegods_asset_snakehead.lua
14bab6f9d42ee007,ui/uieditor/widgets/playercontextualmenu_item.lua
14bdcf0d9dab3313,ui/uieditor/widgets/zmhudwidgets/rush/rush_gameover_scoreboard.lua
14c0fee86140ea6e,lua/lobby/lobbycharacterselection.lua
14d0a8b93f3a16ee,ui/uieditor/widgets/aar_t8/levelup/aarxpmeternextlevel
14d15a20542ae39a,ui/uieditor/widgets/arena/arenaeventprogressbuttonrank.lua
14dd7c4b362a156a,ui/uieditor/widgets/codcaster/codcasterloadoutsecondaryattachment.lua
14df8e5a405f45ea,ui/uieditor/widgets/itemshop/shopreserveitemtall.lua
14dfb9797230ff69,ui/uieditor/widgets/cac/overcapacityitem.lua
14e92c2d8034b243,ui/uieditor/widgets/systemoverlays/systemoverlay_freecursor_basicframe
14ea75baaa2b25d9,ui/utility/challengesutility.lua
1500087b949fe210,ui/uieditor/widgets/scoreboard/tabbedscoreboardheader.lua
1500185ceb1bf5ba,ui/uieditor/widgets/director/directorselectbuttonlines.lua
150069af4784ee61,ui/uieditor/widgets/startmenu/startmenu_options_safearea_container
15082b9f69347256,ui/uieditor/widgets/startmenu/startmenu_connectionmetercontainer
150e26e98239f317,ui/uieditor/widgets/mp/specialisthub/hubequipmentitem
150fc4cfa4545a7f,ui/uieditor/widgets/startgameflow/loadingscreentalkercontainercpzm.lua
1510c74f677603f0,ui/uieditor/widgets/common/commontab
1511618370c5f926,ui/uieditor/widgets/craft/emblemeditor/colorpicker/emblemeditorcolormixer.lua
1523012e06043492,ui/uieditor/widgets/director/directorinfopanelzm
152a3feb9a90b658,ui/uieditor/widgets/cac/customclasslistbuttoningame
152d89360c2350e5,ui/uieditor/widgets/chat/chatautocompleteaction.lua
152e481f8ee460a4,ui/uieditor/widgets/blackmarket/contracts/bm_contractdetails
1530e526f40de6c7,ui/utility/craftutility
1532bb301ebdf53c,ui/uieditor/widgets/warzone/warzone_emp_player.lua
154603cc59ff67c1,ui/uieditor/widgets/zmhudwidgets/rush/rush_playercard_position_indicator
154aa43a3632697a,ui/uieditor/menus/lobby/directorcustomgamesetup
155243ef05519082,ui/uieditor/menus/codcaster/codcasterquicksettingssidebar
15596080038cf83b,ui/uieditor/widgets/notifications/playercard/playercard_nameandclantag
155e158a2e2361b8,ui/uieditor/widgets/pc/pc_eula_pages.lua
1565c53b8ae0fb7b,ui/uieditor/widgets/hud/obituary/obitinfofeedcontainer.lua
1567f2a963ddad0f,ui/uieditor/widgets/zmhudwidgets/gameover/zm_hud_gameover_smokebackground
156ad8a188fe58bf,ui/uieditor/menus/startmenu/startmenu_options_main.lua
156b5e1b0a286d2b,ui/uieditor/widgets/freecursor/freecursorinfopanel.lua
156c3bd881937ee9,ui/lui/luielement.lua
156dcf33061a358a,ui/uieditor/widgets/scoreboard/tabbedscoreboardheaderscoreenemy.lua
1572ed9b0d1ac05e,ui/uieditor/widgets/pc/sliderbar.lua
1574bf6c47de6a59,ui/uieditor/widgets/warzone/warzonecontextualextraitems_leftalign
157eee305e6b6aad,ui/uieditor/widgets/vehiclehuds/mothership/vhud_ms_outsidehashring
158087b28273cc14,ui/uieditor/menus/hud/hud_mp
15826800cf991de5,ui/uieditor/widgets/startmenu/startmenu_barracks_factioncalling_button_internal.lua
1583f4184940ee88,ui/uieditor/widgets/warzone/warzoneinventoryunlockmissionreward.lua
158dea4ff0a0a92d,ui/uieditor/widgets/scoreboard/tabbedscoreboardheaderteam.lua
159857b73a9a23ab,ui/uieditor/widgets/startmenu/startmenu_options_sliderbar_bar
15a27046af26ff6f,ui/uieditor/widgets/codcaster/codcasterminimapposition
15ad87449c5d7553,ui/uieditor/widgets/demo/segmentbutton
15b544c9232184c5,ui/uieditor/luielems/wz/wz_revive_prompt
15bb7077a6ecb2f4,ui/uieditor/widgets/zmhudwidgets/hud_zm_trial_completed.lua
15bc3f15a58af31a,ui/uieditor/widgets/vehiclehuds/agr/vhud_agr_reticlehairlinebottom.lua
15c5c0b6ecddcee1,ui/uieditor/widgets/aar_t8/tierreward/aartierrewardparticle.lua
15c913aa3c7f7664,ui/uieditor/widgets/wzaar/wzaar_meritbreakdownline.lua
15cdd51dc1448649,ui/uieditor/widgets/hud/zm_ammowidgetfactory/zmammo_bgbcarouselfactory_cooldownglow
15cf841f7414a548,ui/uieditor/widgets/cac/loadoutclassitemcontainersecondary
15d01fc40612affe,ui/uieditor/widgets/pc/seperationline.lua
15d7716e0ec1f89b,ui/uieditor/widgets/warzone/warzone_emp_status.lua
15d80cb371475b19,ui/uieditor/widgets/itemshop/itemshopbutton
15d8a5130cdd7376,ui/uieditor/widgets/codcaster/codcaster_player_portrait_frames
15d979b282bfdd20,ui/uieditor/menus/hud/hud_wz
15de17e5451e88bb,ui/uieditor/widgets/warzone/warzone_emp_compass.lua
15de6f2b7dd6685e,ui/uieditor/widgets/hud/zm_notiffactory/zmnorif_backlines01rotation.lua
15e5d3aa242a907e,ui/uieditor/widgets/common/common_tabbar_center.lua
15ebcf45ca91c076,ui/uieditor/widgets/barracks/specialeventtaskwidget.lua
15f18ce0eb76d370,ui/uieditor/widgets/callingcards/callingcards_asset_jaw01.lua
15f2055353ec042b,ui/uieditor/widgets/lobby/common/fe_slidesubheader
15f43e319e75b4d8,ui/uieditor/widgets/zminventory/fusebox/fusewidget
15f4efabe247e8ee,ui/uieditor/widgets/aar_t8/rewards/aarcontractreward
15ffa2d41d4cb4d8,ui/lui/luiimage.lua
16007f425083d357,ui/uieditor/widgets/pc/startmenu/graphicsoptions/startmenu_options_pc_graphicsoptions_description
16021906931854d6,ui/uieditor/widgets/callingcards/callingcards_asset_spiderleg_animated
16031721cab048e6,ui/uieditor/widgets/arena/arenaleagueplayrubieslist
160468f121f021ff,ui/uieditor/widgets/arena/leagueplayleaderboardentryclanname.lua
1604be692d92c68c,ui/uieditor/widgets/common/commonlistbuttonleft
160a00002b58880b,ui/uieditor/widgets/mphudwidgets/bountyhunter/bountyhunterpackagetier
161367168c92655f,ui/uieditor/widgets/callingcards/callingcards_asset_vortex
161746fdfad55210,ui/uieditor/widgets/codcaster/codcasternonteambasedplayerlistinternal
161ad6d177fdf866,ui/uieditor/widgets/pc/socialmenu/pcsocialmenu_playerlistitem_playerinfos_mutebutton.lua
161c180ab0754d74,ui/uieditor/widgets/codcaster/codcasterplayerlistrowwidget.lua
161d236d35383955,ui/uieditor/widgets/reticles/infinite/lmginfinitereticle.lua
161f87370308f7c2,ui/uieditor/widgets/aar_t8/rewards/aarcontractreward_zm.lua
162558a29822fd5e,ui/uieditor/widgets/customgames/customgames_catgeorytabs.lua
16260b1d3b17bb8a,ui/uieditor/widgets/wzaar/wzaar_meritcontainer
1626552a7b0069fd,ui/uieditor/widgets/mainoverlay
1629018f03e27cc2,ui/uieditor/widgets/button_internal.lua
162e634cc482150c,ui/uieditor/widgets/callingcards/loot3/ui_icon_callingcards_prestigemaster
162f021f9ada720d,ui/uieditor/menus/itemshop/purchasecontractconfirmationsunset
16300b2a585cf679,ui/uieditor/widgets/vehiclehuds/tank_robot/vhud_tank_robot_reticle
1635f358e42faa85,ui/uieditor/widgets/hud/zm_score/zmscr_pluspointscontainer.lua
163854a0fdb5db3b,ui/uieditor/widgets/loadinganimation/animationloading2.lua
163b1db84578334f,ui/uieditor/widgets/mp/specialisthub/hubweaponvideobutton
163b2846467b6f54,lua/lobby/process/nav/lobbyprocessnavcp
1647605b740a1924,ui/uieditor/widgets/hud/console/consoletext.lua
1649fdf02d53ac3e,ui/uieditor/widgets/entitylockon/grenadewarning
164a1ae5817d901a,ui/uieditor/widgets/endgameflow/killcamwidgetfctnline
164d6e15307159c5,ui/uieditor/widgets/callingcards/callingcards_asset_birds.lua
164f2c46468c1f2a,lua/lobby/process/nav/lobbyprocessnavmp
1654ed46e770d94c,ui/uieditor/widgets/endgameflow/killcamkillcount.lua
1656f14ecd42bb4c,ui/uieditor/widgets/tablet/tabletlocationselector_hinttext
1660067ad3431bbc,ui/uieditor/widgets/motd/motd_bannerimage_grid.lua
1660077c661f3183,ui/uieditor/menus/featuredpopup.lua
16641a46469e5c9e,lua/lobby/process/nav/lobbyprocessnavwz
166445678590dbdb,ui/uieditor/widgets/challenges/challengessummarycategorylist_wz
1668abc1741e23f2,ui/uieditor/widgets/common/commonbuttonoutlinethin.lua
166958eb57014552,ui/uieditor/widgets/callingcards/callingcardsset_blackmarketwidgetinternal.lua
16699223574efe2c,ui/uieditor/widgets/pc/startmenu/voiceoptions/startmenu_options_pc_voice_text.lua
1669e5bae82c0f3e,ui/uieditor/widgets/director/directortogglepartyfillclientinternal
16718363f0d16ef0,ui/uieditor/menus/overlaysystem/systemoverlay_compact
16720e107945cf3b,ui/uieditor/widgets/callingcards/callingcards_blackmarket_profiler
1679b76aa1cf572a,ui/uieditor/widgets/aar_t8/rewards/aarrewardsdynamicxp.lua
1679d4993f79f536,ui/uieditor/widgets/demo/demoplaybackcontrols.lua
167c3d2e90a56507,ui/uieditor/widgets/systemoverlays/systemoverlay_freecursor_basicframe.lua
167f0914c3d14df3,ui/uieditor/menus/lobby/directorchangecharacter.lua
1686d7c472bf023f,ui/uieditor/widgets/systemoverlays/systemoverlay_full_pcframe
1689566785b014fb,ui/uieditor/widgets/challenges/challengessummarycategorylist_zm
168c6f2b45234b48,ui/uieditor/widgets/pc/hud/pc_progresscirclebacking
168d2be12a9d6269,ui/uieditor/widgets/arena/leagueplayruby
1690114646c3883e,lua/lobby/process/nav/lobbyprocessnavzm
1695353e2257b2d2,ui/uieditor/widgets/demo/democontextpanel.lua
16a1447a3b928bf5,ui/uieditor/widgets/vehiclehuds/dart/vhud_dart_centerreticleoutercircledots.lua
16a1633712f93419,ui/uieditor/widgets/arena/arenaskilldivision.lua
16a40164d2fa190c,ui/uieditor/widgets/aar_t8/rewards/aarweaponreward.lua
16a82231f482914f,ui/uieditor/widgets/hud/core_ammowidget/ammowidget_characterportraitbacking
16adb68d7424f185,ui/uieditor/widgets/aar_t8/tierreward/aartierrewardcolumn.lua
16ae8165b7fb8565,ui/uieditor/widgets/codcaster/codcasterobjectivestatussd
16b2d3fd06f5dc43,ui/uieditor/widgets/arena/arenamapandgametypecontainer.lua
16b78db9d9725c2d,ui/uieditor/widgets/codcaster/codcasterloadoutselectionheal.lua
16b7c3b3a1d72421,ui/uieditor/widgets/itemshop/contracts/contractitemcostlarge.lua
16b86dde241205f1,ui/uieditor/menus/fullscreenspinner
16be582def81a3b7,ui/uieditor/widgets/chat/chatclientpassiveentrydisplay
16beae671229f8c6,ui/uieditor/widgets/callingcards/callingcards_asset_cloud_zoom.lua
16c3af68af4a6634,ui/uieditor/widgets/pc/pc_eula_pages
16c3c7eaaa5e3862,ui/uieditor/widgets/warzone/wzobituarycalloutcontainerkillconfirm
16c3c8e6b1823b97,ui/uieditor/widgets/mphudwidgets/gametypescoreinfo/scorenotificationwaypoint
16c6bd604aaeea32,ui/uieditor/widgets/startgameflow/loadingscreenheader_wz
16c8966219a0c522,ui/uieditor/widgets/warzone/warzoneinventorymenuitemsmall.lua
16c9bc51841ccd42,ui/uieditor/widgets/scoreboard/tabbedscoreboardlayoutcorner
16ccfbdb45a2f1a0,ui/uieditor/widgets/aar_t8/tierreward/aartierrewarditem
16d4a92d6b62925f,ui/uieditor/widgets/vehiclehuds/vhud_layoutdotlinever
16d71c1efc0d2bf5,ui/uieditor/widgets/systemoverlays/featureoverlay_framevlayout.lua
16e2c7f46a39a932,ui/uieditor/widgets/challenges/challenges_zm_summary.lua
16e4029547f3210b,ui/uieditor/widgets/commonlistbuttongenericlonginternal
16e47993e3ae2122,ui/uieditor/widgets/systemoverlays/systemoverlay_layout_groups.lua
16e842adf23eae84,ui/uieditor/widgets/tablet/tableticepick_categoryprog.lua
16ea8e6ba93c4f98,ui/uieditor/menus/gamesettings/gamesettings_main.lua
16eff1fa68f9af5d,ui/uieditor/widgets/startmenu/startmenu_titleheader
16f26d6ebdb5208b,ui/uieditor/widgets/hud/core_ammowidget/ammowidget_overheatmeter
16f3ea0dc8fa2e9a,ui/uieditor/widgets/mphudwidgets/bountyhunter/bountyhuntergenericbuy.lua
16f68dd1e9d97327,lua/lobby/matchmaking/lobbymatchmakingmp.lua
17038e33134e509a,ui/uieditor/widgets/mphudwidgets/bountyhunter/bountyhuntergenericbuy
17044bc79a755ea1,ui/uieditor/widgets/callingcards/callingcards_basicimage.lua
1704a0d70f9c7c02,ui/uieditor/widgets/demo/segmentbuttoninternal
17074d4a20877dae,ui/uieditor/widgets/demo/demosidebarbuttonicon
1708fc7b6b774793,ui/uieditor/widgets/mphudwidgets/outofbounds/outofbounds_layouttop.lua
170958c624ec851c,ui/utility/teamutility.lua
170cf3d94e04e74b,ui/uieditor/widgets/vehiclehuds/vhud_centerframe.lua
170fdf2cb522451c,ui/uieditor/widgets/callingcards/callingcards_asset_armyguy_arm.lua
171c0f535bc61e87,ui/uieditor/widgets/backgroundframes/cacfullpopupbackground
171e3394d48002f6,ui/uieditor/widgets/craft/paintshop/paintjobselector.lua
172385e8fa11e573,ui/uieditor/widgets/aar_t8/medals/aarmedalstabinternal
1724e515e60ad1c4,ui/uieditor/widgets/startmenu/options/flyout/startmenu_options_flyoutindicator
172531582ff12ddd,ui/uieditor/widgets/director/directorfeaturedaccentcarousel.lua
1726bf6961838f78,ui/uieditor/widgets/vehiclehuds/mothership/vhud_ms_statuswidgetright
1726ee02b8bfc586,ui/uieditor/widgets/blackmarket/bm_profilerlock
172d343f937cb957,ui/uieditor/menus/charactercustomization/personalizecharacter
172fd645d75ee5a0,ui/uieditor/widgets/craft/editordrawemblemfocusable.lua
17332bd5b464d639,ui/uieditor/widgets/social/social_recentplayers
1737f00b92f7a8b2,ui/uieditor/widgets/zmfrontend/laboratory/laboratory_safeareacontainer_mixagain.lua
1740fb8de094e3e0,ui/uieditor/widgets/zmfrontend/zmloadoutpreviewlobbyclient
174345ba46470062,ui/uieditor/widgets/hud/mp_voipwidget/voip_container_enemiesonly
1743eb6747db5c27,ui/uieditor/widgets/common/commonheaderbg
1748c5908122e13f,ui/uieditor/widgets/customgames/customgames_mapmodeinfo.lua
175343e16f5fb7af,ui/uieditor/widgets/zmhudwidgets/hud_zm_arcade_score
17592224506ee31f,ui/uieditor/widgets/itemshop/reserves/reservesmeterinternal.lua
175b68cdde53ec78,ui/uieditor/widgets/startmenu/startmenu_options_simplecheckoption
17631da4ee57d7b6,ui/uieditor/widgets/scrollbars/verticalscrollbar
17646e77429ecfc2,ui/uieditor/widgets/cac/titledotswidget
176b652828326f86,ui/utility/frontendcacutility.lua
177e3114fb93636e,ui/uieditor/widgets/zmhudwidgets/inventory/zminventorylist
178530715a6cebc7,ui/uieditor/widgets/systemoverlays/featureoverlay_framevlayout_buttons
1786b3563156dabb,ui/uieditor/widgets/aar_t8/rewards/aarspecialeventreward_zm
178cb048e469a320,ui/uieditor/widgets/gamesettings/gamesettings_optionsbutton.lua
178d85d989d4b856,ui/uieditor/widgets/cac/weaponselect/weaponselectgriditem.lua
179402b3dc77fae8,ui/uieditor/widgets/director/directorgenericbutton.lua
1794b74066a7711a,ui/uieditor/widgets/hud/zm_ammowidgetfactory/zmammo_bgbcarouselbuttonpromptfactory.lua
17952d80fb030eea,ui/uieditor/widgets/aar_t8/tierreward/aartierrewardshowcaseinternalcoreultra.lua
179534d0fb507ce8,ui/uieditor/widgets/pc/freecursor/freecursordetaileddescriptionpc.lua
179694ec418fc2e5,ui/uieditor/widgets/craft/emblemeditor/emblemdrawwidgetpreview.lua
17971133ad14329c,ui/utility/zmperkutility.lua
17997381dedcfe88,ui/uieditor/widgets/arena/arenaeventbuttons.lua
179ef98d5c6cb7b9,ui/uieditor/widgets/craft/paintshop/paintshopbrowsecontrolsfull.lua
17a27cd2bbdd1f9a,ui/uieditor/widgets/tablet/tak5/tabletconnectionarrow.lua
17a9db52b8255fe4,ui/uieditor/widgets/challenges/challenges_mastercallingcardwidget
17aa0d3aa2b4f55e,ui/uieditor/widgets/vehiclehuds/attackhelicopter/vhud_attack_helicopter_flare.lua
17aa6e16f6197bf0,ui/uieditor/widgets/itemshop/contracts/contractitemcostmulticurrency.lua
17abc775b592ef8f,ui/uieditor/widgets/pc/pc_codaccount_editableoption_editbox.lua
17adb410b78b9926,ui/uieditor/widgets/callingcards/callingcards_zm_strategist.lua
17b5bc23f83c985a,ui/uieditor/widgets/startmenu/startmenu_personalization_zm.lua
17bfec74b48e738a,ui/uieditor/widgets/vehiclehuds/hellstorm/vhud_hellstorm_proximitywarning
17c213031cf5d4a4,ui/uieditor/widgets/motd/motd_lighttext_heavyimage
17cbfa407a04c94a,ui/uieditor/widgets/mphudwidgets/bountyhunter/bountyhuntertierbacking
17ce9564441f25d4,ui/uieditor/widgets/aar_t8/rewards/aarrewardsvariablecontractreward.lua
17d0a6bcc48141d2,ui/uieditor/widgets/itemshop/blackjacksshopframesunset
17d3a09425bd9672,ui/uieditor/widgets/warzone/warzonedbnoredeploying
17d626e69f39ee8a,lua/lobby/lobbymsg
17e6d4ee936eb3e8,ui/uieditor/widgets/tablet/swipetak5/swipetak5_layoutelements
17ecf7294ec3064f,ui/uieditor/widgets/startgameflow/tipwidgetbacking
17ef461ba3e8eccf,ui/uieditor/widgets/arena/leagueplayendrankposition.lua
17fe1b0c4da5534e,ui/uieditor/menus/arena/leagueplaygamemoderules.lua
17ff0603dc06dea9,ui/uieditor/widgets/callingcards/callingcards_steampunkwarriors.lua
1807dca7a3470358,ui/uieditor/widgets/pc/sliderbar_editbox
18089aea166ed786,ui/uieditor/luielems/core/revive_hud.lua
18092b0c86b8a86c,ui/uieditor/widgets/director/directorlobbymemberinternalneverexpand
180aa0c2748df644,ui/uieditor/widgets/pc/startmenu/graphicsoptions/pc_startmenu_options_safeareaborder_horiz.lua
180e4f83e25db76c,ui/uieditor/widgets/pc/wilcardselect_pc_emptyfocusable
18131989dc0e4194,ui/uieditor/widgets/zmhudwidgets/inventory/zminvobjectiveprogressringcontainer.lua
1815eb9d0f27a94e,ui/uieditor/widgets/startgameflow/loadingscreenheader
1817fd7a76f502e6,ui/uieditor/widgets/mphudwidgets/codcaster/codcasterbuttons
181a24c5340caa1e,ui/uieditor/widgets/common/commontabbarbacking
181c0fdf422f7e71,ui/uieditor/widgets/callingcards/callingcards_asset_party2.lua
181ed9d78c1f64c5,ui/uieditor/widgets/cac/menuchooseclass/itemwidgets/itemweaponlevel
18214f26f4d90650,ui/uieditor/widgets/aar_t8/levelup/aarlevelupreward
182e3f088d91cffb,ui/uieditor/widgets/hud/map/compassgroupmpcontainertransition.lua
182fe242c70e9018,ui/uieditor/widgets/craft/emblemeditor/emblemeditorpclegend_shortcuts
183191d27680770c,ui/uieditor/widgets/aar_t8/missionreward/aarmissionreward_characterlistitem
1831b7fb94a1e657,ui/uieditor/widgets/challenges/challenges_callingcardwidgetinternal.lua
18321d5bb4866cf0,ui/uieditor/widgets/hud/core_ammowidget/ammowidgetmp.lua
1832a86d17c2a856,ui/uieditor/widgets/specialist/specialistoutfitentry.lua
183b27e30d7bcdf6,ui/uieditor/widgets/warzone/wzcollapsetimer.lua
1846c5dfd075b628,ui/uieditor/widgets/pc/startmenu/controlsoptions/pc_startmenu_options_controls_keyvisual
184a405b0d6a18c9,ui/uieditor/widgets/cplevels/cpvoteskippingscene
184ae70a3f568f30,ui/uieditor/menus/startmenu/startmenu_options_controls_previewkeybindings.lua
1850554c32434c0a,lua/lobby/lobbyteamselection
18540c1029b806a7,ui/uieditor/widgets/aar_t8/medals/emptymedalrow
185c547c5afe67bf,ui/uieditor/widgets/zmfrontend/armory/armory_attachmentlist.lua
18614cd331d8118b,ui/uieditor/widgets/vehiclehuds/agr/vhud_agr_missile
1861b15626f96605,ui/uieditor/widgets/mp/matchsettings/startmenu_changeteam_listwidget
1861ee375d46d179,ui/uieditor/widgets/callingcards/callingcards_weaponproficiencymaster
1867936fb970fd4e,ui/uieditor/widgets/cac/cac_icontokenstatic.lua
186addcd8b941876,ui/uieditor/widgets/cac/classminipreview/classminipreviewequipmentitem
186afde4aa6032c5,ui/uieditor/widgets/social/social_safeareacontainer
187aabf6d5933b4e,ui/uieditor/widgets/scoreboard/tabbedscoreboardheadertopbar02.lua
187b4dda0e478971,ui/uieditor/widgets/itemshop/contracts/contractdetailspanelheader.lua
187b99331f9f0f2e,ui/uieditor/menus/itemshop/purchasereservesitem
187c43f9526df42d,ui/uieditor/widgets/hud/deadspectate/deadspectate_spectatingbar.lua
18836ba0a8566442,ui/uieditor/widgets/itemshop/itemshopraritybackground.lua
1885d22bb7714d17,ui/uieditor/widgets/cac/weaponselect/weaponselectgriditeminternal.lua
188882bece551bf0,ui/uieditor/widgets/director/directorlobbymembername
188a56c278fc38c0,ui/uieditor/widgets/craft/emblemeditor/emblemselectsafeareacontainer.lua
188c4c902e95d92a,ui/uieditor/widgets/scoreboard/tabbedscoreboardheadertitle
189111f3cd54c92f,ui/uieditor/widgets/vehiclehuds/vehiclecollisionwarning
1894629fa11fcdd1,ui/uieditor/menus/lobby/common/popups/vodviewer.lua
1898fb1426ae8fec,ui/uieditor/widgets/vehiclehuds/hellstorm/vhud_hellstorm_internal
189be53e08699ecd,ui/uieditor/menus/cac/weaponpersonalization
18a228085bff138c,ui/uieditor/widgets/codcaster/codcasterobjectivestatussafeguard
18a81264d32cea77,ui/uieditor/widgets/hud/blackcell/horizontalcompassblackcell.lua
18b455f1df24d3f2,ui/uieditor/menus/craft/emblemeditor/emblemeditormaterialpicker
18b75eaa908eb4fc,ui/uieditor/menus/arena/leagueplayendrankup
18be628207884b41,ui/uieditor/widgets/craft/paintshop/paintshopcolorswatchcontrols
18beb1179fca4796,ui/uieditor/widgets/hud/console/consoleicon.lua
18c4f9160701a15c,ui/uieditor/widgets/callingcards/callingcards_legendaryimage.lua
18c66c9b1178245f,ui/uieditor/widgets/zmhudwidgets/hud_zm_timer
18c7cc7c20253b1e,ui/uieditor/widgets/reticles/mp/bowlauncherreticle_dot.lua
18cac5f3849b4e56,ui/uieditor/widgets/genericpopups/toast_bonusoutline.lua
18d3de31d16f3fdf,ui/uieditor/widgets/notifications/playercard/playercard_label
18d52912a320cd2e,ui/uieditor/widgets/demo/demopip
18d6d9944497a0ee,ui/uieditor/widgets/itemshop/supplychain/itemshopraritybackgroundstream_ultra.lua
18d84a4cc9c8ea9b,ui/uieditor/widgets/systemoverlays/systemoverlay_full_pcframe.lua
18de725b7fef015a,ui/uieditor/widgets/social/social_callingcardtitle.lua
18e2715ffba6ab84,ui/uieditor/widgets/callingcards/callingcards_prestige_perks_master.lua
18e85b5639cc87ba,ui/uieditor/widgets/arena/arenaleagueplayrubiesfour
18eacd8bbd3ebaec,ui/uieditor/menus/hud/hud_wz.lua
18f5f626f0433b75,ui/uieditor/widgets/aar_t8/summary/aarsubstat.lua
18f99bf758a9a5bf,ui/uieditor/widgets/startmenu/startmenu_options_network_statusoverview_wrapper
18ffe7c4e01e7052,ui/uieditor/widgets/cac/itemnewbreadcrumbwidget
1902e7fa8db2dc96,ui/uieditor/widgets/warzone/wzjumpkitselectorinternal
190919abfbf74f41,ui/uieditor/widgets/aar_t8/rewards/aarspecialeventitem.lua
190e1bd0218d1ba8,ui/uieditor/widgets/itemshop/itemshoptabbarcontainer.lua
1913509f8dbb19a6,ui/uieditor/widgets/reticles/uplink/uplinkballreticle.lua
191440d21f28384f,ui/uieditor/widgets/lobby/lobbystreamerblackfade.lua
191c98ecbe0f3484,ui/uieditor/widgets/pc/freecursor/freecursordetaileddescriptionpc
191f4dc229cc06b9,ui/uieditor/widgets/pc/pc_fullscreenpopup_buttons
1921141524671081,ui/uieditor/widgets/lobby/mapvote/mapvotelabellower
1922d9c15cdcf75a,ui/uieditor/widgets/pc/sliderbar_barhandle
192825f665d84b75,ui/uieditor/widgets/lobby/lobbyinspection/inspectiongamercardinternalwidget
192915d436c053d7,ui/lui/luiroot.lua
192b83baef50f467,ui/uieditor/widgets/callingcards/callingcards_asset_falconfly.lua
192be1836986069c,ui/uieditor/widgets/reticles/tak5/tak5reticle_lockon.lua
192d6055d105b7bc,ui/uieditor/menus/mp/specialisthub/mpspecialisthubweapons.lua
1930319865bd0ac4,ui/uieditor/widgets/mphudwidgets/scorepopup/mpscr_pluspoints.lua
193604c7b6b216ac,ui/uieditor/widgets/itemshop/listlabel
193ba3c001655e44,ui/uieditor/widgets/social/social_partymembericonlarge
1942f1a952abbf90,ui/uieditor/widgets/warzone/warzoneinventorypickuppulse.lua
19472e5e472c1362,ui/uieditor/widgets/hud/mp_scorestreakwidget/scrstk_combatefficiencypulse.lua
1949c87dbc2eecfa,ui/uieditor/widgets/specialist/specialistthemebutton.lua
19519427e8340a50,ui/uieditor/widgets/gamesettings/gamesettings_equipmentrestriction
1951c890e53d03bc,ui/uieditor/widgets/itemshop/reserves/reservesfoilfgloopeffects.lua
19537433151ed484,ui/uieditor/widgets/aar_t8/tierreward/aartierrewarditemglowanimationepic
1956bf8551f00f19,ui/uieditor/widgets/hud/killcam/killcamkilledbyequipmentlist.lua
19589fbcf6da4bd3,ui/uieditor/widgets/codcaster/codcasterloadoutmoduleperk.lua
1958fb7cf7ca3c5b,ui/uieditor/widgets/hud/zm_score/zmscrarcade_listing.lua
195a97da93538517,ui/uieditor/widgets/codcaster/codcasterobjectivestatuscontrol
195cbe7db7348806,ui/uieditor/widgets/pc/sliderbar
195cf4441939020c,ui/uieditor/widgets/codcaster/codcasterminimap
1961dfdc5b294530,ui/uieditor/widgets/codcaster/codcasterplayerlistrowhighlight.lua
1962245721ca492a,ui/uieditor/widgets/tablet/tabletlocationselector_pointmarker.lua
19627bb6a6e3ad34,ui/uieditor/widgets/mphudwidgets/gametypescoreinfo/singlescorenotification.lua
197396eb9ab45aff,ui/utility/weaponoptionsutility
1978edae499f12bf,ui/uieditor/widgets/mphudwidgets/outofbounds/outofbounds_warningstripe
197af37995fd5f88,ui/uieditor/menus/zm/zmstartweaponselect.lua
197b7daf2fc841fd,ui/uieditor/widgets/lobby/common/fe_memberblurpanelcontainer.lua
197d97dfff71263f,ui/uieditor/widgets/vehiclehuds/dart/vhud_dart_button_all.lua
197e1a2abde598d6,ui/utility/gridandlistutility
198160330e948c6f,ui/uieditor/widgets/specialist/specialistpersonalizationbuttonoptioninternal.lua
1987d9b3248ef869,ui/uieditor/widgets/callingcards/loot2/callingcards_loot2_circusclown_rightarm.lua
198a2df21e02a534,ui/uieditor/widgets/vehiclehuds/wasp/vhud_sentinel_timebar.lua
1995bc86e7764978,ui/lui/luiframe.lua
1997fefa52a1933a,ui/uieditor/soundsets
199814ce8a424f57,ui/uieditor/widgets/specialist/specialistoutfitrowbacking
199819692cdb3ff6,ui/uieditor/widgets/scrollbars/listcounterbutton.lua
199c2f6e11a7bf9f,ui/uieditor/widgets/aar_t8/rewards/aarplayerreward_zm
19a32babf689a433,ui/uieditor/widgets/itemshop/supplychain/supplychaincontentimage.lua
19ac0e7e5e178b72,ui/uieditor/widgets/zmhudwidgets/hud_zm_trial_strikes.lua
19b7d579e20263f6,ui/uieditor/widgets/hud/gameendscore_wz/gameendscore_headerbarmid.lua
19c48c2591ebdd8f,ui/uieditor/widgets/warzone/warzonequickinventorypromptinternal
19c7e562439904e6,ui/uieditor/widgets/startmenu/options/flyout/startmenu_options_settingsliderarrow.lua
19c81bf6d38bf260,ui/uieditor/widgets/warzone/warzone_emp_team.lua
19c845e427b3e350,ui/uieditor/widgets/endgameflow/finalkillcamplayerinfo
19ca67a3916a7ab6,ui/uieditor/widgets/warzone/warzonedeathcamlabelbutton
19ce4bb889b74799,ui/uieditor/widgets/pc/startmenu/graphicsoptions/startmenu_options_pc_graphicsoptions_descriptiontextbox
19d477ea0b04c15d,ui/uieditor/widgets/endgameflow/playofthematchwidget.lua
19d4ab5273c45dce,ui/uieditor/widgets/challenges/challengeswzsummary.lua
19d86ea4c820510d,ui/uieditor/widgets/itemshop/supplychain/purchasetiers
19d96720e6d4f7df,ui/uieditor/widgets/challenges/challengesstickerbook.lua
19db4574e0cfe527,ui/uieditor/widgets/hud/mp_scorestreakwidget/scrstk_combatefficiencybackglow.lua
19dde9339a713f2e,ui/uieditor/widgets/motd/motd_bannerimageinternal.lua
19e2e2853e16303d,lua/lobby/lobbytest.lua
19e8a2279a97d132,ui/utility/pcoptionsutility.lua
19ec6c73b605edb3,ui/uieditor/widgets/competitive/competitiveaardivisionrankawardplaces
19ef8e7ef66dcc85,ui/uieditor/widgets/vehiclehuds/vhud_buttonprompt_minimal
19f0ef34539db58f,ui/uieditor/widgets/arena/arenafindgamedetailmodes
19f606d91eab9f64,ui/uieditor/widgets/arena/arenaeventtimer
19f874f557a05ded,ui/uieditor/widgets/mphudwidgets/outofbounds/outofbounds_returnbox
1a002c72d8e50da5,ui/uieditor/widgets/pc/startmenu/pc_startmenu_options_hudbounds_buttons.lua
1a00a40f7ecc2ba3,ui/uieditor/widgets/pc/startmenu/graphicsoptions/startmenu_options_pc_graphics_advanced
1a0123492fc86d33,ui/uieditor/widgets/aar_t8/merit/meritreportheadertext
1a0fcaca9f37d397,ui/uieditor/widgets/customgames/customgames_settingslider.lua
1a1884ee33b19dc2,ui/uieditor/widgets/warzone/warzoneinventoryammoitem
1a1b9abe59dc83dc,ui/uieditor/widgets/zmfrontend/zmaarscoreboardtab
1a1c5c0d6fbc2977,ui/uieditor/widgets/directorarenamatchmaking.lua
1a1d3d059e6cf4d9,ui/uieditor/widgets/pc/socialmenu/pcsocialmenu_playerlistitem_playerinfos_invitetoparty
1a2efb7824bb47a2,ui/uieditor/widgets/itemshop/contracts/contractdetailspanelsunset.lua
1a3030be2d7bf955,ui/uieditor/widgets/pc/startmenu/pc_startmenu_options_hudbounds_buttons
1a47fe6b11516073,ui/uieditor/menus/lobby/directorcustomgamesetupwz.lua
1a48bfe8cfeebeb1,ui/uieditor/widgets/hud/abilitycallout/abilitycallout_queue.lua
1a4ccb6d89effdff,ui/uieditor/widgets/pc/startmenu/graphicsoptions/startmenu_options_pc_graphicsoptions_suboptionslist.lua
1a4e58ff04ef52d1,ui/uieditor/widgets/debug/lobbyprocessqueuedebugitemtext
1a51cf20676138ef,ui/uieditor/widgets/craft/emblemeditor/decalgroupsavailable
1a5324162e5573cf,ui/uieditor/widgets/callingcards/callingcards_snakegods_asset_hero
1a53cf6d798ba9d4,ui/uieditor/widgets/mphudwidgets/waypoint_contestedarrowwidget.lua
1a5427b292028320,ui/uieditor/widgets/hud/cp_damagewidget/damagewidget_pixel
1a54f27f22b6b2bb,ui/uieditor/widgets/cac/weaponattachmentselect/uberattachmentslot
1a560a1af5e4a2b9,ui/uieditor/widgets/zmhudwidgets/rush/rush_playercard_position_indicator.lua
1a5ca6bb5622ff32,ui/uieditor/widgets/craft/emblemeditor/colorpicker/emblemcolorelement.lua
1a6964a63261bbd0,ui/uieditor/widgets/arena/gauntlet/arenagauntletwincounter.lua
1a6e027ec2d1bee7,ui/uieditor/widgets/director/directortabheader
1a7c4cf84718519f,ui/uieditor/widgets/pc/pc_achievements_totalpoints_circularprogress
1a7d0d8f7919b67a,ui/uieditor/widgets/pc/socialmenu/pcsocialmenu_pendingrequests.lua
1a7d14fef62368b7,ui/uieditor/widgets/onofftext.lua
1a82c27407cbda10,ui/uieditor/widgets/scoreboard/zm/scoreboardrowzm
1a876ab64b176033,ui/uieditor/widgets/pc/pc_tabsarrow.lua
1a876df622faedff,ui/uieditor/widgets/arena/arenaleagueplay_ladderskilldivision
1a8eb05929f95df8,ui/uieditor/widgets/notifications/publiclobbystagenotification/stagenotificationcontainer.lua
1a9a5a2e13ef4ea5,ui/uieditor/widgets/vehiclehuds/ground/vehicleground_irisoutterthininternal.lua
1a9b9965f6f12714,ui/uieditor/widgets/social/social_infopane_presence
1a9cddc555b77202,ui/uieditor/widgets/hud/equipment/blackhat/blackhat_internal
1ab752fefff9ac50,ui/uieditor/widgets/vehiclehuds/mothership/vhud_ms_griddotshostr
1aba4f0586fe0e9f,ui/uieditor/widgets/warzone/warzone_emp_vehicle
1abea9ac25470603,ui/uieditor/widgets/wzaar/wzaar_challenge.lua
1ac8a73199850608,ui/uieditor/widgets/challenges/challenges_mastercallingcardwidget_internal.lua
1acb13f0dac12231,ui/uieditor/widgets/hud/core_ammowidget/ammowidgetwz_weaponinfo.lua
1ace2f852bdebb88,ui/uieditor/widgets/scorestreaks/callingscorestreaks/genericprojectedtabletinternal
1ae3d4421a58830d,ui/uieditor/widgets/zmfrontend/zmloadoutpreviewlockedoverlay.lua
1ae8904a5f5f8ec0,ui/uieditor/widgets/aar_t8/rewards/aarweaponreward
1ae9782574bd3e55,ui/uieditor/widgets/cac/loadoutclassitemequipment
1aed1e0f58da868f,ui/uieditor/widgets/codcaster/codcasterbuttonpromptcontainer_onlykeyboardkey
1aee1a1961c44090,ui/uieditor/widgets/itemshop/supplychain/supplychainstreaminternal
1aefc377c7eaf64d,ui/uieditor/widgets/systemoverlays/systemoverlay_saveemblemframe.lua
1af0b82b5a16a7b8,ui/uieditor/widgets/startmenu/startmenu_button_callingcards.lua
1af2dff4ae61e4b5,ui/uieditor/widgets/aar_t8/tierreward/aartierrewardcolumn
1af6c8c382d3c251,ui/uieditor/widgets/callingcards/callingcards_snakegods
1af878be71f0d5c8,ui/uieditor/widgets/common/commontabbutton.lua
1afc19d5a265543e,ui/uieditor/widgets/menuspecificwidgets/scorestreaks/scorestreakvignettecontainer
1afdd7f6093dab91,ui/uieditor/widgets/scoreboard/tabbedscoreboardscoresffa.lua
1b046df181a7627c,ui/uieditor/widgets/challenges/challengesglobalprogressbar
1b0ba64ed67f60a7,ui/uieditor/widgets/reticles/mp/bowlauncherreticle_l4.lua
1b0e4f5239c26e0e,ui/uieditor/widgets/director/directorlaboratorybutton.lua
1b12b989b01447c2,ui/uieditor/menus/startgameflow/loading_zm.lua
1b175512a7a605a8,ui/uieditor/widgets/itemshop/purchaseitemcontentimage
1b1b45f210299d24,ui/uieditor/widgets/startmenu/options/startmenu_options_privacysettingsscrollprompt
1b1c07471dee89f6,ui/uieditor/widgets/mphudwidgets/bountyhunter/bountyhunterpackagetierseparator
1b2284f4695a5bb6,ui/uieditor/widgets/craft/emblemeditor/emblemitem
1b270dba58a72446,ui/uieditor/widgets/vehiclehuds/genericpooledvehiclehealthbar
1b27433dc801fd11,ui/uieditor/menus/motd
1b27a593c5400711,ui/uieditor/widgets/tablet/tableticepick_backgroundpc
1b27a66e14749c80,ui/uieditor/widgets/vehiclehuds/hellstorm/vhud_hellstormreticlefocus.lua
1b2a99bc6e64af75,ui/uieditor/widgets/lobby/common/vodviewerfooter
1b2deddb9cfbd783,ui/uieditor/widgets/callingcards/callingcards_summer
1b2fd7475c9627cd,ui/uieditor/widgets/warzone/warzoneinventorycounter.lua
1b3036ffddeaae8e,ui/uieditor/widgets/header/header_container_frontend.lua
1b35d46ab8a7e2bd,ui/uieditor/widgets/craft/emblemeditor/colorpicker/emblemeditorcolormixercontainer
1b3bf131ef4361fc,ui/uieditor/widgets/hud/safeareacontainers/hud_wz_safeareacontainer_back
1b3d30c292d70de1,ui/uieditor/widgets/codcaster/codcasterloadoutwildcard.lua
1b3eabfae4736e17,ui/uieditor/widgets/itemshop/shoptimer
1b4479f96debe738,ui/utility/blackmarkettableutility.lua
1b4ca9804aae519a,ui/uieditor/widgets/director/directorselectsafeareacontainer
1b509068fd771a37,ui/uieditor/widgets/director/directortagsui3d.lua
1b51ec62a29bba9a,ui/uieditor/widgets/scoreboard/tabbedscoreboardinfoterrain
1b5209bf7a7eac9d,ui/uieditor/luielems/luielemimage.lua
1b57564707d9eb98,ui/uieditor/widgets/pc/zm/pc_equippedbgb
1b5c8f89e079db53,lua/lobby/process/lobbyprocessnavigate.lua
1b62e6184775547c,ui/uieditor/menus/startmenu/startmenu_options_network.lua
1b6453c3caf71ccf,ui/uieditor/widgets/mphudwidgets/outofbounds/outofbounds_timerwidget.lua
1b651e1cee8e6b0b,ui/uieditor/widgets/wzaar/wz_aarcharactercontainerinternal.lua
1b68ad1c4d3c481e,ui/uieditor/widgets/lobby/common/fe_helpitemslabel
1b69131fbd774c53,ui/uieditor/widgets/director/directortagsui3d
1b69a99001e4d485,ui/uieditor/menus/craft/paintshop/paintjobselectoroptions
1b7436bffe7fccf1,ui/uieditor/widgets/cac/weaponvariants/weaponvarianttriggers
1b77a73551832af3,ui/uieditor/widgets/hud/gameendscore_wz/gameendscore_wz.lua
1b7996665185aa23,ui/uieditor/widgets/hud/core_ammowidget/ammowidget_backline
1b7c513ed1a50387,ui/uieditor/widgets/hud/core_ammowidget/abilityholdtoactivatezm.lua
1b8008ea1983bf95,ui/uieditor/widgets/codcaster/codcasterobjectivestatussd.lua
1b818d70090d42bb,ui/uieditor/widgets/lobby/missingdlcnotification_internal
1b821c5b6712c24d,ui/uieditor/widgets/playercard/selfidentitybadge.lua
1b8c4f689c768a69,ui/uieditor/widgets/mphudwidgets/codcaster/codcastermap.lua
1b99cf3e07b13338,ui/uieditor/widgets/director/directorleaderactivitybg
1ba2eb059520cd9a,ui/uieditor/widgets/reticles/mp/scythereticle.lua
1ba8314cd1d6cfc3,ui/uieditor/widgets/aar_t8/summary/aarnumericalstathistory
1bb5017b6f5c89a0,ui/uieditor/widgets/arena/leagueplayendrankladder.lua
1bb65ae797e77e7b,ui/uieditor/widgets/cac/restricteditemwarningbar
1bc8a85b2fc99d87,ui/uieditor/widgets/zmhudwidgets/inventory/zminventorylistinternal.lua
1bd24b77ae19f9f4,ui/uieditor/widgets/craft/emblemeditor/emblemlayerarrows.lua
1bd40a5fcadfcc86,ui/uieditor/widgets/codcaster/codcasterteamidentityinformationpanel.lua
1bd4f2948bbf0002,ui/uieditor/widgets/utilities/imageprompt
1bd64966d934b616,ui/uieditor/menus/aar_t8/tierreward/aartierreward.lua
1bd662e0050cc378,ui/uieditor/widgets/warzone/warzonearmorstashcount_pc.lua
1bd9a705145421b2,ui/uieditor/widgets/store/storefeaturedcenterbutton
1be31e57b3dfd64d,ui/uieditor/widgets/footer/fe_leftcontainermain
1bf312aecdb10e1d,ui/uieditor/widgets/scorestreaks/callingscorestreaks/genericprojectedtablet.lua
1bf4f16d8f310645,ui/uieditor/widgets/hud/core_ammowidget/ammowidget_stockammo_emptypulse.lua
1bfa696de49fceec,ui/uieditor/widgets/hud/zm_roundwidget/zmrnddigits.lua
1c01c702d0c9c363,ui/uieditor/widgets/aar_t8/contracts/aarcontractstabinternal
1c05c22817826024,ui/uieditor/widgets/common/commonxpicon
1c0fc1ab6cf67c8f,ui/uieditor/widgets/common/commonsocialarrow.lua
1c13cdf83d1e2b76,ui/uieditor/widgets/store/storecommontextbacking02
1c13ed5fbec79763,ui/uieditor/widgets/social/social_options_slidernarrow
1c193277e26ccdf1,ui/uieditor/widgets/common/commonhudtiledbackground01
1c19c0be11dd9bd3,ui/uieditor/widgets/warzone/wzreinsertionpassengercount
1c19e7fbf81b62c9,ui/uieditor/widgets/codcaster/codcasterobjectivestatuslifeteam2
1c1acb20bd53615e,ui/uieditor/widgets/loadinganimation/loadingscreenskipprompt
1c1ede1e11ed7e3a,ui/uieditor/widgets/warzone/warzonekills.lua
1c23efe1b0477542,ui/uieditor/widgets/director/directormatchmakingtimer.lua
1c249624224a1e2b,ui/uieditor/widgets/director/directorcodcasterlist.lua
1c2532db44a9b006,ui/uieditor/widgets/hud/zm_notiffactory/zmnorif_backlines01rotation
1c2f345c8ff5611e,ui/uieditor/widgets/zmfrontend/armory/armory_attachmentcontainer
1c2f92b607cc8731,ui/uieditor/widgets/reticles/tak5/tak5reticle
1c3166633f638a68,ui/uieditor/widgets/startmenu/startmenu_stenciledconnectionmeter
1c3ae513a24de7ab,ui/utility/warutility
1c418071bb8e356d,ui/uieditor/widgets/hud/proximityalarm/proximityalarm
1c4873e75b9cce20,ui/uieditor/widgets/craft/emblemeditor/decalpreview
1c4df7352304aecf,ui/uieditor/widgets/itemshop/contracts/contractraritybackground
1c4e7c9ebf8019ed,ui/uieditor/widgets/arena/leagueplayyouplaced.lua
1c5498697e836cb4,ui/uieditor/widgets/lobby/localserverplayerlistrow
1c56d5cf03049b3c,ui/uieditor/widgets/callingcards/callingcards_loot_cowboyandmonsters
1c57082506d1e1ad,ui/uieditor/widgets/endgameflow/playofthematchgamertag
1c598e2c46494586,ui/uieditor/widgets/itemshop/supplychain/supplychaindetailimage3d
1c5bffd63a566ec6,ui/uieditor/widgets/hud/core_ammowidget/ammowidgetmp_ultimate_progress_pulse
1c5e5e392cd3329c,ui/uieditor/widgets/hud/core_ammowidget/ammowidget_ammocaliber.lua
1c60fd8929dc5f5d,ui/uieditor/menus/cac/wildcardselect.lua
1c61249ff76c1459,ui/uieditor/widgets/callingcards/callingcards_asset_pirates_pirate
1c61a61dbc4fee01,ui/uieditor/widgets/fileshare/fileshareselecteditempreview
1c61bd4bc39f552b,ui/uieditor/widgets/arena/arenaeventtimersmall
1c62fb8337436def,ui/uieditor/widgets/mphudwidgets/overheadname_wz.lua
1c6791c01f360b28,ui/uieditor/widgets/callingcards/loot3/ui_icon_callingcards_invasion_lamb1.lua
1c6eeded736d231e,ui/uieditor/widgets/cac/menuchooseclass/chooseclassoverlay
1c7393046816f760,ui/uieditor/widgets/aar_t8/levelup/aarlevelcommonboxes
1c73a5df0bb8a2a6,ui/utility/pckoreautility.lua
1c792dff66efd1a2,ui/uieditor/widgets/hud/gameendscore/gameendscorecenterwidget
1c7de356af9baf22,ui/uieditor/menus/craft/emblemeditor/emblemiconcolorpicker.lua
1c7f50c5b6f789e8,ui/uieditor/widgets/zmhudwidgets/inventory/zminventoryquestbackinginternal.lua
1c80ffa3e5176312,ui/uieditor/widgets/craft/paintshop/paintjobweaponselectsafeareacontainer.lua
1c827432a04dab09,ui/uieditor/widgets/hud/deadspectate/deadspectate_internal.lua
1c82da0787cd70db,ui/uieditor/widgets/customgames/customgames_officialbadgeicon.lua
1c90329bb148f681,ui/uieditor/menus/pcui/pc_playeraccount.lua
1c918fb8138bd18d,ui/uieditor/widgets/social/social_managepartyplayerrealname.lua
1c92e584d9cb1860,ui/uieditor/widgets/warzone/wzpersonalizeweapon_attachmentslot
1c946593e8e31e99,ui/uieditor/widgets/keyboardtextfieldinternal.lua
1c9ad4bdb9d566b5,ui/uieditor/widgets/arena/leagueplayleaderboard_infopanewinstreak.lua
1ca0eb707e29487a,ui/uieditor/widgets/reticles/blackcell/teammatelockon
1ca18cd922a43cfe,ui/uieditor/widgets/startmenu/wz/startmenu_armorplateslist
1ca61ce2a8e69b5c,ui/uieditor/widgets/pc/footer/footerbuttonpromptpc.lua
1cac50608c125550,ui/uieditor/widgets/callingcards/loot3/ui_icon_callingcards_crimewave_wheelspin02
1cac53608c125a69,ui/uieditor/widgets/callingcards/loot3/ui_icon_callingcards_crimewave_wheelspin01
1cacf05396a4a836,ui/uieditor/widgets/vehiclehuds/buttons/vhud_generic_button_layout
1cb04bb1dac721ae,ui/uieditor/widgets/codcaster/codcaster_settings_categorytabs_bg.lua
1cb1c5b03e1809ba,ui/uieditor/widgets/hud/gameendscore/gameendscoregraphicframe.lua
1cc3a2f9b706d32d,ui/uieditor/widgets/hud/core_ammowidget/ammowidgetzm_weaponinfo.lua
1cc602f6a26ae0d6,ui/uieditor/widgets/cac/attachmentloadoutclasslistitem
1ccc321a04048e72,ui/uieditor/widgets/hud/blackhat/waveformblackhat
1ccc39cc4e37f9fa,ui/uieditor/menus/aar_t8/levelup/aarlevelupoverlay.lua
1cd2fdaad92479d2,ui/uieditor/widgets/warzone/warzonecontextualextraitems_rightalign.lua
1cd693e3907bea6e,ui/uieditor/widgets/pc/bnetstore/pc_bnetstore_giftbutton.lua
1ce74cbc78a8d9f0,ui/uieditor/actions_helper.lua
1ce770d9dc6bd82c,ui/uieditor/widgets/itemshop/itemshopcycleprompts
1ce86c6a2e551089,ui/uieditor/widgets/hud/deadspectate/deadspectate_spectatingmodebuttonprompt.lua
1ced5f2569bfff4a,ui/uieditor/widgets/systemoverlays/systemoverlay_freecursor_layout
1cee87353c67a42a,ui/uieditor/widgets/wzaar/wzaar_containers
1cf0f7cdec32327f,ui/uieditor/widgets/hud/compassminimapmap.lua
1cf1ee42d07cf2c4,ui/uieditor/widgets/hud/zm_notiffactory/zmnorif_frontlines01rotation.lua
1cf5b4cc5bf2971b,ui/uieditor/widgets/cac/cac_buttonboxlrginactivestroke
1cf80a92c50d8726,ui/uieditor/widgets/social/social_rankiconandranklargecontainer.lua
1cfbd7a1aeaf7b3a,ui/uieditor/widgets/itemshop/reserves/reserveslootcasebuttoncontainer.lua
1d01b918eba9408a,ui/uieditor/widgets/mphudwidgets/gametypescoreinfo/singlescorenotification_waypoint
1d0d985626ba46d4,ui/uieditor/widgets/lobby/common/vodviewerfootercontainer.lua
1d0dd4bae5f1fadb,ui/uieditor/widgets/social/social_playerslistbutton_trial
1d11d1df18bd22e6,ui/uieditor/widgets/vehiclehuds/mothership/vhud_ms_notificationflir
1d15797b08b66dd4,ui/uieditor/widgets/aar_t8/merit/aarmeritreporttab
1d1b72c431d2cbb7,ui/uieditor/widgets/cac/equipmentselect/specialistequipmenttablistwidget
1d1bb2b99fadfab6,ui/uieditor/widgets/scoreboard/tabbedscoreboardscores
1d1d5f6e1edad2b9,ui/uieditor/widgets/social/social_partyleadericonlarge
1d1da9ddee6a80e7,ui/uieditor/widgets/hud/map/compassgroupsquare.lua
1d212aaef11b3b80,ui/uieditor/widgets/endgameflow/killcamkillcount
1d22f30bb2630bf5,ui/uieditor/widgets/genericpopups/toast_itemtitleglow.lua
1d24f8923a4f34db,ui/uieditor/menus/lobby/entitlementpopup.lua
1d2b07b098532876,ui/uieditor/widgets/vehiclehuds/vhud_layoutdotlinegrid
1d2b2a2264a489df,ui/uieditor/widgets/codcaster/codcastersettingssidebardisplaysettings
1d2b3abd3d7fb0c3,ui/uieditor/widgets/endgameflow/codcasterteamflare.lua
1d317bb250eafb86,ui/uieditor/widgets/systemoverlays/systemoverlay_classoptionsframe
1d33d5b1a765e42a,ui/uieditor/widgets/zmfrontend/cac/zmperkslotinternal.lua
1d377066f23b0ab7,ui/uieditor/widgets/craft/emblemeditor/emblemdrawwidgetnew.lua
1d3803ea5c074913,ui/uieditor/widgets/lobby/common/layoutelements/commonanalysingindicator.lua
1d49cdf3d9e3dc08,ui/uieditor/widgets/itemshop/itemhistoryframe
1d5c67f7d717f8b0,ui/uieditor/widgets/pc/wilcardselect_pc_emptyfocusable.lua
1d5e1f5bb449688e,ui/uieditor/widgets/startmenu/startmenu_background.lua
1d61e4491e943014,ui/uieditor/widgets/mphudwidgets/bountyhunter/bountyhunterammobuyinternal.lua
1d66600ffd4a3ab0,ui/uieditor/widgets/systemoverlays/systemoverlay_connectinganim.lua
1d68b63883ece040,ui/uieditor/menus/charactercustomization/wzjumpkitselector
1d68f8c896a1d4ca,ui/uieditor/widgets/cac/cac_labelnew.lua
1d6a245347d24e48,ui/uieditor/menus/itemshop/quartermastermenu
1d6c65505b4fc97f,ui/uieditor/widgets/aar_t8/arena/aar_rankupstarslist.lua
1d6ecdf7755aeddc,ui/uieditor/widgets/common/commonheader
1d725614df0dc9ec,ui/uieditor/widgets/pc/startmenu/pc_startmenu_options_tick
1d7f963f33e01035,ui/uieditor/widgets/craft/craftgradientbutton.lua
1d81ae0388b79d50,ui/uieditor/widgets/social/social_infopane_presence_joinableicon
1d839165a1df7115,ui/uieditor/widgets/codcaster/codcasterloadoutmoduleprimarywildcard
1d84206e83dbcd1d,ui/uieditor/widgets/vehiclehuds/genericvhudtimebar
1d867300e0099eca,lua/lobby/lobbyplatform
1d8705486e5dd87f,ui/uieditor/widgets/hud/carryinputprompt
1d88698a1cc64b86,ui/uieditor/widgets/callingcards/loot2/callingcards_loot2_circusclown_leftarm.lua
1d8df3ef24fdff26,ui/uieditor/widgets/challenges/challenges_profilerlock.lua
1da04cd5b9b81936,ui/uieditor/widgets/scoreboard/zm/scoreboardzm.lua
1da97d095e7674d3,ui/uieditor/widgets/craft/emblemeditor/emblemdrawwidgetnew
1db344dd1ae33612,ui/uieditor/menus/overlaysystem/systemoverlay_full.lua
1db411ae237404c2,ui/uieditor/widgets/callingcards/callingcards_specialized_master
1db56e8522ed782c,ui/uieditor/menus/itemshop/purchasedcontractsmenu
1db806626fb64f10,ui/uieditor/widgets/backgroundframes/genericmenuframeidentity
1dbd216abb19e109,ui/uieditor/widgets/pc/startmenu/dropdown/optiondropdownitem
1dbf24db6ac58306,ui/uieditor/widgets/pc/expandableoption_button
1dc7282a18b413e0,ui/uieditor/widgets/craft/emblemeditor/emblemeditorpclegend
1dcab1ee13d5a909,ui/uieditor/widgets/cac/cactabbuttoninternal.lua
1dd2fb2034a0f264,ui/uieditor/widgets/mphudwidgets/bountyhunter/bountyhunterpreviewmultiitems
1dd546c857823f5f,ui/uieditor/menus/overlaysystem/systemoverlay_messagedialogfull
1ddc34863b8534a2,ui/uieditor/menus/craft/emblemeditor/emblemiconcolorpicker
1dddc350afc94b48,ui/uieditor/widgets/zmhudwidgets/hud_zm_laststand_bleedout_perk_bar_item
1dde7ad4f6964ef4,ui/uieditor/widgets/utilities/progressbar_rank.lua
1ddedf6ae7cd21e9,ui/uieditor/widgets/arena/arenainfotabpastevents.lua
1de2f0cb35c63619,ui/uieditor/widgets/specialist/specialistextraitemsspacerentry.lua
1deae7175e472451,ui/uieditor/widgets/challenges/challengescallingcardprofilerglobal.lua
1dede930c742b88a,ui/uieditor/widgets/wzaar/wzaar_containers.lua
1df16f5b30cacdcc,ui/uieditor/widgets/hud/mp_scorestreakwidget/support_buttonarrow.lua
1df5e8c0811b1c44,ui/uieditor/widgets/lobby/mapvote/mapvoteitemzm.lua
1df7755bedd20c69,ui/uieditor/widgets/pc/cyclinglist.lua
1e01da863e7cc28f,ui/uieditor/widgets/health/healthinfo
1e0806a8fe69d83b,ui/uieditor/widgets/pc/pcvoicechatwidget.lua
1e201e7e41431aa7,ui/uieditor/widgets/lobby/common/fe_buttonpanel
1e23d5161b4ec5ee,ui/uieditor/widgets/arena/arenakillcamvictimrank
1e2681b30f3e3f3a,ui/uieditor/widgets/lobby/common/liveeventviewerfooter.lua
1e28ba49e41f762f,ui/uieditor/widgets/mp/matchsettings/ingameplayerlistrow.lua
1e2932421616529a,ui/uieditor/widgets/callingcards/callingcards_bootcamp_master
1e29c03177753928,ui/uieditor/widgets/callingcards/callingcards_pirates
1e2b73402f507147,ui/uieditor/luielems/wz/insertion_passenger_count.lua
1e496e1615b73244,ui/uieditor/widgets/itemshop/supplychain/itemshopraritybackgroundstream_rare
1e4b3f9e94fd7df6,ui/uieditor/widgets/reticles/chargeshot/chargeshot_reticle.lua
1e4d86781e568c41,ui/uieditor/widgets/hud/core_ammowidget/ammowidget_abilityglow
1e4eb16c6bc0f4f1,ui/uieditor/menus/zm/armory_attachmentselect.lua
1e554beb9f6a35a2,ui/uieditor/widgets/callingcards/callingcards_asset_mech
1e5bfb75539585a8,ui/uieditor/widgets/codcaster/codcaster_settings_categorytabs
1e60c7a6a8dbc5ed,ui/uieditor/widgets/hud/gameendscore/gameendscoreroundlistreverse.lua
1e6511df8a0bebdc,ui/uieditor/widgets/mphudwidgets/bountyhunter/bountyhunterpreviewitem.lua
1e684a12e08cb456,ui/uieditor/widgets/loadinganimation/loadingscreenskipprompt.lua
1e69a699d13ef927,ui/uieditor/widgets/pc/footer/footer_bg
1e7022b38d489ba3,ui/uieditor/widgets/vehiclehuds/gunship/vhud_gunship_health
1e7e526d2f483cd6,ui/uieditor/widgets/aar_t8/rewards/aarclassreward
1e82e6931d003ae7,ui/uieditor/widgets/codcaster/codcasterbuttonprompt
1e835eef02396a63,ui/uieditor/widgets/vehiclehuds/mothership/vhud_ms_seating
1e84ca3f357c6e23,ui/uieditor/widgets/mphudwidgets/bountyhunter/bountyhuntergenericbuyinternal.lua
1e8e4ca11e9bec8b,ui/uieditor/widgets/common/commonsocialarrow
1e8fe55df50eee78,ui/uieditor/widgets/tablet/tak5/tablettak5_connectiontext.lua
1e921acb1415f1b2,ui/uieditor/widgets/aar_t8/arena/aar_rankupstar
1e974620a2d49d8f,ui/uieditor/widgets/hud/corner9slicezm
1e9a899f0d64ca31,ui/uieditor/widgets/social/social_infopaneleft.lua
1e9e496aebff9ea8,ui/uieditor/widgets/startmenu/options/flyout/startmenu_options_flyoutindicator.lua
1ea788cab9c8c2f2,ui/uieditor/widgets/director/directorscreenheader
1ea851187c83fb56,ui/uieditor/widgets/reticles/chargeshot/chargeshot_reticle_ui3d
1eaaf8babe4dd617,ui/uieditor/widgets/lobby/common/vodpreviewwidgetvideo.lua
1eac8a36e00db00c,ui/uieditor/widgets/pc/footer/footerbutton_quitback
1eb22b0e6f45d9df,ui/utility/freecursorutility
1eb39851ba609930,ui/uieditor/widgets/vehiclehuds/hellstorm/vhud_hellstorm_internal.lua
1eb877cb1dbb2e7a,ui/uieditor/widgets/blackmarket/contracts/bm_contractequippedtick.lua
1ec068c738d259b9,ui/uieditor/widgets/hud/core_ammowidget/ammowidgetwz_weaponinfo
1ed2ea2149105e13,ui/uieditor/widgets/mphudwidgets/thrustmeter/thrustmeterchevronthin
1ed710b42a5e9462,ui/uieditor/widgets/hud/core_ammowidget/ammowidgetzm_ammomodifier
1ed983b0e4a2c2d4,ui/uieditor/widgets/director/directortogglepartyfill.lua
1edfe9269a474224,ui/uieditor/widgets/pc/startmenu/voiceoptions/startmenu_options_pc_voice_voicebar_recordbutton
1ee31f3020161408,ui/uieditor/widgets/cac/menuchooseclass/itemwidgets/weaponlevelwidget.lua
1ee845b827f7f55a,ui/uieditor/widgets/director/directorlobbymemberinternal
1ee862a5c760e804,ui/uieditor/widgets/hud/centerconsole/centerconsoletext
1eeb1847d838c6b1,ui/uieditor/widgets/cac/cactabbuttoninternal
1eeba179b3edce79,ui/uieditor/widgets/social/social_playerslistbuttonwithcheckbox
1ef643b0f71e0bc5,ui/uieditor/widgets/hud/zm_fx/zmfx_spark2ext
1ef84e16818c945b,ui/uieditor/widgets/craft/drawemblemfocusable.lua
1ef978ed98b6bae2,ui/uieditor/widgets/craft/emblemeditor/emblemiconnew_internal
1efd032ac6835d14,ui/uieditor/widgets/startmenu/startmenu_options_safearea_hints
1efe9d9c453df19e,ui/uieditor/widgets/startmenu/startmenu_gameoptions_zm.lua
1f03c4f3b9e9cdbe,ui/uieditor/widgets/fileshare/selectedfilmsummarygameresult.lua
1f0406bdf165d406,ui/uieditor/widgets/scrollbars/horizontalcounter.lua
1f0aafbf6db03300,ui/uieditor/widgets/startmenu/wz/startmenu_inventorylist
1f0d2877768de82a,ui/uieditor/widgets/craft/emblemeditor/stickersetbonusitem
1f0d68f3a9305a0a,ui/uieditor/widgets/vehiclehuds/turret/vhud_turret_internal.lua
1f0ddf21c9f3b2b6,ui/uieditor/widgets/chatclientchatentrychannel.lua
1f13acb26eff999c,ui/uieditor/widgets/callingcards/loot3/ui_icon_callingcards_dystopian_armglow
1f1590e4ff8f5c5e,ui/uieditor/widgets/scoreboard/tabbedscoreboardrowleft
1f1d4d05c64c0293,ui/uieditor/widgets/hud/gameendscore_wz/gameendscore_eliminatedbacking
1f26222fbc6aaef2,ui/uieditor/widgets/pc/startmenu/controlsoptions/pc_startmenu_options_controls_descriptiontext.lua
1f2745fd281c7796,ui/uieditor/widgets/lobby/common/fe_helpitemslabel.lua
1f2774d6ccf07f5b,ui/uieditor/widgets/pc/startmenu/graphicsoptions/startmenu_options_pc_graphicsoptions_suboptionslist
1f27b5b9bcc60a33,ui/uieditor/widgets/pc/sidebuttonexpendable.lua
1f285538eb3b9640,ui/uieditor/widgets/itemshop/contracts/contractseasonaloverlay
1f2c02df87a3e084,ui/uieditor/widgets/fileshare/fileshareselectoritemwide.lua
1f30d684ab98d177,ui/uieditor/widgets/blackmarket/contracts/bm_contractsslotbutton.lua
1f310290ea79778a,ui/uieditor/widgets/chat/chatclientchatentry.lua
1f35548f980a65c8,ui/uieditor/menus/startmenu/popups/startmenu_options_codaccount_cta
1f36ab7cad5146e5,ui/uieditor/widgets/startmenu/startmenu_safeareacontainer.lua
1f36efd8ed402d78,ui/uieditor/widgets/vehiclehuds/turret/vhud_turret_reticle_arrows.lua
1f3949c53c73a596,ui/uieditor/widgets/itemshop/reserves/reservesspecialcontract
1f3c5259f470592d,ui/utility/overlayutility
1f3f161a118c1f4e,ui/uieditor/widgets/vehiclehuds/hawk/vhudhawkweaksignalwarningtext
1f3fe1d936810819,ui/uieditor/widgets/pc/socialmenu/pcsocialmenu_playerlistitem_empty.lua
1f41b9d25500165f,ui/uieditor/widgets/mphudwidgets/overheadname_killcam_wz
1f42af8ef7d46934,ui/uieditor/widgets/leaderboard/leaderboard_playerprofileinfowidget.lua
1f49ccb61b0dc65e,ui/uieditor/widgets/vehiclehuds/genericvhudreloadprompt
1f4a60a5c827f49d,ui/uieditor/widgets/scorestreaks/scorestreaks_titlebox.lua
1f4c0cb9e41c1ab5,ui/uieditor/widgets/mp/matchsettings/startmenu_changeteam_listwidget.lua
1f4f9bbbdf77f313,ui/uieditor/widgets/specialist/specialistoutfitrowbacking.lua
1f509db5d3ee66ac,ui/uieditor/widgets/codcaster/playerportraitfocustop
1f52f792d7bdf1eb,ui/uieditor/widgets/vehiclehuds/wasp/vhud_sentinel_outofrangelabels.lua
1f5a6fba96d34893,ui/uieditor/widgets/hud/gameendscore/gameendscorematchbonustitle
1f5c0e77253a03dc,ui/utility/codaccountutility
1f6092036c619557,ui/uieditor/widgets/pc/pc_emptywidget.lua
1f662f076801d656,ui/uieditor/widgets/pc/battlenet_checkout_view.lua
1f6720200fee8f1f,ui/uieditor/widgets/borderthin
1f723650c7c11789,ui/uieditor/widgets/mphudwidgets/outofbounds/outofbounds_box_arrow.lua
1f7e80e4c680aac7,ui/uieditor/widgets/reticles/mp/spectrelockcenterdot.lua
1f87a6602f5822b3,ui/uieditor/widgets/craft/emblemeditor/decallistframepaintshop
1f885721e8768c0f,ui/uieditor/widgets/itemshop/contracts/contractseasonaloverlay_previewbutton
1f891ca8c8383a87,ui/uieditor/widgets/demo/democontrolsbuttonlightmanparameters.lua
1f91d9d528eb4ebd,ui/uieditor/widgets/director/directorselectbuttonimageinternal
1f92bf4539d9459a,ui/uieditor/widgets/chat/chatclientchatentrylineoftext.lua
1f93529087f1d7ad,ui/uieditor/widgets/pc/battlenetfriendlist/pc_battlenet_sendrequestbutton.lua
1f9aabd3089d1b4a,ui/uieditor/widgets/hud/core_ammowidget/ammowidgetwz_abilityitem.lua
1f9f0e41049e1efe,ui/uieditor/widgets/zmfrontend/laboratory/zm_laboratorydescriptiondivider
1fa28b5febfb1b7d,ui/uieditor/widgets/lobby/common/fe_focusbarcontainer.lua
1fa4b6aa96fc4d50,ui/uieditor/widgets/systemoverlays/systemoverlay_layout_classoptions.lua
1faccd1dfad2ed9b,ui/uieditor/widgets/arena/arenaeventprogressbuttoninternalgauntlet
1fb2116978e0e027,ui/uieditor/widgets/hud/scoreinfo/scoreinfoescort.lua
1fb89af95c069f2e,ui/uieditor/widgets/reticles/chargeshot/chargershot_moving_arrow.lua
1fba4267ffde82d4,ui/uieditor/widgets/hud/scoreinfo/scoreinfo_roundlist
1fbc7c8a35dff61f,ui/uieditor/widgets/callingcards/loot3/ui_icon_callingcards_stpatricks_clover_anim.lua
1fc0294ba6f67af7,ui/uieditor/widgets/pc_chatbox
1fc231d73fd693eb,ui/uieditor/widgets/vehiclehuds/hellstorm/vhud_hellstormringmeter.lua
1fc2a6f8c53cbf2e,ui/utility/notificationutility.lua
1fc5d37797785490,ui/uieditor/widgets/vehiclehuds/gunship/vhud_gunship_recticle.lua
1fd0bbb4018ae255,ui/uieditor/widgets/callingcards/callingcards_snakegods_asset_herosnake.lua
1fd50e0f2de27d70,ui/uieditor/menus/leaderboards_playerslist
1fd8754c012d4e07,ui/uieditor/widgets/warzone/warzonemapkeyitemwithplayericon
1fdd27b477e4072c,ui/uieditor/widgets/callingcards/loot2/callingcards_loot2_steampunk
1fe3b1e339207b75,ui/uieditor/widgets/scoreboard/scoreboardgamestatusscoresbacking
1fe6c9046e139b2c,ui/uieditor/widgets/callingcards/callingcards_global_master.lua
1fed154f2361e543,ui/uieditor/widgets/itemshop/reserves/reservesreroll.lua
1ff067acac78c2da,ui/uieditor/widgets/warzone/warzoneinventorylinearrow
1ff1f2f99c7afa40,ui/uieditor/widgets/genericpopups/toast_container_blackmarket
1ff29b92c64f7b1f,ui/uieditor/widgets/challenges/challengessummarydarkops.lua
1ff50651f04f696b,ui/uieditor/widgets/notifications/notificationqueuewidgets/weaponlevelupnotification.lua
1ff71d7766b2ab80,ui/uieditor/widgets/pc/startmenu/pc_startmenu_options_ftedescbacking
1ff7939eb9e27f49,ui/uieditor/luielems/mp/ct_crash_kill_remaining_enemy
1ff7acfecca4dd73,ui/uieditor/widgets/codcaster/codcaster_keyboard
1ff999ce6b69ab31,ui/uieditor/widgets/social/social_partyleadericonlarge.lua
20053e44c2824eae,ui/uieditor/widgets/mphudwidgets/armoroverlaycontainer
2008989cb49fbca1,ui/uieditor/widgets/startmenu/startmenu_options_checkboxoption.lua
2008ac7a276703f1,ui/uieditor/widgets/warzone/warzoneinventorymenuitemsmall_internal_qe.lua
200dcdc4a3eebfe2,ui/uieditor/widgets/vehiclehuds/hellstorm/vhud_hellstormcentermeter
200e6c5a177dbcf6,ui/uieditor/widgets/startmenu/wz/startmenu_armorplateslist.lua
20154d91d82cefc1,ui/uieditor/widgets/footer/fe_footerrighslidein.lua
20194a3c2b978e81,ui/uieditor/widgets/common/commonsecondarytabbar
201ae5e998ad2f41,ui/uieditor/widgets/pc/startmenu/controlsoptions/pc_startmenu_options_controls_description
201ca8efc68ff5ae,ui/uieditor/luielems/core/revive_hud
201d987affef3e8b,ui/uieditor/widgets/startmenu/startmenu_options_gamepadlayoutoption
201eadb1b7722a42,ui/uieditor/widgets/notifications/xp/aardoublexpnotification.lua
201ecbc1d1881ae6,ui/uieditor/widgets/endgameflow/killcamplayerhealth
20225c5d221c70e2,ui/uieditor/widgets/gamesettings/gamesettings_titlesecbox.lua
20248cf55ddbe77b,ui/uieditor/widgets/warzone/warzoneinventory
20259853a904bb0d,ui/uieditor/widgets/fillerwidget140_90.lua
2028d9308670a059,ui/uieditor/widgets/codcaster/codcasterbuttondoublepromptcontainer.lua
202f7767db3f402c,lua/lobby/process/lobbyprocess
203160dc1b9f3b97,ui/uieditor/widgets/vehiclehuds/mothership/vhud_ms_reticlelinehostur
203166dc1b9f45c9,ui/uieditor/widgets/vehiclehuds/mothership/vhud_ms_reticlelinehostul
2031d6eb4412a3e5,ui/uieditor/widgets/zmhudwidgets/inventory/zminvpapitem
20339a0bd5fa92ce,ui/uieditor/widgets/callingcards/callingcards_zm_strategist
2035387700d3c2d1,ui/uieditor/widgets/challenges/nearcompletionbutton.lua
2035451c06645b9b,ui/uieditor/widgets/vehiclehuds/agr/vhud_agr_reticle.lua
20372810c6358188,ui/uieditor/widgets/vehiclehuds/ground/vehicleground_irisinner.lua
2037dfaf3f05d66c,ui/uieditor/widgets/scoreboard/tabbedscoreboardheaderenemy.lua
203a68e60c4afeab,ui/uieditor/widgets/hud/scoreinfo/scoreinfo_ticketsystemlife
203ac0036f9cfa7a,ui/uieditor/luielems/zm/zm_tut_hint_text.lua
204228df23631f72,ui/uieditor/widgets/cac/weaponattachmentselect/attachmentupgradearrow.lua
2045c3699dabd929,ui/uieditor/widgets/arabicaligntextbox
205150cdf5affac6,ui/uieditor/widgets/endgameflow/playofthematchgamertagbacking
20515a77b6e9b120,ui/uieditor/widgets/hud/zm_roundwidget/zmrnddigits
205670bad185ec52,ui/uieditor/widgets/craft/emblemeditor/colorpicker/emblemcolorelement
20602298da419f4f,ui/uieditor/widgets/pc/zm/pc_equippedbgbcontainer
20651757d3eb4e52,ui/uieditor/widgets/onoffvoip.lua
206d3dba7fca3db6,ui/uieditor/widgets/lobby/common/list1buttonlarge_ph
206efa60230ad691,ui/uieditor/widgets/hud/prematchcountdown/prematchcountdown_backing.lua
20714a8bb51b2892,ui/uieditor/widgets/zmfrontend/zmloadoutpreviewitem
2072900fb9775b37,ui/uieditor/widgets/warzone/warzoneinventorynag
20772eaf96e35ad8,ui/uieditor/widgets/hud/scoreinfo/scoreinfo_roundlist.lua
20804edc1be2f152,ui/uieditor/widgets/vehiclehuds/mothership/vhud_ms_reticlelinehostlr
208060dc1be30fe8,ui/uieditor/widgets/vehiclehuds/mothership/vhud_ms_reticlelinehostll
2085184c89209a1b,ui/uieditor/widgets/tablet/tableticepickgadget_item
20902ffeeeb2ac3a,ui/uieditor/widgets/systemoverlays/systemoverlay_prestigerewards.lua
20945c176d6a5ef0,ui/uieditor/widgets/hud/grapple_reticle.lua
209d05016d29c35e,ui/uieditor/widgets/motd/motd_bannerrender
209d4d734163c174,ui/uieditor/widgets/codcaster/codcaster_player_portraittop_team2
209d50734163c68d,ui/uieditor/widgets/codcaster/codcaster_player_portraittop_team1
209e155239e6593c,ui/uieditor/widgets/common/commonsubheaderbg01
20a5205d75898203,ui/uieditor/widgets/aar_t8/medals/emptymedalrow.lua
20a8427ff1371540,ui/uieditor/widgets/mp/matchsettings/startmenu_changeteam.lua
20a94b4558ad1304,ui/uieditor/widgets/hud/mp_scorestreakwidget/scrstk_meterkaratinner.lua
20b122072d8c0e6b,lua/lobby/process/lobbyprocessplatform.lua
20b4e91427791e6b,ui/uieditor/widgets/pc/battlenetfriendlist/pc_battlenet_addfriendseditbox.lua
20b7b5fcecbe833f,ui/uieditor/widgets/keyprompt.lua
20b993e3f79ef8be,ui/uieditor/widgets/aar_t8/tierreward/aartierrewardbackground_ultra.lua
20bd008a86f6da0a,ui/uieditor/widgets/cac/supportselectionoption.lua
20c524d6ad3e61ec,ui/uieditor/widgets/director/directorgamerules.lua
20cf3cc1d4a93170,ui/uieditor/widgets/genericpopups/toast_container.lua
20daafb4764cb9e3,ui/uieditor/widgets/utilities/errortriangle
20dad7e5bfef0f4a,ui/uieditor/widgets/reticles/rocketlaunchers/rocketlauncherreticle_ui3d_internal.lua
20deb8ba375fb517,ui/uieditor/widgets/fe_nat
20e5db67d117865a,ui/uieditor/luielems/wz/self_respawn.lua
20e6dfdaef87fa0e,ui/uieditor/widgets/social/social_partylist.lua
20eb5d2e463c016b,ui/uieditor/widgets/mp/mpdamagefeedback_perkfeedback.lua
20efd909920a7c1a,ui/uieditor/widgets/hud/mp_scorestreakwidget/support_buttoninternal.lua
20f8f5446e676db6,ui/uieditor/widgets/progressbar.lua
20f93e6387e9d051,ui/uieditor/widgets/startmenu/options/flyout/startmenu_options_settingslider_wrapper
20fc1b4461c5da40,ui/uieditor/widgets/pc/footer/footerbutton_player_newbreadcrumbcount.lua
20fd74afd453ac21,ui/uieditor/widgets/freecursor/freecursorcursor
210a16c38de9fa76,ui/uieditor/widgets/zmhudwidgets/hud_zm_trialscontainer
21128ed000805fc9,ui/uieditor/widgets/aar_t8/rewards/aarplayerreward_diagonalheaderinternal
212364e7693fd0cc,ui/uieditor/widgets/callingcards/loot2/callingcards_loot2_circusclown_fire03
212365e7693fd27f,ui/uieditor/widgets/callingcards/loot2/callingcards_loot2_circusclown_fire02
212366e7693fd432,ui/uieditor/widgets/callingcards/loot2/callingcards_loot2_circusclown_fire01
212bbcf811bbabdb,ui/uieditor/widgets/hud/compassminimapmap
212e111bc47287a0,ui/uieditor/widgets/hud/zm_ammowidgetfactory/zmammo_bgbcarouselfactory_internal
2132c0dd5f6e0d69,ui/uieditor/widgets/social/social_friendinvitedlcnotification_internal.lua
21341f46c07b0aab,ui/uieditor/widgets/footer/fe_rightcontainerwithheroeshead.lua
21349693af2b1e24,ui/uieditor/widgets/zmfrontend/laboratory/laboratorylistitem.lua
2134980fa24ad0ea,ui/uieditor/widgets/mphudwidgets/gametypescoreinfo/singlescorenotification_waypoint.lua
213633ff3df9547a,ui/uieditor/widgets/cac/mark2bonusexpbadge
2138e9e2c9b4c476,ui/uieditor/widgets/warzone/warzonedeathcamlabel
21396c8a725b3a37,ui/uieditor/menus/zm/bubblegumbuffselect
213d5a17c4f0faca,ui/uieditor/widgets/fileshare/filesharespinner
21404c0d595e4eb5,ui/uieditor/widgets/lobby/entitlementlistitem
2145ddbfa32b2781,ui/uieditor/widgets/warzone/warzoneusetimerreviveplayer
2147249dbcced50a,ui/uieditor/widgets/systemoverlays/featureoverlay_button.lua
214861357805ac7b,ui/uieditor/widgets/itemshop/reserves/reservesmeterinternal
214cf3f0705aae36,ui/uieditor/widgets/craft/emblemeditor/groupfractionlabel
21530a175bf4ff59,ui/uieditor/widgets/vehiclehuds/mothership/vhud_ms_frametopcenter.lua
2156469541236ac4,ui/uieditor/widgets/pc/battlenetfriendlist/battlenetaddfriendpopup.lua
215b9a3b5427f7d8,ui/uieditor/widgets/director/directorstagebar.lua
215f0d0ad4bf2fc9,ui/uieditor/widgets/hud/gameendscore_wz/gameendscore_playerresultcontainer
216428dab78ec7e3,ui/uieditor/widgets/aar_t8/rewards/aaremptyreward
216ab6a11d861f47,ui/uieditor/widgets/endgameflow/killcamteampanelleft
216ada72db61c631,ui/uieditor/widgets/pc_codaccount.lua
21744d99b88fcb45,ui/uieditor/widgets/warzone/warzonecontextualextraitemsarrow
2182408ff493d0c1,ui/uieditor/widgets/hud/prematchcountdown/prematchcountdown_2xpbadge
2184011fe99c5a28,ui/uieditor/widgets/hud/map/compassgroupmpcontainer.lua
218d190e20180242,ui/uieditor/widgets/rankupnotificationtile.lua
21918ff59cf4fb85,ui/uieditor/widgets/lobby/entitlementlistitem.lua
219ca44b5fdfaba4,ui/uieditor/widgets/warzone/wzobituarysquadkilled
219ed19f2451fbe2,ui/uieditor/widgets/gamesettings/gamesettings_wildcardrestriction
21a4f1a0eda2de36,ui/uieditor/widgets/aar/medalstab/medalxpwidget.lua
21a58cb7d9e92f94,ui/uieditor/widgets/vehiclehuds/hellstorm/vhud_hellstorm_speedwidget.lua
21a6f0f462dba05f,ui/uieditor/widgets/zmhudwidgets/hud_zm_rushcontainer
21a8fa2c03c89d54,ui/uieditor/widgets/motd/motd_topbottomtext_heavyimage
21b01b9f64de6381,ui/uieditor/widgets/demo/demoicons
21b2a0d6dc1d4f04,ui/uieditor/widgets/warzone/warzoneresourcemenuitemsmall
21b76bc3f9278e54,ui/uieditor/widgets/itemshop/itemshopdiscountbanner
21b7866a976c3028,ui/uieditor/widgets/vehiclehuds/ground/vehicleground_iris.lua
21bb31ad48301e4b,ui/uieditor/widgets/callingcards/callingcards_stickerbook_set_blackmarket.lua
21bf9bc8c9454687,ui/uieditor/widgets/scoreboard/scoreboardgamestatusmap
21c3ea9f0ec2f9b6,ui/uieditor/widgets/zmfrontend/zmplaylistselected
21c636021242b638,ui/uieditor/widgets/reticles/mp/tempestreticle_ui3d.lua
21c6bd5c481bc2be,ui/uieditor/widgets/scoreboard/zm/scoreboardzm
21c7cb009e4b73ec,ui/uieditor/widgets/arena/leagueplayendrankupplacement.lua
21c841f207283812,ui/uieditor/widgets/customgames/customgames_officialbadge
21cb9197ec6114f0,ui/uieditor/menus/itemshop/purchasedcontractsmenu.lua
21dd430b3d1a3a65,ui/uieditor/widgets/hud/core_ammowidget/ammowidget_oic_bulletpip
21de042afb4122fd,ui/uieditor/widgets/vehiclehuds/hellstorm/vhudhellstormframealtitudemeter.lua
21e46faa3c9e262a,ui/uieditor/widgets/codcaster/codcaster_color_element.lua
21e4812bc9d39ec5,ui/uieditor/widgets/arena/arenaleagueplaybg
21e60cbe5188f2c2,ui/uieditor/widgets/aar_t8/merit/aarechelon
21e9bd395c491eff,ui/uieditor/widgets/callingcards/callingcards_asset_steampunkwarriors_gun.lua
21ecee1a91de5774,ui/uieditor/widgets/pc/hud/pc_progresscirclebacking.lua
21effcf31a0feeda,ui/uieditor/widgets/hud/core_ammowidget/ammowidgetzm_clipcontainerhero
21f150bc74d5590f,ui/uieditor/widgets/lobby/common/layoutelements/commonbglayoutlinkline
21f229808b770165,ui/uieditor/widgets/startmenu/startmenu_quit.lua
21fe6074a693436e,ui/uieditor/widgets/lobby/lobbyinspection/inspectionweaponwidget.lua
21ff1c0d96dd8207,ui/uieditor/widgets/mphudwidgets/sprintmeter/sprintmeterarrows
2202407d26695a0b,ui/uieditor/widgets/aar_t8/rewards/aarrewarditem.lua
22051412fc9f510b,ui/uieditor/widgets/codcaster/codcasterportraitplayerlistentryspecialistheadicon
22090633bd0ef906,ui/uieditor/widgets/cac/loadoutclassitemcontainer
220981d02b07a91b,ui/uieditor/widgets/codcaster/codcasterloadoutperkbackground.lua
220a23fec0567b87,ui/utility/arenarunutility.lua
220acfdece814a2a,ui/uieditor/widgets/startmenu/startmenu_inventory
220bfcb331fc0ccc,ui/uieditor/widgets/store/store_nonfeaturedframe.lua
221b379c14330e0b,ui/uieditor/widgets/lobby/common/fe_imagea.lua
2222cfc05e2b18bf,ui/uieditor/widgets/codcaster/codcasterloadoutperkbackground
2224acf9f545df40,ui/uieditor/widgets/chat/chatclientinputtextboxfield.lua
222503cffc39f501,lua/lobby/lobbypartyprivacy.lua
2225dbf4685ca8f6,ui/uieditor/widgets/tablet/tak5/tablettak5grid
222bf0e10b899d2b,ui/uieditor/widgets/startmenu/startmenu_options_network_statusoverview
222fd2ac370a6b00,ui/uieditor/widgets/demo/democontrolsbuttontimescale.lua
2248ea8d8d371a70,ui/uieditor/widgets/callingcards/callingcards_legendaryimage
224e2d03e4415acb,ui/uieditor/widgets/director/directortierskipnotification
2255b78a0a273c65,ui/uieditor/widgets/pc/startmenu/graphicsoptions/startmenu_options_pc_graphicsoptions_suboptionsnavigation.lua
22569d697b107a9f,ui/uieditor/widgets/pc/startmenu/accessibilityoptions/startmenu_options_pc_accessibility_tabcontent
225f0a238b8e0eac,ui/uieditor/widgets/codcaster/codcasterteamidentityinformation.lua
225fc878fec1295d,ui/uieditor/widgets/customgames/customgames_settingslidernocustom_internal.lua
2262783dc22b4707,ui/uieditor/widgets/pc/bnetstore/pc_bnetstore_container
2266118fa96f77c8,ui/uieditor/widgets/itemshop/contracts/contractactivebanner
2268b19728179583,ui/uieditor/widgets/director/directorquitbuttoncontainer
22711a034d71ea57,ui/uieditor/menus/challenges/challenges_toolkit.lua
22718c2daeffcc4b,ui/uieditor/widgets/aar_t8/merit/meritoverlayboard
227a78de40d34832,ui/uieditor/widgets/hud/core_ammowidget/ammowidget_characterportrait.lua
227e9eb893e44e98,ui/utility/soundutility
227fbd7728ac85f8,ui/uieditor/widgets/hud/zm_ammowidgetfactory/zmammo_bgbcarouselfactory
228557d516501618,ui/uieditor/widgets/director/directormapselectitem
228679d45921cbd1,ui/uieditor/widgets/startmenu/startmenu_connectionmeter_pingimage
228b7b6066db25af,ui/uieditor/widgets/director/directorcodcasterlist
2298bd344d764bb6,ui/uieditor/widgets/hud/wzholdbuttonprompt
229e46bc67c5f64d,ui/uieditor/widgets/cac/weaponvariants/weaponvariantpip.lua
229fd91f2ce25de9,ui/uieditor/widgets/arena/arenakillcamattackerrank.lua
22a1f53a7022c83d,ui/uieditor/widgets/footer/fe_leftcontainermain.lua
22b66b8547527155,ui/uieditor/widgets/hud/zm_perks/zmperkvapormodifierframe.lua
22b684c0293c27f9,ui/uieditor/widgets/startmenu/options/startmenu_options_registrationform
22b8a915cdb60244,ui/uieditor/widgets/mphudwidgets/bountyhunter/bountyhunterplayermoney
22bc6384df131d07,ui/uieditor/widgets/startmenu/options/startmenuoptionsfocusbar
22c1aebbe0e7caf5,ui/uieditor/widgets/cac/menuchooseclass/itemwidgets/itemweaponlevel.lua
22c57ba304d3a5aa,ui/uieditor/widgets/hud/core_ammowidget/ammowidget_specialistescalation.lua
22c895ae099d17f9,ui/uieditor/menus/vetransitionprompt.lua
22caedcdba8e68d0,ui/uieditor/widgets/aar_t8/rewards/aarrewardstab
22ce116d9485ec2b,ui/uieditor/widgets/vehiclehuds/genericvhudprogressbar
22cedffe50ab1bd5,ui/uieditor/menus/overlaysystem/featureoverlay.lua
22cf17e1911faf98,ui/lui/luitext
22cfe1f80b628de3,ui/utility/arenarankedplayutility
22d82fbf9afd1366,ui/uieditor/widgets/codcaster/codcasterportraitplayerlistentryspecialisthead.lua
22e779489beeab13,ui/uieditor/menus/zm/zmtalismanselect.lua
22eff9733aa0a59e,ui/uieditor/widgets/freecursor/infopanelsubwidgets/freecursorpartyleader
22f02359b1e6c0ec,ui/uieditor/widgets/hud/cp_damagewidget/damagewidget_pixel.lua
22f358e0176437e8,ui/uieditor/widgets/startmenu/options/frames/startmenu_options_frame_sound.lua
22f5c8265f21161a,ui/uieditor/widgets/cac/classallocation.lua
22f62ad5c139b24f,ui/uieditor/menus/cac/weaponaccessoriesselect
22f6e5b56ffb7a63,ui/uieditor/widgets/pc_vscrolllist.lua
22f895c6bf5c89e7,ui/uieditor/widgets/header/headerlinescontainer.lua
22f9aaf033b8f34a,ui/uieditor/widgets/cac/menuchooseclass/chooseclasswidget.lua
22fa10c928cba1ea,ui/uieditor/widgets/codcaster/codcasterobjectivestatusdomination.lua
22fcbc1bfd11743f,ui/uieditor/widgets/hud/core_ammowidget/ammowidgetzmcontainer.lua
22fe34447cefe399,ui/uieditor/menus/mp/firsttimeflow/firsttimebrightnesssetting.lua
2302bdaa9b4d7f46,ui/uieditor/widgets/callingcards/callingcards_asset_fish_donut
230310b25e42d7ee,ui/uieditor/widgets/hud/killcam/killcamnemesisarrow
230661600516b9e6,ui/uieditor/widgets/aar_t8/aartabheader.lua
230b6383c771416e,ui/uieditor/widgets/hud/core_ammowidget/ammowidget_currentclippip
230f6657af27fb76,ui/uieditor/widgets/pc/pc_classoptionrenamebox
23101093e5246b38,ui/uieditor/widgets/hud/zm_score/zmscr
2316754505b2392f,ui/uieditor/widgets/arena/arenaeventtimersmall.lua
232217f7a5e6303f,ui/uieditor/widgets/warzone/warzone_emp_status
2322322c42336542,ui/uieditor/widgets/zmhudwidgets/hud_zm_power_ups_area.lua
23265282ebd17c5b,ui/uieditor/widgets/hud/core_ammowidget/ammowidgetzm_specialweaponprogress
2329a92dee2ea1ff,ui/uieditor/widgets/medals/medalstabinternal
23309dd961b53988,ui/uieditor/widgets/cac/chooseclassslideout.lua
23312cee82b37227,ui/uieditor/widgets/codcaster/codcasterloadoutselectionsecond
2338c91898254bcf,ui/uieditor/widgets/hud/gameendscore/gameendscoreteamicon
233e7e90eccc8f77,ui/uieditor/widgets/aar_t8/arena/aarladdertab.lua
234071e2318ceb5e,ui/uieditor/widgets/pc/expandableoption_button.lua
23408a1cc5ddf8f9,ui/uieditor/widgets/itemshop/reserves/reservesskiprevealprompt.lua
234449e5c3f288a0,ui/uieditor/widgets/notifications/notificationqueuewidgets/wzgameupdatenotification.lua
234a25dc398a559c,ui/uieditor/widgets/chat/chatclientinputtextboxfield
234a92edebb7e23a,ui/uieditor/widgets/hud/mp_hacked/hud_hacked_streaks_widget
234cc6596da96a84,ui/uieditor/widgets/social/social_infopane_dlcstatus
23634797dcb3880a,ui/uieditor/widgets/hud/prematchcountdown/prematchcountdown_iconglowpanel
2363a28c7c44ba64,ui/utility/soundutility.lua
23685bf22c3138ba,ui/uieditor/widgets/arena/arenainfotabteams.lua
236b1d697dc76e6e,ui/uieditor/widgets/pc/directorlobbyclanandmembernamecontainerpc.lua
2372d1afeb57608e,ui/uieditor/widgets/pc/theater/pc_theater_keyboard_shortcut_container
2372e0f853fb5d65,ui/uieditor/widgets/pc/battlenetfriendlist/pc_battlenet_addfriend_information_description.lua
237645dfa4343b6e,ui/uieditor/menus/gamesettings/gamesettings_scoperestrictionsettings
237832f96cf49cd2,ui/uieditor/widgets/mphudwidgets/waypoint_textwithbg_zm
2379001ae517dfa6,ui/uieditor/widgets/pc/seperationline
23817c701caa07b3,ui/uieditor/widgets/callingcards/callingcards_asset_ghost_spin
23824c4d8575c0b5,ui/uieditor/widgets/warzone/wzhudmenus
2384afdd08f080ae,ui/uieditor/widgets/callingcards/loot2/callingcards_loot2_warriorcreatures_hat
2384eeb4d4a731fe,ui/uieditor/widgets/warzone/wzobituarycalloutcontainer.lua
238a51ec7def1872,ui/uieditor/widgets/warzone/warzonedirectorstagebar.lua
2390dac5f1631a45,ui/uieditor/widgets/startmenu/startmenu_challengescareertab.lua
2391bc2f034bda00,ui/uieditor/widgets/mphudwidgets/overheadname_wz_playernumber.lua
2392078e6936fb35,ui/uieditor/widgets/zmfrontend/cac/zmtalismanslotinternal.lua
2397f0051aed4aca,ui/uieditor/widgets/arena/arenaleagueplayrubiesthree
2399346a4d1cea74,ui/uieditor/menus/demo/demofileshareupload.lua
239d9212b99bae0b,ui/uieditor/widgets/itemshop/reserves/reservesbribestack
23a2111d4be65585,ui/uieditor/widgets/warzone/warzonedeathcamlineaccents.lua
23b07bb59f93eadd,ui/uieditor/widgets/cac/specialistissueequipmentbacking
23b217f334e7556d,ui/uieditor/widgets/verticalscrollingtextbox.lua
23b642a68e7a7de8,ui/uieditor/widgets/gamesettings/gamesettings_restriction
23bbb7bec6223987,ui/uieditor/widgets/itemshop/reserves/reservesrevealitem.lua
23bd63addca7d158,ui/uieditor/widgets/aar/medalstab/medalsgriditem
23c74bfb700f9b94,ui/uieditor/widgets/notifications/xp/tierboostnotification.lua
23d2e497c33a6dc4,ui/uieditor/widgets/pc/startmenu/pc_startmenu_options_glow
23dda5a481167f88,ui/uieditor/widgets/codcaster/codcastersettingssidebarleftbuttoncontainer.lua
23e426332d66c91e,ui/uieditor/widgets/common/commonfocusbrackets
23e486834c73412a,ui/uieditor/widgets/systemoverlays/systemoverlay_freecursor_layout.lua
23e61f48a79b1a49,ui/uieditor/menus/cac/camopersonalizationdetails.lua
23e6538c8386aa55,ui/uieditor/widgets/vehiclehuds/ground/vehicleground_irisoutterthininternal
23edb9528637b4c0,ui/uieditor/widgets/notifications/xp/doublexpiconscenteraligned.lua
23ee52468e845cc4,ui/uieditor/widgets/aar_t8/tierreward/aartierskipnotification.lua
23f18e7ec08c7760,ui/uieditor/widgets/cac/customizeclassadd
23f311773f33167c,ui/uieditor/widgets/aar_t8/tierreward/aartierrewardshowcaseinternalcorerare.lua
23fb67c82deb1955,ui/uieditor/widgets/mphudwidgets/waypointicontimer
23fd22fd79d73617,ui/uieditor/widgets/pc/startmenu/gameplayoptions/startmenu_options_pc_gameplay_tabcontent.lua
24064e90b5951b82,ui/uieditor/widgets/callingcards/callingcards_asset_rotated_black_smoke.lua
24108456221966aa,ui/utility/ctutility.lua
24141c0118a5ab1d,ui/uieditor/widgets/startgameflow/loadingscreenplayerstats
24152590a56615e3,ui/uieditor/widgets/vehiclehuds/ground/vehicleground_modt6
24152690a5661796,ui/uieditor/widgets/vehiclehuds/ground/vehicleground_modt5
24152790a5661949,ui/uieditor/widgets/vehiclehuds/ground/vehicleground_modt4
24152890a5661afc,ui/uieditor/widgets/vehiclehuds/ground/vehicleground_modt3
24152990a5661caf,ui/uieditor/widgets/vehiclehuds/ground/vehicleground_modt2
24152a90a5661e62,ui/uieditor/widgets/vehiclehuds/ground/vehicleground_modt1
2417361cfa37f8dd,ui/uieditor/widgets/social/social_playerslistbuttonshared.lua
241bd5eb7225cacf,ui/uieditor/widgets/aar_t8/arena/aarladderpoints.lua
2422caa999bedbf6,ui/uieditor/widgets/craft/emblemeditor/stickersetbonusdecal_internal
2429130902fd2672,ui/uieditor/widgets/hud/gameendscore/gameendscoreroundtext
243005ac2b19eec3,ui/uieditor/widgets/director/directortabheader.lua
24306bd02dd42af0,ui/uieditor/widgets/callingcards/callingcards_blackout_100percent.lua
2432fb5b5f14c68d,ui/uieditor/widgets/scoreboard/zm/scoreboardrush.lua
24356c288ad985a2,ui/utility/socialutility.lua
2439f1611752f8e0,ui/uieditor/widgets/demo/democontrolsspectatingbar
243bdceabe6b022c,ui/uieditor/menus/aar_t8/aar_t8_wz.lua
2443e3d1ebfe9288,ui/uieditor/widgets/reticles/chargeshot/chargeshot_smallcenter
244485d23f771954,ui/uieditor/widgets/pc/verticalstripes
2449a7413766e1e9,ui/uieditor/widgets/lobby/common/fe_buttonpanelshadercontainer.lua
244a0fc14f6b404f,ui/uieditor/widgets/callingcards/callingcards_stickerbook_set_blackmarket
244e8787c23ddd67,ui/uieditor/widgets/challenges/challenges_framewidget_scorestreaks.lua
24595cf025294a6a,ui/uieditor/widgets/cac/menuchooseclass/chooseclasswidget
245a2105cdc7b7e6,ui/uieditor/menus/freecursor/freecursor
245c07971dca2f2e,ui/uieditor/widgets/codcaster/codcaster_player_portrait_frames.lua
245d522bead472c2,ui/uieditor/widgets/cac/attachmentuberloadoutclasslistitem
245fa55b74140f42,ui/uieditor/widgets/social/social_nofriends.lua
246728994d8c06c0,ui/uieditor/widgets/common/commondetailpanel02
2467bf2034a62c65,ui/uieditor/widgets/cac/cactexttab.lua
2478f2bd71f935fd,ui/uieditor/widgets/warzone/warzoneinventorycounter
247b637b979dea33,ui/uieditor/widgets/director/directorzmmapselectitem.lua
247bf68d1ada5db6,ui/uieditor/widgets/vehiclehuds/hellstorm/vhud_hellstorm_weaponmodewidget.lua
2480c1451d8c1b41,ui/uieditor/widgets/codcaster/codcasterloadoutmoduleequipment.lua
24893fa2830e2e9d,ui/uieditor/widgets/arena/leagueplayendrankupruby.lua
2498d8935e850959,ui/uieditor/widgets/pc/startmenu/pc_startmenu_options_pagination.lua
249ba233f7105cb5,ui/uieditor/widgets/common/commonitemslottall
24aba4e0c9c201fa,ui/uieditor/widgets/reticles/mp/bowlauncherreticle_internal.lua
24ae35995a3c5180,ui/uieditor/widgets/hud/scoreinfo/scoreinfoescortrobotobjective.lua
24b03e6a3e101bb9,ui/uieditor/widgets/hud/prematchcountdown/prematchcountdown_2xpbadge.lua
24b0c161e1618412,ui/uieditor/widgets/callingcards/callingcards_stickerbook_default.lua
24b2433bccbe24eb,ui/uieditor/widgets/itemshop/itemshoptitleanddesc
24bee61b42e517d4,ui/uieditor/widgets/zmfrontend/zmaargenericalltimestatwidget.lua
24cdb5a3b5da3014,ui/uieditor/widgets/vehiclehuds/mothership/vhud_ms_reticlelinehostll.lua
24d7cafe18d7caa8,ui/uieditor/widgets/itemshop/contracts/contractitemempty.lua
24da353d82c14a98,ui/uieditor/widgets/wzaar/wzaar_meritbreakdownline
24e00c58c379f1b0,ui/uieditor/menus/lobby/directorfindgamewz
24e0bfd4092177e1,ui/uieditor/widgets/codcaster/codcasterloadoutmodulesecondarywildcard
24e3a79b9fcac382,ui/uieditor/widgets/hud/core_ammowidget/ammowidgetwz_storageslot.lua
24e6cb814ced5570,ui/uieditor/widgets/pc/socialmenu/pc_battlenetfriend_addfriend_name
24e70f6d0aa0a8cc,ui/utility/entitlementutility
24e8424fb60c9967,ui/uieditor/widgets/pc_connectionqueuingoverlaycontainer.lua
24e9914e668230e4,ui/uieditor/widgets/codcaster/codcasterplayerlistheaderwidgetcontainer.lua
24eee9f8e11c2311,ui/uieditor/widgets/cac/customclasslistbutton.lua
24f13af0f746b8f8,ui/uieditor/widgets/playercard/callingcard
24f1badc71022849,ui/uieditor/widgets/systemoverlays/systemoverlay_compact_basicframe_loading.lua
24f41483c58f36b0,ui/uieditor/widgets/cac/menuchooseclass/itemwidgets/weaponlevelmetersmall
24f4942c3ed7fd6f,ui/uieditor/widgets/codcaster/codcaster_scorelogowidget.lua
24f5384f41d9210f,ui/uieditor/widgets/social/social_friends.lua
24fb46b1b288feca,ui/uieditor/widgets/zmhudwidgets/rush/rush_gameover_score_entry.lua
24fb5d5732c72812,ui/uieditor/widgets/buttonprogressringcontainer
24fc89b58c2f7624,ui/uieditor/widgets/notifications/notification.lua
24fef7f34e3f5ca0,ui/uieditor/widgets/notifications/xp/doublexpicon
2506c963eb2729cb,ui/uieditor/widgets/pc/dropdown_list_leftalign
2507124b1d2bc535,ui/uieditor/widgets/hud/obituary/obituarycallout.lua
2515fcdb7acde743,ui/uieditor/widgets/vehiclehuds/mothership/vhud_ms_framebottomleft
2516a68d9d02491f,ui/uieditor/widgets/notifications/xp/doublexpiconsrightaligned.lua
2519811edd9ff6df,ui/uieditor/widgets/pc/footer/footerbutton_player_internal
251a3136d617a48d,ui/uieditor/widgets/zmfrontend/zmreadyup
251fb3f7afefa04b,ui/uieditor/widgets/director/directortierskipnotificationavailableinternal.lua
2520741f3ea4f371,ui/uieditor/widgets/aar_t8/tierreward/aartierrewardbackground_epic
25254505692bb4ae,ui/uieditor/widgets/vehiclehuds/dart/vhud_dart_pc_reticlebacking.lua
25287dad11e60d7f,ui/uieditor/widgets/codcaster/codcasterloadoutprimaryweapon.lua
2528e5dd911bf10a,ui/uieditor/widgets/craft/craftemptyfocusable.lua
2529a1799f9cf8bc,ui/uieditor/widgets/hud/core_ammowidget/ammowidgetzm_powerweapondrain.lua
252a0ad3ca7ca7b4,ui/uieditor/widgets/vehiclehuds/hellstorm/vhud_hellstorm_centerreticlewidget
252e653df5d39853,ui/uieditor/widgets/arena/arenaskillevaluationbg.lua
2536dc2ca6c391e7,ui/uieditor/widgets/vehiclehuds/lightningstrike/vhud_lightningstrike_ambientgadget_square
2536ec770f48f6b6,lua/lobby/process/nav/lobbyprocessnavzm.lua
2538a27136db7e58,ui/uieditor/widgets/arena/leagueplayintrolladdertitletext.lua
253a3383a6317470,ui/uieditor/widgets/pc/footer/footerbuttonpromptpc
253a9daa62b22793,ui/uieditor/widgets/hud/scoreinfo/scoreinfo_ticketsystemlifelist
253d782d70c0c790,ui/uieditor/widgets/callingcards/callingcards_cardwidget
253e08766b3722ba,ui/uieditor/widgets/loottierboostpercentcontraband.lua
253e8db3768fb02a,lua/lobby/common/lobbycore
2541ddb5c2a05791,ui/uieditor/menus/lobby/directorfindgame.lua
25423fc35acc6199,ui/uieditor/widgets/hud/console/consoleentry
25498fd235ed9285,ui/uieditor/widgets/demo/demorenametextbox
254a41db003228cc,ui/uieditor/widgets/craft/paintshop/paintshopslotsfull
25510338043fa569,ui/uieditor/widgets/tablet/tableticepick_backgroundpc.lua
2555bf74f7d46ea7,ui/uieditor/widgets/social/social_infopane_trial.lua
25587cd3245f1dc1,ui/uieditor/widgets/arena/arenadailybonus
255c5b4ff2cc8ef2,ui/uieditor/luielems/wz/player_insertion_choice
255ded336b3cac19,ui/uieditor/menus/keyboardtextfield.lua
2568c2d667b47916,ui/uieditor/widgets/cac/cac_icontokenstatic
257634d67cd783ee,ui/uieditor/widgets/systemoverlays/systemoverlay_renamedecalgroupframe_pc.lua
257a0f0fb51aa710,ui/uieditor/widgets/callingcards/callingcards_humiliation_master
257cd37cfef08be8,ui/uieditor/widgets/hud/core_ammowidget/ammowidgetmp_ability_flash.lua
25829e349716e985,ui/uieditor/widgets/common/commonitemslottall.lua
2582ee18edd2335a,ui/uieditor/widgets/vehiclehuds/vhud_layoutfuielements.lua
2583b65a500f0240,ui/uieditor/widgets/hud/core_ammowidget/ammowidgetmp_ultimate_progress_fill
258c2602dc8123da,ui/uieditor/widgets/mphudwidgets/bountyhunter/bountyhunterpackagetierinternal
259002f33cd51949,ui/uieditor/widgets/vehiclehuds/vhud_buttonprompt.lua
25969c1924481050,ui/uieditor/widgets/footer/footercontainer_frontend_right.lua
25976e67f740bb17,ui/uieditor/widgets/hud/core_ammowidget/ammowidgetzm_clipcontainervalue.lua
259c464382ccb8e5,ui/uieditor/widgets/reticles/infinite/lmginfinitereticle_extras.lua
259f4ca7b8ac48e1,ui/uieditor/widgets/callingcards/callingcardsstickerbook
25a259722b795c9c,ui/utility/leaderboardutility.lua
25a4a0bb7920aef9,ui/uieditor/widgets/aar_t8/rewards/aarchallengereward_zm
25b1437a61e7e204,ui/uieditor/widgets/mp/specialisthub/hubtagbutton_internal
25bbd76ae603fde4,ui/uieditor/widgets/cac/mark2bonusexplongbadge.lua
25bf4b6f49c15a4c,ui/uieditor/widgets/warzone/warzoneinventorypickuppulse
25c205de89cac5a6,ui/uieditor/widgets/warzone/warzoneinventoryunlockmissionobjective.lua
25c54233a96dadac,ui/uieditor/widgets/startgameflow/loadingscreenloadbar.lua
25c57830c9c8a4a8,ui/uieditor/widgets/callingcards/callingcards_replacer
25c5e742697338c2,ui/uieditor/menus/cac/specialistequipmentselect
25cc9b001c3ddd6f,ui/uieditor/widgets/callingcards/callingcards_asset_spinburst_container
25cd9a9b4942eb8a,ui/uieditor/widgets/vehiclehuds/gunship/vhud_gunship_recticle_25mm.lua
25d5f6c22e5f428c,ui/uieditor/menus/charactercustomization/wzjumpkitselector.lua
25d9a4817f770ffe,ui/uieditor/widgets/scrollbars/listcounterbutton
25dcac6e53e2d135,ui/uieditor/widgets/craft/emblemeditor/emblemlayercontainer.lua
25e18f99f69289b1,ui/uieditor/widgets/pc/startmenu/pc_startmenu_options_keybindmessage_toplinedeco.lua
25ec9dfc55406065,ui/uieditor/menus/arena/leagueplayoverview.lua
25ee6820ed96b562,ui/uieditor/widgets/systemoverlays/systemoverlay_layout_genericforeground_pc.lua
25f3c02307762a5c,ui/uieditor/widgets/startmenu/startmenu_wzteamscoreboard.lua
25febd9a6ef26217,ui/uieditor/widgets/specialist/specialistoutfititementry.lua
260acade8f6b4cac,ui/uieditor/widgets/callingcards/loot2/callingcards_loot2_circusclown
26121731e723ba3c,ui/uieditor/widgets/director/directorlobbymemberclanname.lua
2613e1ddd563548a,ui/utility/waypointutility
26155742dd69968f,ui/uieditor/conditions_helper.lua
261730f9c061ba21,ui/uieditor/widgets/director/directorexpandedlobbymemberinternal
261c9d2cdfd3f4dd,ui/uieditor/luielems/wz/prototype_hud
262cf4d3f4d86b50,ui/uieditor/widgets/hud/console/consoleentrycontainer.lua
263592ebd6e0a496,ui/uieditor/widgets/cac/zmstorylistbutton.lua
26385641db19d152,ui/uieditor/widgets/competitive/competitiveoverviewrankbanner
2638d9c46e59e807,ui/uieditor/widgets/codcaster/codcasterminimapname
263983bac4500437,ui/uieditor/widgets/blackmarket/contracts/bm_dailycontract.lua
2639aafab244b60f,ui/uieditor/widgets/cac/equipmentselect/equipmentlistwidget.lua
263c98b175c3bd8b,ui/uieditor/widgets/lobby/common/layoutelements/commonbglayoutlinkline.lua
263f9b3835af6221,ui/uieditor/widgets/director/theater/directortheatermodeselectbutton.lua
26466c2aec2cf6a4,ui/uieditor/widgets/cac/menuchooseclass/itemwidgets/weaponlevelwidget
264bbc2f21267b33,ui/uieditor/widgets/customgames/customgames_optioncategorybutton
264bd7eb0797f26c,ui/uieditor/widgets/notifications/xp/doublexpicon.lua
264be6dca9fd74cd,ui/uieditor/widgets/minimap/minimaphelper
2653dea5df24d16e,ui/uieditor/widgets/mphudwidgets/bountyhunter/ammowidget_bountybag
265a583181416924,ui/uieditor/widgets/warzone/warzoneinventoryunlockmissionreward
265aa931aa5ee1b2,ui/uieditor/menus/challenges/challenges_scorestreaks.lua
265b84f947d9925a,ui/uieditor/widgets/codcaster/codcastersettingssidebardisplaysettingscontainer.lua
265d65f37ea09fa3,ui/uieditor/widgets/director/directorcharacterdynamic
265d686950b162ee,ui/uieditor/widgets/warzone/warzonedeathcamlabelbutton.lua
265d95de4452e481,ui/uieditor/widgets/pc/startmenu/pc_startmenu_options_description
265ed6705f0299cb,ui/uieditor/widgets/lobby/lobbystreamerblackfade
26605197a499f159,ui/uieditor/widgets/mp/specialisthub/hubtagbonusbutton_internal
26606877dcaca6f6,ui/uieditor/widgets/vehiclehuds/hellstorm/vhud_hellstormcenterbacking.lua
2661a8662eebafc5,ui/uieditor/widgets/lobby/common/vodviewerfooter.lua
2667d91f6bed178d,ui/uieditor/widgets/vehiclehuds/hellstorm/vhudhellstormframealtitudemeter
2667fcb4dd553bba,ui/uieditor/widgets/hud/zm_notiffactory/zmnotifbasic.lua
26735e84e8dd1117,ui/uieditor/widgets/itemshop/contracts/contractseasonalpromobacker
267b42701ffd2597,ui/uieditor/widgets/codcaster/codcasterportraitplayerlistentrydeathmarker
267ec23ae8571760,ui/uieditor/widgets/aar_t8/summary/aarpaintcansstat.lua
267f92133d2c1d0e,ui/uieditor/widgets/hud/zm_roundwidget/zmrnd.lua
2685e4e28a2bed6f,ui/uieditor/widgets/zmfrontend/zmloadoutpreviewselectclass.lua
268faa78865e029e,ui/uieditor/widgets/lobby/common/layoutelements/commonstripebar.lua
269120bb38881287,ui/uieditor/widgets/mphudwidgets/outofbounds/outofbounds_warningboxwidget.lua
2693b36593684f12,ui/uieditor/widgets/store/storefeaturedcenterbutton.lua
26949fe9ed441089,ui/uieditor/widgets/challenges/challengessummarycategory.lua
2695c77ccd5cb3a6,ui/uieditor/widgets/director/trialversioncountdownwidget
26a0eb5ac6347170,ui/uieditor/widgets/callingcards/loot2/callingcards_loot2_circusclown.lua
26a122a58e3d40d0,ui/uieditor/widgets/hud/fx/emp_weaponinfo.lua
26a8dbdb529e1b5f,ui/uieditor/widgets/hud/core_ammowidget/ammowidgetzm_prompt
26a91e2a7db4cade,ui/uieditor/widgets/zmhudwidgets/hud_zm_trial_roundinfotext.lua
26a9f6e228c42bc6,ui/uieditor/widgets/health/healthinfozm
26af0791fe52582b,ui/uieditor/widgets/director/directorlobbysettinglist
26af9b7da2a5cafd,ui/uieditor/widgets/directorprivate
26b58cb7ef22c437,ui/uieditor/widgets/challenges/challenges_profilerlockbacking.lua
26b63a0d88557278,ui/uieditor/widgets/footer/footerbutton_backhold.lua
26c1a3efb06f0edc,ui/uieditor/widgets/reticles/infinite/lmginfinitereticle_status.lua
26c2e8aa8bccafcb,ui/uieditor/widgets/hud/corner9slicewithblur.lua
26c30a921ffcc6ef,ui/uieditor/luielems/cp/cp_skip_scene_menu.lua
26c3c5c1fee889b5,ui/uieditor/widgets/itemshop/waveglowanimloop
26c4f02177d53c60,ui/uieditor/widgets/reticles/mp/spectrelocklinewidgetnormal
26c8da741ec64b55,ui/uieditor/widgets/onofftextimagebacking.lua
26ca9f466cf1fa57,ui/uieditor/widgets/aar_t8/medals/aarmedalstabinternal.lua
26d2c3a8ba758cf8,ui/uieditor/widgets/challenges/challenges_framewidget_toolkit
26d85dd0ad8ad389,ui/uieditor/widgets/itemshop/contracts/contractitemcostlarge
26db0661ebca5ce0,ui/uieditor/widgets/pc/startmenu/voiceoptions/startmenu_options_pc_voice_text
26deaa4e20818d8a,ui/uieditor/widgets/tablet/tableticepick_prompt
26def9de0646b986,ui/uieditor/widgets/gamesettings/gamesettings_gamemoderules
26df007d681dac49,ui/uieditor/menus/arena/leagueplayendrankupanim.lua
26e89585b0aec491,ui/uieditor/widgets/arena/leagueplayendrankupaniminternal
26e8964458b47eff,ui/uieditor/widgets/itemshop/bmstackpips.lua
26f3ac352712381a,ui/uieditor/widgets/mp/specialisthub/hubstatsbuttoninternal.lua
26f95d208a91df92,ui/uieditor/widgets/startgameflow/loadingscreenheader_wz.lua
2700a90fbd1e68f5,ui/uieditor/widgets/mphudwidgets/readyevents/readyevents_scorestreaks_internal.lua
2707e7a13ae3d208,ui/uieditor/widgets/motd/motd_lighttext_heavyimage.lua
2711cf52ff8d6f73,ui/uieditor/menus/mp/specialisthub/mpspecialisthub
271242176823b109,ui/uieditor/widgets/warzone/warzoneinventoryline.lua
2714f18fa2092a4a,ui/uieditor/widgets/prompt_arrow
2715c17feb5d981e,ui/uieditor/menus/challenges/challengesdarkops
27167b7eea437bcb,ui/uieditor/widgets/social/social_partysettingsbutton.lua
27196315b0b927fd,ui/uieditor/widgets/zmfrontend/cac/zmcustomizeclasssafeareacontainer
271a01ca707b6f6e,ui/uieditor/widgets/zmfrontend/laboratory/laboratoryelixirlabel.lua
271d4e66447f837e,ui/uieditor/widgets/backgroundframes/menuframeingame
271dd2a5d2dc7c4a,ui/utility/scorestreakingameutility
272748bdc44b1bbe,ui/uieditor/menus/freecursor/freecursor.lua
2729e84a5e6a8211,ui/uieditor/widgets/hud/core_ammowidget/ammowidget_weaponname
272c98054468a089,ui/uieditor/widgets/itemshop/reserves/reservesbribestackcarousel.lua
2734464c97e2e0ae,ui/uieditor/widgets/aar_t8/aartabbuttoninternal
2736f83e92990ede,ui/uieditor/widgets/startmenu/options/pc_startmenu_optionstabs_background
2737a0f8cd3542e4,ui/uieditor/menus/leaderboard/leaderboard_main
273dc942a1d447f7,ui/uieditor/widgets/cplevels/cphostskippingscene
273dc9ec294d76b4,ui/utility/pcplayeraccountutility
273ffb381926282f,ui/uieditor/widgets/itemshop/reserves/reserveslootbribebutton.lua
2743a8a07f1faa42,ui/uieditor/widgets/callingcards/callingcards_code_cc.lua
27476f9cdcf1d235,ui/uieditor/widgets/cac/talentselect/perktalentlistwidget.lua
274862184d365f30,ui/uieditor/widgets/lobby/common/layoutelements/commonbglayoutelement01
274864184d366296,ui/uieditor/widgets/lobby/common/layoutelements/commonbglayoutelement03
274865184d366449,ui/uieditor/widgets/lobby/common/layoutelements/commonbglayoutelement02
2751787bde861f5c,ui/uieditor/widgets/director/directorlobbymemberinternalcard.lua
275721622835184c,ui/uieditor/widgets/challenges/challenges_category_buttoninternal.lua
275eea72778ac622,ui/uieditor/widgets/pc/hud/pc_spectatinglabel
2760aff07f0f7242,ui/uieditor/widgets/arena/arenarubyprogressfivewidget
276145c91c9424ba,ui/uieditor/widgets/lobby/lobbyinspection/inspectionselectedplayerinfo.lua
27644d2e10c7c143,ui/uieditor/menus/pcui/pc_bnetstore
2766d95b661f9463,ui/uieditor/widgets/itemshop/supplychainframe
27696e9bb3c73b52,ui/uieditor/widgets/warzone/warzonewarningstripe.lua
276b6893fa024ec2,ui/uieditor/widgets/pc/theater/pc_theater_keyboard_shortcut_legend
277520438c104615,ui/uieditor/widgets/craft/emblemeditor/emblemdrawwidgetpreview
277c0fdd786c03d6,ui/uieditor/widgets/itemshop/shopitemtall
277e9e832996eec6,ui/uieditor/widgets/genericpopups/codpoints_container.lua
27863833f9bab54e,ui/uieditor/widgets/customgames/customgames_restrictions_button
278b521390453e28,ui/uieditor/widgets/aar_t8/rewards/aarrewardsvariablecontractreward
278eb499a96d6585,ui/uieditor/widgets/cac/talentselect/perktalentlistwidget
278f071b25f4c587,ui/uieditor/luielems/wz/wz_wingsuit_hud.lua
27926e1eb673f1b3,ui/uieditor/widgets/hud/zm_panels/zmpanel_rndext
2797033da1e8f2cb,ui/uieditor/widgets/aar_t8/scoreboard/aarscoreboardsafearea
279a33fa130e04bc,ui/uieditor/widgets/codcaster/codcasterobjectivestatusflag
279fcbfda569a792,ui/uieditor/widgets/mp/specialisthub/hubgesturebuttoninternal
27a1f92ec376c6e9,ui/uieditor/menus/cac/zmspecialweaponselect.lua
27a4945209f51c9f,ui/uieditor/widgets/startmenu/startmenu_button_emblem_internal.lua
27a644b38ce54692,ui/uieditor/widgets/pc/startmenu/pc_startmenu_button_lg_internal
27a7a2327a1d8657,ui/uieditor/widgets/warzone/warzonesplitinventory_pc
27abd05d2eccd0e1,ui/uieditor/widgets/systemoverlays/systemoverlay_layout_foregroundvlayout
27b0358afabb8372,ui/uieditor/widgets/codcaster/codcasterfakemap.lua
27b0d936fca880ac,ui/uieditor/widgets/aar_t8/levelup/aarlevelcommonboxes.lua
27b3a7af0731a398,ui/uieditor/widgets/callingcards/callingcards_blackmarketmastercardwidgetinternal
27b54d9213f565f4,ui/uieditor/widgets/codcaster/codcasterloadoutselectionspec.lua
27b687fdc527c415,ui/uieditor/widgets/reticles/mp/ripperlocklinewidget
27b70bc94aba2979,ui/uieditor/widgets/zmfrontend/zmbuttondifficultyinternal
27b84dce3c602575,ui/uieditor/widgets/craft/emblemeditor/emblemdrawwidgetnoimage
27b88198daa752db,ui/uieditor/widgets/aar_t8/arena/aar_rankupstarslist
27bf7c90da429cca,ui/uieditor/widgets/scoreboard/wz/scoreboardwidgetwz
27c2c296a597a1d9,ui/uieditor/widgets/gamesettings/gamesettings_zmgeneral.lua
27cb94acb29df2d9,ui/uieditor/widgets/itemshop/supplychain/itemshopraritybackgroundstream_epic.lua
27d1258262c898aa,lua/lobby/lobbyplatform.lua
27d3a02a29490dbe,ui/uieditor/widgets/arena/leagueplayendrankuprankicon.lua
27d7d247002f6e8b,ui/uieditor/widgets/hud/core_ammowidget/ammowidget_heroempty.lua
27e0d412e85e8901,ui/uieditor/widgets/codcaster/codcasterportraitplayerlistentryextra
27e4c7adf0efc5a5,ui/uieditor/widgets/mp/specialisthub/hubcharactertabitem
27e4d50adb99f1eb,ui/uieditor/widgets/mphudwidgets/outofbounds/outofbounds_vignettecontainer.lua
27e6a79fc92fc6b2,ui/uieditor/widgets/cac/weaponattachmentselect/attachmentdescriptioncontainer.lua
27e77775f3a17e52,lua/lobby/lobbyscheduler.lua
27e95469491a7102,ui/uieditor/widgets/itemshop/contracts/contractrarityheader.lua
27ed83760022fc51,ui/uieditor/widgets/callingcards/callingcards_cardwidgetinternal
27ef8ffc49ffedba,ui/uieditor/widgets/codcaster/playerportraithovertop.lua
27f155449efe7c6a,ui/uieditor/widgets/arena/gauntlet/arenagauntlettierprogressbacking
27f160765d41c8eb,ui/uieditor/widgets/warzone/wzobituaryentry
27f3e319a62a00f3,ui/uieditor/widgets/callingcards/loot3/ui_icon_callingcards_stpatricks_coin_anim
27f824ab43f3b81a,ui/uieditor/widgets/hud/zm_fx/zmfx_spark1img
27f9b72b8dc0d9f0,ui/uieditor/widgets/lobby/lobbyinspection/inspectiongamercardwidget
27fb57c6366fb4cf,ui/uieditor/widgets/motd/motd_featuredbuttoncontainer_pc
27ff1652aead7d54,ui/uieditor/widgets/vehiclehuds/vehicleholdbuttonprompt.lua
2806e93b8e0b15c5,ui/uieditor/widgets/genericpopups/toast_itemtitleglow
28077aa692ea3793,ui/uieditor/widgets/demo/democontrolsbuttoncameramode
2808dba09dc00658,ui/uieditor/widgets/itemshop/weaponbribepreview.lua
280cd6559c8c4ae9,ui/uieditor/widgets/hud/scoreinfo/scoreinfoescortrobot
28152599b218d335,ui/uieditor/widgets/chat/chatclientchatentryscrollviewcontainer
281a28f18119b6c2,ui/uieditor/widgets/systemoverlays/systemoverlay_layout_genericforeground_full
281a91facef339c4,ui/uieditor/widgets/director/directorselectbuttonlinessecondary
281ac291832d1223,ui/uieditor/menus/cac/popups/classoptions.lua
281e130a4ff8972e,ui/uieditor/widgets/hud/core_ammowidget/ammowidgetmp_ultimate_internal.lua
2820d986d00c134b,ui/uieditor/widgets/reticles/magnifier/magnifierreticle_internal.lua
282e483682822deb,ui/uieditor/widgets/vehiclehuds/mothership/vhud_ms_iris
283322cf37d45163,ui/uieditor/widgets/genericpopups/toastnotification
283b8db1dd36662e,ui/uieditor/widgets/itemshop/supplychainframecontainer
283b9fa839e546ff,ui/uieditor/widgets/challenges/challengescategorybutton
283c52d1ee564a82,ui/uieditor/widgets/craft/emblemeditor/decalstickersetframepaintshop.lua
283f2b1a34651104,ui/uieditor/widgets/pc/dropdown_listitem_leftalign.lua
284c3b03ac8b3569,ui/uieditor/widgets/warzone/warzoneusetimerdeposit
284d9f83555bd091,ui/uieditor/menus/cac/zmspecialweaponselect
284df6829d40e4c9,ui/uieditor/widgets/blackmarket/contracts/bm_contractprogress.lua
28521e10695dbe4b,ui/uieditor/widgets/director/directorblackmarketbuttoninternal
285bab6972d766d5,ui/uieditor/widgets/director/directorcustomgamebuttoncountdown
285db3b5f7131d82,ui/uieditor/widgets/mphudwidgets/codcaster/codcastertimer
2874dd94dee22caa,ui/uieditor/widgets/hud/wzweaponpickupholdbuttonicons.lua
287541347a15e4cf,ui/uieditor/widgets/director/directorblackmarketbuttoninternal.lua
288753d6c70c6350,ui/uieditor/widgets/store/storepreviewimagewidget.lua
2888f448b7a63cbe,ui/uieditor/widgets/craft/emblemeditor/emblemlayer.lua
288d4d066237c1e7,ui/uieditor/widgets/callingcards/loot3/ui_icon_callingcards_stpatricks.lua
2891695c75906b3c,ui/uieditor/widgets/director/directorlobbyleader
289bbf8ecb3a0513,ui/uieditor/widgets/arena/arenarankiconandrankvertical
28a0b7e56bccbc26,ui/uieditor/widgets/common/commoncornerbrackets01.lua
28a11e7cace7aff4,ui/uieditor/widgets/callingcards/callingcards_zm_darkops
28ac6f2757dec705,ui/uieditor/widgets/vehiclehuds/hellstorm/vhud_hellstormringsmall
28b7a1fef811bc3a,ui/uieditor/widgets/codcaster/codcaster_timer_nl
28b97c9290c72e28,lua/lobby/lobbyrecentplayers.lua
28baf4bda5065967,ui/uieditor/widgets/emptyfocusablenoyield
28bcba6e8ab239a2,ui/uieditor/widgets/common/commonbuttongeneric
28bdf1ce4d590e4f,ui/uieditor/widgets/challenges/challenges_totalmasterprogress
28cd33f3127ee561,ui/uieditor/widgets/arena/gauntlet/arenagauntlettierprogress.lua
28d00704e667ed9a,ui/uieditor/widgets/director/directorgauntletmapselectitem.lua
28d2d279a00a0aaa,ui/uieditor/widgets/pc/pc_tooltipexceptionwidget.lua
28d65de60723079d,lua/lobby/lobby.lua
28d6ff27d678d1e7,ui/uieditor/widgets/vehiclehuds/gunship/vhud_gunship_health.lua
28da1e8a7913e458,ui/uieditor/widgets/hud/core_ammowidget/ammowidgetzm_clipcontainernew.lua
28dcfdc1371273e6,ui/uieditor/widgets/scoreboard/scoreboardcorestat.lua
28dff6ee9505174e,ui/uieditor/widgets/vehiclehuds/vhud_layoutdotline
28e2961782b5dd4c,ui/uieditor/widgets/cac/talentselect/talentslotcontainer.lua
28e56d8fddf9e571,ui/uieditor/widgets/callingcards/callingcards_weaponproficiencymaster.lua
28e59e77a7c14531,ui/uieditor/widgets/hud/core_ammowidget/ammowidgetzm_clipcontainerpress.lua
28ea3986d8417d0a,lua/lobby/matchmaking/lobbymatchmakingasync.lua
28ef7278cd8e18d8,ui/uieditor/widgets/callingcards/loot2/callingcards_loot2_warriorcreatures.lua
28f1af13b2197f1d,ui/uieditor/widgets/vehiclehuds/mothership/vhud_ms_buttonwidgetcooldown.lua
28f1fe9a1da7c7a3,ui/uieditor/widgets/pc/battlenetfriendlist/pc_battlenet_friendrequestpopup
28f9842858e7e23c,ui/uieditor/widgets/craft/emblemeditor/decaltoolsframepaintshop
28fd670b6e6a9526,ui/uieditor/widgets/tablet/tabletlocationselector_grid
28fd69737f859814,ui/uieditor/widgets/vehiclehuds/gunship/vhud_gunship_internal
2901e470b490dd56,ui/uieditor/widgets/mphudwidgets/waypoint_textwithbg.lua
2902a4f3984494c3,ui/uieditor/widgets/hud/obituary/obituary
290556732166e641,ui/uieditor/widgets/callingcards/callingcards_superheroes_speed
29064224cfffb452,ui/uieditor/widgets/startmenu/options/startmenu_options_signinform.lua
290686fa3d1754df,ui/uieditor/widgets/cac/weaponattachmentselect/uberattachmentslot.lua
290f0c82cb60c8f1,ui/uieditor/widgets/tablet/swipetak5/swipetak5_characterportrait.lua
2915de103f296c8b,ui/uieditor/widgets/tablet/tableticepickgadget_bgwindow.lua
291a923be4f6ab76,ui/uieditor/widgets/backgroundframes/menuframeingame.lua
29229932a76dab57,ui/uieditor/widgets/challenges/challengessummarycategory_internal
292371d2c5786619,ui/uieditor/widgets/hud/prematchcountdown/prematchcountdown_backing
29292b5bf13a9e5e,ui/uieditor/widgets/arena/gauntlet/arenagauntletprogressbar
292bd57a610a82db,ui/uieditor/widgets/arena/arenaleagueplay_ladderskilldivision.lua
292da8d4ea7fc641,ui/uieditor/widgets/vehiclehuds/genericvhudreticleoverlay.lua
292dea548f7d654f,ui/uieditor/menus/mp/migration
292f5dd73a59b9f6,ui/uieditor/widgets/zmfrontend/zmaarstampwidget.lua
2932ec38dfece334,ui/uieditor/widgets/social/social_callingcardsubtitle.lua
293799871136f327,ui/uieditor/widgets/itemshop/supplychainframe.lua
293e6cf768affb47,ui/uieditor/widgets/hud/proximityalarm/proximityalarm_icon.lua
293f51874a374b78,ui/uieditor/widgets/hud/zm_cursorhint/zmcursorhint.lua
293feffa3a82d41c,ui/uieditor/widgets/aar_t8/summary/aarsummarytab
294238cd205531cd,ui/uieditor/widgets/aar_t8/rewards/aarrewardbrackets.lua
2949899dba7ee1cc,ui/uieditor/widgets/pc/craft/craftactionheader.lua
294bcc019394211c,ui/uieditor/widgets/systemoverlays/systemoverlay_freecursor_full_layout
294e83bb5dd21f57,ui/uieditor/widgets/lobby/common/vodviewermovieandbackground
295a71fda29b6a0a,ui/uieditor/widgets/hud/map/compassawarenessringzone
295d15a81bcb0281,ui/uieditor/widgets/vehiclehuds/vehiclemalfunctionwarning
295f38ade763eedb,ui/uieditor/widgets/codcaster/codcasterloadoutselection.lua
29633fcb728138fa,ui/uieditor/widgets/blackmarket/contracts/bm_contractequippedtick
2968e0059783ebe7,ui/uieditor/widgets/scoreboard/scoreboardgamestatus
296b6f6ba428edcc,ui/uieditor/widgets/arena/leagueplayeventenddelaylobbymessage
296ce1eeb95b7136,ui/uieditor/menus/arena/leagueplayleaderboardmenu
296f58af27230bb4,ui/utility/specialeventutility
2972a2ad02222878,ui/utility/aarutilityzm.lua
29739bff9165a199,ui/uieditor/widgets/systemoverlays/systemoverlay_fademask.lua
2978e56ada3acd1c,ui/uieditor/widgets/pc/pc_achievements_totalpoints
297acd0728e43e53,ui/uieditor/widgets/startmenu/startmenu_button_sm.lua
297f7aa36a1d5af8,ui/uieditor/widgets/gamesettings/gamesettings_description
298de092f5b8db48,ui/uieditor/widgets/health/healthboostnotificationcontainer
29a070384293e0b1,ui/uieditor/widgets/craft/emblemeditor/emblemlayerpositionwidget.lua
29ad3176764f2781,ui/uieditor/widgets/hud/zm_perks/zmperkvaporscontainer.lua
29aedfb02e1b42ad,ui/uieditor/widgets/demo/demo
29b1f6d00f31a78e,ui/uieditor/widgets/hud/proneblocked.lua
29b3acc04b8aba2c,ui/uieditor/widgets/cac/cac_listbuttonlabel.lua
29c17872d34f1792,ui/uieditor/widgets/director/directorpregamebutton.lua
29c7ca07e64b6632,ui/uieditor/widgets/vehiclehuds/ai_tank/vhud_ai_tank_internal
29caaea59c809c28,ui/uieditor/widgets/genericpopups/toast_container_clansteams.lua
29ceaae8dbbdbadd,ui/uieditor/widgets/zmfrontend/zmloadoutpreviewactiveclass.lua
29cf7342210750e5,ui/uieditor/widgets/reticles/mp/bowlauncherreticle_l2.lua
29d14d4a01cb5f4e,ui/uieditor/widgets/vehiclehuds/wasp/vhud_sentinel_damageiconwidget.lua
29d51761f25760b5,ui/uieditor/widgets/hud/gameendscore/gameendscoreoutcomeffabar.lua
29d7b2edcc3435f2,ui/uieditor/widgets/arena/arenarubyprogressthreewidget
29e09f9d92312891,ui/uieditor/widgets/codcaster/codcasterheadernonteambased
29e2326d096a4745,ui/uieditor/widgets/reticles/blackcell/timer.lua
29e7be51d884ab71,ui/uieditor/widgets/hud/prematchcountdown/prematchcountdown_beginsin
29f0623064b709ae,ui/uieditor/widgets/itemshop/reserves/reservesrerollitemdetails.lua
29f084b40988f298,ui/uieditor/luielems/zm/zm_arcade_keys.lua
29f6ad56112710ed,ui/uieditor/widgets/cac/wildcardloadoutlistitem.lua
29fc384d04724cc2,ui/uieditor/widgets/cac/attachmentuberloadoutclasslistitem.lua
29fc49de026d9299,ui/uieditor/widgets/callingcards/callingcards_goldframe
2a063599cd5a5103,ui/uieditor/widgets/warzone/warzonesplitinventory_pc_buttoncontainer
2a1112c4f772a43c,ui/uieditor/widgets/hud/killcam/killcamkilledbyattachmentlabel
2a114dd0f4f8ba83,ui/uieditor/widgets/pc/reportdropdown_container.lua
2a116c6e66cdebae,ui/uieditor/widgets/director/directorblackmarketbutton.lua
2a14eeeaee570a30,ui/utility/leaderboardutility
2a155eac5398a2a3,ui/uieditor/widgets/director/trialcountdownsmallwidget
2a179e4c0241728c,ui/uieditor/widgets/hud/console/consoleentrycontainer
2a192914a93bee21,ui/uieditor/widgets/director/directortogglepartyfillinternal.lua
2a1db81db4d673f9,ui/uieditor/widgets/lobby/mapvote/mapvotelabellower.lua
2a2086b3a25667a0,ui/utility/pcutility
2a2126d792bc51e9,ui/uieditor/widgets/reticles/infinite/lmginfinitereticle_ui3d_internal.lua
2a235d83c28a3a66,ui/uieditor/widgets/craft/emblemeditor/colorpicker/emblemgradientcolorbutton
2a27f8c716b08a87,ui/uieditor/widgets/cac/weaponattachmentselect/attachmentdescription
2a289628463911a6,ui/uieditor/widgets/pc/startmenu/pc_startmenu_options_hudbounds_hints.lua
2a2d9c8019d7741a,ui/uieditor/widgets/cac/caccustomclasslistbutton.lua
2a31000bac763c70,ui/uieditor/widgets/codcaster/codcasterloadoutperks
2a3846462620f671,ui/uieditor/menus/cac/camopersonalizationdetails
2a390335687d572b,ui/uieditor/widgets/itemshop/supplychain/supplychaindetails_buttonpromptcontainer
2a3e8e27fbb82d62,ui/utility/pckoreaeventutility.lua
2a433c9653680736,ui/uieditor/widgets/freecursor/infopanelsubwidgets/freecursorbuttonpromptarea
2a43980fe3f94c91,ui/uieditor/widgets/director/directorchoosemapframe
2a48d8539e3f5a2c,ui/uieditor/widgets/demo/democontrolsspectatingbar.lua
2a4c30ab07b8c22f,ui/uieditor/widgets/codcaster/codcasterplayerlistrowwidgettext
2a4d62339ab35bca,ui/uieditor/widgets/mphudwidgets/scorepopup/mpscr
2a52bba85c50cc57,ui/uieditor/widgets/itemshop/contracts/contractitembacker
2a570317cfbf8399,ui/uieditor/widgets/arena/leagueplayendrankrulesrewards.lua
2a5c094515c7c87e,ui/uieditor/widgets/barracks/specialeventtaskwidget
2a60577766c57ec3,ui/uieditor/widgets/pc/startmenu/interfaceoptions/startmenu_options_pc_interface_tabcontent
2a61ab2741fa0707,ui/uieditor/widgets/lobby/localserverrow.lua
2a637e411019b270,ui/uieditor/widgets/pc/socialmenu/pc_battlenetfriend_nameandrealid
2a6394ebe3ba050f,ui/uieditor/widgets/lobby/lists/members/lobbyleadericon.lua
2a64a3cc00bddbfa,ui/uieditor/widgets/aar_t8/tierreward/aartierrewardfocusindicator
2a66929d9b5adbeb,ui/uieditor/widgets/chat/chatautocomplete.lua
2a71a14c02175d8e,ui/uieditor/widgets/mp/specialisthub/hubgestureinstructions.lua
2a752287729a0700,ui/uieditor/luielems/zm/zm_hint_text
2a7644ae9dd32e52,ui/uieditor/widgets/callingcards/loot4/ui_icon_callingcards_assassin_attackerarmgroup
2a7e068357e08fee,ui/uieditor/widgets/specialist/specialistthemebutton_internal.lua
2a830f5543072a43,ui/uieditor/widgets/pc/bnetstore/pc_bnetstore_purchasebutton
2a8524bcf876041e,ui/uieditor/widgets/vehiclehuds/genericpooledvehiclehealthbar.lua
2a871e91bdd2ab3e,ui/uieditor/widgets/director/directorselectbuttoninternal.lua
2a9255c570c68aa8,ui/uieditor/widgets/startmenu/options/startmenuoptionsmainframe
2a93ba27072e9595,ui/uieditor/widgets/callingcards/callingcards_zombies
2a949e755c35901c,ui/uieditor/menus/startgameflow/loading_cp.lua
2a96324b28d8b606,ui/uieditor/widgets/cplevels/cpholdtoskipscenetext.lua
2a969a8392712433,ui/uieditor/widgets/bumperbuttonwithkeymouse
2a9d9ad002907d62,ui/uieditor/widgets/systemoverlays/systemoverlay_supportwidget
2aa11b1a6e6a8f94,ui/uieditor/widgets/itemshop/itemshopglowraysanim
2aa133cce67d4d80,ui/uieditor/widgets/warzone/warzonedirectorstagespulsing.lua
2aaa885d96b1096b,ui/uieditor/widgets/hud/cp_damagewidget/damagewidget_dot.lua
2aaf5de9c0bdfaab,ui/uieditor/luielems/zm/zm_zod_wonderweapon_quest.lua
2ab30817b34a218b,ui/utility/zmstoryutility
2abea5b3a2b00e4a,ui/uieditor/widgets/codcaster/codcasterannouncementfeed
2ac18a1bf1267e95,ui/uieditor/widgets/cac/chooseclass_ingame
2ac41011bdd5ffbc,ui/uieditor/widgets/lobby/mapvote/mapvotemapnamegamemodelayout.lua
2ac47d277b50b88f,ui/uieditor/widgets/reticles/blackcell/centerreticle
2ac5421509a88487,ui/uieditor/widgets/mphudwidgets/overheadnamewzcash
2ac8a32561bb24f9,ui/uieditor/widgets/itemshop/supplychain/dupemarker
2ad586ae244ef8a8,ui/uieditor/widgets/pc/startmenu/pc_flexibleverticaltextblock_title
2ad91032a1e2895b,ui/uieditor/widgets/hud/core_ammowidget/ammowidget_singleshotpip.lua
2adb3511bd0cb347,ui/uieditor/widgets/warzone/warzonedeathcamtrianglebgcorners
2adb728c3ce7a4d3,ui/uieditor/widgets/warzone/warzonequickinventorymenuitemsmall
2adcf5f31eb57d7e,ui/uieditor/widgets/tablet/tabletlocationselector_grid.lua
2aded518bf60664b,ui/uieditor/luielems/mp/success_screen.lua
2ae56105956b945c,ui/uieditor/widgets/hud/scoreinfo/scoreinfoescortrobotobjective
2aea0deb67f59348,ui/uieditor/widgets/mphudwidgets/bountyhunter/bountyhunterpreviewmultiitems.lua
2aea1a6c719a2152,ui/uieditor/widgets/vehiclehuds/ai_tank/vhud_ai_tank_button_layout.lua
2af567ca43042b6c,ui/utility/pcachievementsutility
2af5ac56443a5fe2,ui/uieditor/widgets/arena/arenaleagueplayrubiesfive
2afe6c9c9f278453,ui/uieditor/widgets/fe_nat.lua
2aff459c6d2a75c9,ui/uieditor/widgets/aar_t8/rewards/aarrewardsxp
2b0405f19f0be593,ui/uieditor/widgets/callingcards/callingcards_mp_bootcamp_marksman_master.lua
2b08f95b3693317d,ui/uieditor/widgets/mphudwidgets/bountyhunter/bountyhunterammobuy.lua
2b09ef912d5abe9a,ui/uieditor/widgets/zmhudwidgets/inventory/zminvstageimage.lua
2b1020a5873ba1d6,ui/uieditor/widgets/hud/scoreinfo/scoreinfoctf_flagstate
2b1b2036e0ff7e39,ui/uieditor/widgets/craft/paintshop/paintshopcolorswatchcontrols.lua
2b1da0ac88356f3d,ui/uieditor/widgets/social/social_managepartyplayerrealname
2b1e66064c1e62b6,ui/uieditor/widgets/callingcards/loot2/callingcards_loot2_vikingbattles_characters
2b211c35aaad19f5,ui/uieditor/widgets/vehiclehuds/vehicleradar
2b23cf5ef446c848,ui/uieditor/menus/hud/t7hud_zm_factory.lua
2b25db840a191172,ui/uieditor/widgets/itemshop/bmtallitemcontainer
2b2e0325577c900f,ui/uieditor/widgets/mphudwidgets/bountyhunter/bountyhunterpackagetier.lua
2b30d5d3744cf52c,ui/uieditor/menus/itemshop/itemshopdetailssunset.lua
2b3198f8966bbc0b,ui/uieditor/menus/aar_t8/arena/aar_rankedplayrankchange
2b3323cf0a349f3b,ui/uieditor/widgets/pc/startmenu/audiooptions/startmenu_options_pc_audiooptions_suboptionsnavigation.lua
2b37d6ab44c01fba,ui/uieditor/widgets/backgroundframes/backgroundpattern01.lua
2b3bb4a58978911c,ui/uieditor/widgets/cac/menuchooseclass/itemwidgets/weaponlevelmetersmall.lua
2b5c93f0d3a552ba,lua/lobby/lobbytimer.lua
2b622a9e523f20a1,ui/uieditor/widgets/vehiclehuds/gunship/vhud_gunship_recticle_105mm.lua
2b64242bc62ace26,ui/uieditor/widgets/arena/arenaslottedruby.lua
2b6e79822fc8493f,ui/uieditor/widgets/startmenu/startmenu_connectionmeter.lua
2b7079cabff5b7aa,ui/uieditor/widgets/callingcards/loot3/ui_icon_callingcards_stpatricks_speedlines
2b71c9857f66102f,ui/uieditor/widgets/itemshop/itemshoppreviewbutton
2b75e3c0cb85b13b,ui/utility/weaponutility.lua
2b792e5f5ac4558b,ui/uieditor/widgets/hud/deadspectate/deadspectate.lua
2b7fcbbcadbd051d,ui/uieditor/widgets/vehiclehuds/gunship/vhud_gunship_flare_indicator.lua
2b815c970ba653cd,ui/uieditor/menus/mp/specialisthub/mpspecialisthubpreviewmoment.lua
2b8cab39e4234d59,ui/uieditor/widgets/zmfrontend/zmaartimetext
2b8f03d89b5f996f,ui/uieditor/widgets/vehiclehuds/mothership/vhud_ms_hashrotateright
2b970b1c400291ca,ui/uieditor/widgets/inputbutton
2b992ca8eb900ce4,ui/uieditor/widgets/hud/zm_ammowidgetfactory/zmammo_bgbcarouselbuttonfactory.lua
2b9ddfef1ccdb00b,ui/uieditor/widgets/craft/emblemeditor/decalgroupslistframepaintshop
2ba2a8ebd155151c,ui/uieditor/widgets/aar_t8/tierreward/aartierrewardshowcaseinternalcore.lua
2ba33ddfa60d4022,ui/uieditor/widgets/callingcards/callingcards_asset_mech.lua
2baba8fd4deb7997,ui/uieditor/widgets/aar_t8/summary/aarcompacthistorymessage.lua
2bae0a8540141ec8,ui/uieditor/widgets/codcaster/codcastersupportbutton.lua
2baf9d942e162c42,ui/uieditor/widgets/freecursor/freecursordetaileddescriptioncontainer
2bb90b5ec911d16f,ui/uieditor/widgets/callingcards/callingcards_snakegods_asset_lefthand
2bba2468877eebe1,ui/uieditor/widgets/itemshop/supplychain/itemshopraritybackgroundstream_epic
2bc083668eed1037,ui/uieditor/widgets/vehiclehuds/wasp/vhud_sentinel_internal.lua
2bc4e6fbd10a843a,ui/uieditor/widgets/aar_t8/arena/aar_leagueplay_placementlist.lua
2bc8ad172af5fc62,ui/uieditor/widgets/vehiclehuds/ground/vehicleground_modt1.lua
2bca86b59b9d877b,ui/uieditor/widgets/hud/zm_revive/zm_selfrevivecounter.lua
2bce07fcd345de2a,ui/uieditor/widgets/craft/paintshop/paintshopchooseside
2bd86fa2844640f1,ui/uieditor/widgets/vehiclehuds/mothership/vhud_ms_modleft
2be779d5e87238aa,ui/uieditor/widgets/systemoverlays/featureoverlay_button
2bf1601524d6a455,ui/uieditor/widgets/vehiclehuds/mothership/vhud_ms_statuswidgetgunnerright
2bf776923c7291f4,ui/uieditor/widgets/warzone/wzbox9slice
2bfde76e1de46fb2,ui/uieditor/widgets/mp/specialisthub/hubtoptab
2c06b2a5ba58bc70,ui/uieditor/widgets/itemshop/supplychain/discounttiersdesc
2c10f94931ed9722,ui/uieditor/widgets/systemoverlays/systemoverlay_prestige.lua
2c118f1e6b2011b2,ui/uieditor/widgets/codcaster/codcasterbuttonpromptcontainer
2c136df109eb24f2,ui/uieditor/widgets/callingcards/callingcards_asset_zombies_astronaut.lua
2c15ecc89a7a6ff0,ui/uieditor/widgets/reticles/infinite/lmginfinitereticle_status
2c1746fcb73769f5,ui/uieditor/widgets/callingcards/callingcards_asset_jaw02.lua
2c1fc557fe067a7a,ui/uieditor/widgets/social/social_party.lua
2c27a1a96def59e1,ui/uieditor/widgets/hud/blackhat/blackhatemp
2c2f840fd2528321,ui/uieditor/widgets/craft/emblemeditor/emblemoptionsbutton
2c3028f94f53cf2e,ui/uieditor/widgets/vehiclehuds/compassgroupvehiclegps
2c32fc2ca012136a,ui/uieditor/widgets/pc/socialmenu/pc_socialmenu_sortbutton
2c3562610cdbb5b6,ui/uieditor/widgets/tablet/healthboost/tablethealthboost
2c38429f774cbb64,ui/uieditor/widgets/tablet/swipetak5/swipetak5_characterhealwidget.lua
2c3f792f661c64a2,ui/uieditor/widgets/hud/safeareacontainers/hud_wz_safeareacontainer_front
2c40fd7a193ee6d2,ui/uieditor/menus/challenges/challenges_scorestreaks
2c45396f7013b2c4,ui/uieditor/widgets/arena/arenaprogressionrubies
2c46b86aacbd9d7d,ui/uieditor/widgets/itemshop/supplychain/itemshopraritybackgroundstream_common.lua
2c5ca210e8cd6906,ui/uieditor/widgets/codcaster/codcasterplayerlistrowwidgettextinternal
2c5ee2e8a56020c0,ui/uieditor/widgets/gamesettings/gamesettings_perkrestriction.lua
2c6999e9e34c5927,ui/uieditor/menus/wz/wzpersonalizecharacterinspect.lua
2c69b7561846dfa6,ui/uieditor/widgets/hud/mpgametypes/mppropcontrolssafeareacontainer.lua
2c70bfb4ac83896c,ui/uieditor/widgets/pc/startmenu/pc_startmenu_options_keybindmessage_text.lua
2c75b45f01f6053c,ui/uieditor/widgets/gamesettings/gamesettings_equipmentrestriction.lua
2c75dc0de71b0b23,ui/uieditor/widgets/warzone/warzonedeathcamtrianglebgcorners.lua
2c79d2ffc0b3bd5a,ui/uieditor/widgets/mphudwidgets/bountyhunter/bountyhunterpackagetierinternal.lua
2c8957705c32aa4e,ui/uieditor/widgets/entitylockon/rocketlauncherlockon
2c8a82e63a9de148,ui/uieditor/widgets/codcaster/codcasterplayerlistrowwidget
2c8f0a033b64cc47,ui/uieditor/widgets/arena/leagueplayendrankuprank
2c901c7c8895391c,ui/uieditor/widgets/aar_t8/merit/meritoverlaymanuallayoutverticalbg.lua
2c9344a01be53af6,ui/uieditor/widgets/cac/classoptionswidget.lua
2c94cfeaae626290,ui/uieditor/menus/aar_t8/levelup/aarprestigemasteroverlay.lua
2c980b1a7ed2f310,ui/uieditor/widgets/aar_t8/tierreward/aartierrewardshowcaseinternalcorerare
2c9bb551e9fc4eea,ui/uieditor/widgets/freecursor/freecursorinfopanelcontainer.lua
2c9fc2f0385a0199,ui/uieditor/widgets/director/directorexpandedlobbymemberinternal.lua
2ca8908628d8ccab,ui/uieditor/widgets/tablet/tableticepickgadget_hackfinished
2cad9e0739327bea,ui/uieditor/widgets/wzaar/wzaar_meritcontainer.lua
2cae070771ccae1f,ui/uieditor/widgets/startmenu/startmenu_options_network_descriptionpanels
2cb5bf4e094259d8,ui/uieditor/menus/hud/hud_zm_require
2cbb28da02113a8f,ui/utility/zmlaboratoryutility
2cbd14a5e53ed76b,ui/utility/directorutility.lua
2cbdafa3e990e3f2,ui/uieditor/widgets/endgameflow/codcastermatchtitletext.lua
2cc7fac76693c092,ui/uieditor/widgets/callingcards/loot2/callingcards_loot2_safarihunter
2cc8c57ff1348318,ui/uieditor/widgets/callingcards/loot3/ui_icon_callingcards_dystopian_armmove.lua
2cc9e6a3e79912c1,ui/uieditor/menus/craft/paintshop/paintshopchooseicon
2ccaf5d37fe32146,ui/uieditor/luielems/zm_laststand/zm_laststand_client.lua
2cd9d8bbdf39b233,ui/uieditor/widgets/itemshop/reserves/reserveslootpurchasebundlebuttoncontainer.lua
2cdb7e39c2bb0392,ui/uieditor/widgets/aar_t8/merit/meritoverlaymanualheader.lua
2cde4eb6b60deb3a,ui/uieditor/widgets/warzone/warzoneusetimerreviveplayerbg
2cdfddd843607ae3,ui/uieditor/widgets/directorpublic.lua
2cf11c59303475c9,ui/uieditor/widgets/vehiclehuds/mothership/vhud_ms_outsideline.lua
2d0053ebf8d9bc0c,ui/uieditor/widgets/codcaster/playerportraithoverbottom
2d063a047677f6fd,ui/uieditor/luielems/zm/zm_build_progress.lua
2d0945d3232918dc,ui/uieditor/widgets/lobby/lobbyinspection/inspectiongamercardwidget.lua
2d0a0911da1b6a5a,ui/uieditor/widgets/pc/socialmenu/pcsocialmenu_playerlistitem_playerinfos_invitebutton.lua
2d0a7bdc0ff77d2c,ui/uieditor/widgets/zmhudwidgets/hud_zm_hinttext
2d0b10a4c0a40251,ui/uieditor/widgets/warzone/warzonecontextualextraitems_leftalign.lua
2d0c4aa06f8b2ee4,ui/uieditor/menus/lobby/directorpersonalizecharactermp.lua
2d0db74d7e9c157c,ui/uieditor/luielems/mp/ct_timer_mod_ticks
2d0f15d1c9df8305,ui/uieditor/widgets/common/commoncornerpips01.lua
2d0f84a2d7d94ca3,lua/lobby/process/lobbyprocessqueue
2d0fe21a72a15dba,ui/uieditor/widgets/charactercustomization/wzpersonalizecharacter_standardframewidget
2d13d1dd926408a1,ui/uieditor/widgets/director/directorfindgameplaylistinfomp
2d16f760cab2d82f,ui/uieditor/widgets/callingcards/loot3/ui_icon_callingcards_invasion_ufowbeam.lua
2d20b48917693d3f,ui/uieditor/widgets/startmenu/startmenu_codpoints.lua
2d24e4a6046a91b2,ui/uieditor/widgets/vehiclehuds/mothership/vhud_ms_timebar
2d2872b253938e36,ui/uieditor/widgets/pc/directorlobbyclanandmembernamecontainerpc
2d2b10624aecb5a7,ui/uieditor/widgets/hud/core_ammowidget/ammowidgetmpcontainer.lua
2d2b7d5cb3795295,ui/uieditor/widgets/hud/helpmessagecontainer.lua
2d2e15b7271096f0,ui/uieditor/widgets/mphudwidgets/prestigerewards/prestigerewardwidget
2d386237bba10894,ui/uieditor/menus/callingcards/callingcards.lua
2d3afb7cc9935cf0,lua/lobby/process/lobbyprocess.lua
2d3b48853e408bdd,ui/uieditor/widgets/hud/core_ammowidget/ammowidget_oic_bullets
2d3fac6e1be16651,ui/uieditor/widgets/director/directorselectbuttonspecialistheadquarters.lua
2d4e0d48242633e2,ui/uieditor/widgets/arena/arenateamdisplay
2d4ed3fd8d1fcc4a,ui/uieditor/widgets/dynamiccontainerwidget
2d4f2d6cf0b93fbc,ui/uieditor/widgets/arena/arenadirectorlobbyrankicon.lua
2d4f6eb903070ecb,ui/uieditor/widgets/callingcards/callingcards_asset_dirtcar_shooter.lua
2d4fb8ab15bceecd,ui/uieditor/widgets/hud/mp_hacked/hud_hacked_map_widget.lua
2d537451d928b289,ui/uieditor/widgets/hud/zm_perks/zmperkvaporcooldownpulse.lua
2d54797156cee314,ui/uieditor/widgets/aar_t8/summary/aarperformancebg.lua
2d63ba66c95f0762,ui/uieditor/widgets/scoreboard/tabbedscoreboardlayoutsideline
2d6899d0e301fea1,ui/uieditor/widgets/itemshop/purchaseableitemcontentimagedaily.lua
2d6947ede1024fe3,ui/uieditor/menus/hud/hudelementtext
2d6a3fb5a763b9aa,ui/uieditor/widgets/arena/arenarubyprogressfourwidget
2d6adc2d6f95702a,ui/uieditor/widgets/craft/emblemeditor/emblemeditorbuttonprompt.lua
2d6f896aad1ae0c7,ui/uieditor/widgets/tablet/tabletlocationselector_messageprompt_planemortar
2d7c638cee249536,ui/uieditor/widgets/warzone/warzoneinventorymenuitemsmall_internal.lua
2d7e092479c7b82c,ui/uieditor/widgets/border
2d7e5b3de6c8f6ec,ui/uieditor/widgets/hud/scoreinfo/scoreinfo_panelscale.lua
2d80779e0b1c3b21,ui/uieditor/widgets/genericpopups/kickerinternal.lua
2d81ffd4f9ade540,ui/uieditor/widgets/zmfrontend/zmaaralltimeperfwidget.lua
2d83ec465c09ecf7,ui/uieditor/widgets/lobby/lobbyinspection/inspectionprestigelevel
2d8506874db65f8c,ui/uieditor/widgets/mp/specialisthub/hubgesturebuttonbacking
2d8d1adc4256206d,ui/utility/analyticsutility
2d923ab4f5b48d75,ui/uieditor/widgets/tablet/tabletlocationselector
2d9b05e07fa074ee,ui/uieditor/widgets/hud/zm_revive/zm_revivebleedoutredeyeglow
2da06b6e4744f8e7,ui/uieditor/widgets/mp/specialisthub/hubgesturebutton.lua
2da54af56b1dee1f,ui/uieditor/widgets/scoreboard/scoreboardwidget
2da90e0b8527aec8,ui/uieditor/widgets/zmhudwidgets/hud_zm_trial_completed
2da9c312503b7d6a,ui/uieditor/menus/arena/leagueplayintroladderresults.lua
2dae7ce50829a6cf,ui/uieditor/widgets/hud/uplink/uplink_iconandtextarmorbg.lua
2dbb73fb8fe6a257,ui/uieditor/widgets/aar_t8/aartabbutton
2dbbe35720247c09,ui/uieditor/menus/cac/wzpurchasecamo
2dbd7983526ecc55,ui/uieditor/menus/craft/paintshop/paintshop.lua
2dbf86f7dd7ceb8e,ui/uieditor/widgets/hud/core_ammowidget/ammowidgetzm_weaponname
2dc2621a7b8ecf90,ui/uieditor/luielems/core/interactive_shot.lua
2dc5dd3965f628a1,ui/uieditor/widgets/callingcards/callingcards_blackmarket_cardwidgetinternal.lua
2dc74410610d7081,ui/uieditor/widgets/systemoverlays/systemoverlay_layout_foregroundmultilinetext.lua
2dcb567fb3eef9dc,ui/uieditor/widgets/genericpopups/gp_framebackgroundt.lua
2dccf19cf34ca50f,ui/lui/lui
2dce4fe60d50c681,ui/uieditor/widgets/callingcards/loot3/ui_icon_callingcards_crimewave_wheelspin01.lua
2dd2cf39e26a8741,ui/uieditor/widgets/common/commonemptyslot01.lua
2dd5ebc3a8811f73,ui/uieditor/widgets/zmhudwidgets/inventory/zminvsentinelartifact
2dd67ebb9f0b033a,ui/uieditor/widgets/chat/frontend/frontendchatclientcontainer
2dda20a670306dc5,ui/uieditor/widgets/tablet/tabletlocationselector.lua
2ddadf7646104898,ui/uieditor/widgets/director/directorteammember
2dde48051ac6aa2d,lua/lobby/lobby
2de1e084b1f3792d,ui/uieditor/widgets/director/directorapploadoutnotification
2de2345c11357b2f,ui/utility/subtitleutility
2de4c66b722f8d67,ui/uieditor/widgets/itemshop/reserves/reservesreroll
2de4ec6a53c872c2,ui/uieditor/menus/cac/specialistequipmentselect.lua
2de5adaf5b7bb0ce,ui/uieditor/widgets/pc_notif
2de9e451ea80d529,ui/uieditor/widgets/vehiclehuds/vehiclebuttonprompt
2dec58b7dad03016,ui/uieditor/widgets/hud/scoreinfo/scoreinfocontainer
2df000c52aa8e445,ui/uieditor/widgets/zmfrontend/zmaarscoreboardtabinternal
2df96e0ce76f2729,lua/lobby/matchmaking/lobbymatchmakingarena.lua
2e0ca8a717281d46,ui/uieditor/widgets/vehiclehuds/ground/vehicleground_abilitiesandammo
2e1397a34d17616a,ui/uieditor/widgets/hud/core_ammowidget/ammowidgetmp_ultimate_progress_fill_player_portrait
2e13e2d18f523454,ui/uieditor/widgets/callingcards/callingcards_replacer.lua
2e197a405af175d9,ui/uieditor/widgets/callingcards/callingcards_zm_zombie_hunter.lua
2e1a66321e440bb5,ui/uieditor/widgets/vehiclehuds/hellstorm/vhud_hellstormringsmall.lua
2e29492c0c9f2190,ui/uieditor/widgets/clans/claninboxrow.lua
2e2b1e8f16ea4f3f,ui/uieditor/luielems/mp/ct_shared_warning
2e2d9a910f4ff817,ui/uieditor/widgets/vehiclehuds/hawk/vhudhawkweaksignal.lua
2e304f3672913ff2,ui/uieditor/widgets/startmenu/options/startmenu_options_controllerlayout_orbis
2e441b7b836595bc,ui/uieditor/widgets/craft/paintshop/paintshopcolorlayerinfo
2e5180b86bb45920,ui/uieditor/widgets/hud/scoreinfo/scoreinfo_panelscale
2e52af63508c530e,ui/uieditor/widgets/aar_t8/aartabheader
2e5724ea40c9bd4e,ui/uieditor/widgets/warzone/warzoneplayermarker
2e5dfd639045dca4,ui/uieditor/widgets/freecursor/infopanelsubwidgets/freecursorheaderinfo.lua
2e640e71cf12af4c,ui/uieditor/widgets/itemshop/supplychain/reservedealswidget
2e653ac96c1a59d7,ui/uieditor/widgets/callingcards/callingcards_mp_bootcamp_marksman_master
2e661235e52bf578,ui/uieditor/widgets/zmfrontend/cac/zmitemgridbutton.lua
2e6f973a75592a43,ui/uieditor/widgets/pc/notifications/pc_notif_keyprompt.lua
2e7200839ccf6276,ui/uieditor/widgets/notifications/notificationqueuewidgets/mp/mpchallengenotification
2e76515f04a1ff80,ui/uieditor/widgets/cac/talentselect/talentslotcontainer
2e793261361b8aa2,ui/utility/bonuscardutility.lua
2e7bc95342d27808,ui/uieditor/widgets/director/directormapandgametypeinternaltitles.lua
2e7c33fa6fce93e4,ui/uieditor/widgets/healthbarwidgetzm
2e807a482883cb2e,lua/lobby/matchmaking/lobbymatchmaking.lua
2e813280582af4f1,ui/uieditor/widgets/hud/ingametalkerswidget
2e8225afdee80cc8,ui/uieditor/widgets/healthbarwidgetzm.lua
2e869e31703df4bf,ui/uieditor/widgets/hud/core_ammowidget/ammowidgetvehiclereloadmeter.lua
2e8b2cf1d2b77934,ui/uieditor/widgets/challenges/challengescallingcardprofilercombattraining.lua
2e8dd5f05fd71df5,ui/uieditor/menus/cac/weapondeathfxselect.lua
2e8f415910cf2a99,ui/utility/gametypeutility.lua
2e91724b6a77f8c9,ui/uieditor/widgets/warzone/wzpersonalizeweapon_weaponlistwidget
2e922b4a6f8f8d61,ui/uieditor/widgets/vehiclehuds/ground/vehicleground_modt4.lua
2e95dd852d69a42e,ui/uieditor/widgets/cac/classminipreview/classminipreviewequipmentitem.lua
2e98058f128059f1,ui/uieditor/widgets/vehiclehuds/mothership/vhud_ms_outsideline
2e9b1e29c740638a,lua/lobby/process/nav/lobbyprocessnavmp.lua
2e9d90114faeb24b,lua/lobby/matchmaking/lobbymatchmakingzm
2e9e384710c861f5,ui/uieditor/widgets/hud/zm_fx/zmfx_spark2ext.lua
2ea07e3e4cf738b0,ui/uieditor/luielems/mp/ct_shared_desc
2ea9f9f19e68d4b4,ui/uieditor/widgets/lobby/lobbyinspection/inspectionbgelements
2eaa54c63c35ed1c,ui/uieditor/widgets/hud/core_ammowidget/ammowidgetmp_clipcontainernew
2eb2b44d72f6861a,ui/uieditor/widgets/hud/mp_scorestreakwidget/support_buttoninternal
2eb9c739460b6110,ui/uieditor/widgets/cac/weaponattachmentselect/attachmentupgradeslotcontainer
2ebcb1114fc99aed,lua/lobby/matchmaking/lobbymatchmakingcp
2ec621ff25dec73c,ui/uieditor/widgets/vehiclehuds/mothership/vhud_ms_griddotshostr.lua
2ec7f06079c42565,ui/uieditor/widgets/vehiclehuds/mothership/vhud_ms_lockonnotification.lua
2ed095114fda1463,lua/lobby/matchmaking/lobbymatchmakingmp
2ed47cbc5a09a3bf,ui/uieditor/widgets/store/storeproductnamelabel.lua
2ed4c88496cb2747,ui/uieditor/widgets/arena/arenaleagueplay_ladderskilldivisionsubtitle.lua
2ed713fbe9404099,ui/uieditor/widgets/aar_t8/summary/aargameinfo.lua
2edd48faf8db084f,ui/uieditor/luielems/mp/success_screen
2ee083199e68646a,ui/uieditor/widgets/pc/cyclinglist_itemcontrol.lua
2ee0d0d92d77bf8b,ui/uieditor/widgets/vehiclehuds/mothership/vhud_ms_framebottomcenter
2ee92989f80a5908,ui/utility/videostreamingutility
2eea35e191ee4086,ui/uieditor/widgets/zmhudwidgets/inventory/zminvtalisman
2eec04ec8cdb9467,ui/uieditor/widgets/arena/arenamapandgametypecontainer
2eee87ea92bc76c8,ui/uieditor/widgets/callingcards/callingcards_stickerbook_blackmarket
2eefb5b743bb9cd0,ui/uieditor/widgets/lobby/mapvote/mapvotemapnamegamemodelayout
2ef0b8765156e79b,ui/utility/maputility.lua
2ef2b1a7a0f140fc,ui/uieditor/widgets/cac/loadoutclassitemname.lua
2ef7cb8160c2732c,ui/uieditor/widgets/mphudwidgets/outofbounds/outofbounds_timerframedots
2efb24bc53a50032,ui/uieditor/widgets/startmenu/options/startmenu_options_privacysettingsmanagementform.lua
2efb4937f8502f72,ui/uieditor/widgets/listbutton
2f0229e4dd8ebd15,ui/uieditor/widgets/arena/arenainfowidget
2f02dd92efd3e8a5,ui/uieditor/widgets/vehiclehuds/mothership/vhud_ms_statuswidgetgunnerright.lua
2f0300a2ab82b644,ui/uieditor/widgets/callingcards/loot3/ui_icon_callingcards_invasion_lamb1
2f0302a2ab82b9aa,ui/uieditor/widgets/callingcards/loot3/ui_icon_callingcards_invasion_lamb3
2f0303a2ab82bb5d,ui/uieditor/widgets/callingcards/loot3/ui_icon_callingcards_invasion_lamb2
2f035e2b6323687d,ui/uieditor/widgets/playercard/selfidentitybadge
2f0a581682449185,ui/uieditor/widgets/social/social_infopane_presence_joinable
2f0d9ddb1c78d9b7,ui/uieditor/widgets/entitylockon/grenadewarningimage.lua
2f106f8df9c638b3,ui/uieditor/widgets/aar_t8/tierreward/aartierrewardshowcaseinternalultra
2f13b5bf8e6400e9,ui/uieditor/widgets/clans/claninboxacceptedwidget
2f1aa0847ab13d0d,ui/uieditor/widgets/craft/emblemeditor/colorpicker/emblemeditorcolormixercontainer.lua
2f2b91a797a4464b,ui/uieditor/widgets/arena/leagueplayendrankposition
2f33abf2e26b9787,ui/uieditor/widgets/pc_achievementdetailview.lua
2f36388572bcad4e,ui/uieditor/widgets/callingcards/loot3/ui_icon_callingcards_stpatricks1.lua
2f38388b85a04577,ui/uieditor/luielems/zm/zm_trial_timer.lua
2f39e817c75188ad,ui/uieditor/widgets/scorestreaks/callingscorestreaks/genericprojectedtablet
2f3b993973c005c8,ui/uieditor/widgets/craft/emblemeditor/emblemlayerarrows
2f3fbea1a50eb048,ui/uieditor/widgets/vehiclehuds/mothership/vhud_ms_lockbox.lua
2f43f3026f753f31,ui/uieditor/widgets/hud/mp_hacked/hud_hacked_score_widget.lua
2f458f2c0f11ed50,ui/uieditor/widgets/vehiclehuds/lightningstrike/vhud_lightningstrike_ambientgadget_circle.lua
2f486a9c1e3d1cc0,ui/uieditor/widgets/vehiclehuds/ground/vehicleground_centerinnerringelement.lua
2f4cee75b82b5017,ui/uieditor/widgets/hud/zm_panels/zmpanel_rndext.lua
2f5303f981058fb7,ui/uieditor/widgets/craft/emblemeditor/colorpicker/emblemeditorcolormixerpointer
2f5618b9151603a5,ui/uieditor/widgets/warzone/warzoneplayerarrow
2f6482b855bfca9f,ui/uieditor/widgets/cac/newbreadcrumb
2f680ed5d7da8dd1,ui/uieditor/widgets/pc/pc_chooseclasstabs.lua
2f6bca4304bec3fe,ui/uieditor/widgets/director/trialversioncountdownwidget.lua
2f732d1ff8c659ed,ui/uieditor/widgets/social/social_playerslistbuttonshared
2f74fd6231658d1d,ui/uieditor/widgets/arena/arenaeventprogressbuttoninternal.lua
2f765dee1e5ccee0,ui/uieditor/menus/itemshop/itemshopcaseexchangeconfirmation
2f78acfcbc465bba,ui/uieditor/widgets/director/directorselectbuttonlines
2f952907358e6c55,ui/uieditor/widgets/mphudwidgets/cursorhint_text
2f962b8aa56d18ea,ui/uieditor/widgets/startmenu/options/flyout/startmenu_options_settinggroupheader
2f980756a2a2725c,ui/uieditor/widgets/aar_t8/summary/aarsummarytab_wz.lua
2f9d7d549c122e2c,ui/uieditor/widgets/callingcards/callingcards_blackout_100percent
2fa9208706fa27c8,ui/uieditor/widgets/pc/pc_achievementdetailedview_points_bg.lua
2fb0218d988d0790,ui/uieditor/widgets/startmenu/startmenu_options_slider_item_arrow.lua
2fb1ca312b5b024e,ui/uieditor/widgets/zmfrontend/laboratory/laboratorylistiteminternaliconandtext
2fb3b8c05a446f3c,ui/uieditor/widgets/vehiclehuds/remotemissiletarget
2fb5b55eb4acad9a,ui/uieditor/widgets/zmfrontend/laboratory/laboratoryplasma_popoutcontainer.lua
2fb61775b944bf26,ui/uieditor/widgets/customgames/customgames_restrictions_categorybutton
2fbb15dd11b349a8,ui/uieditor/widgets/mp/specialisthub/hubweaponsbuttoninternal.lua
2fbe6b91945e7820,ui/uieditor/widgets/hud/deadspectate/deadspectate_spectatingbarpc.lua
2fc09e6fb4a74f49,ui/uieditor/widgets/codcaster/codcasterplayerlistinternal.lua
2fc52ac3e752ca0b,ui/uieditor/widgets/warzone/warzonequickinventorypromptinternal.lua
2fc8f022224f380b,ui/uieditor/menus/pcui/pc_korea_bootsequence_rating.lua
2fcc510bb15b20b5,ui/uieditor/widgets/gamesettings/gamesettings_textboxbg.lua
2fd33967e05b59c5,ui/uieditor/widgets/craft/emblemselectpreviewwidget.lua
2fd561622867b8bd,ui/uieditor/widgets/cac/classminipreview
2fd9c58738e6a329,ui/uieditor/widgets/vehiclehuds/turret/vhud_turret_reticle
2fe5d58f99c5c149,ui/uieditor/menus/craft/paintshop/paintjobeditor
2fe6668522639885,ui/uieditor/widgets/tablet/tabletlocationselector_playermarker
2ff767c56294d96c,ui/uieditor/widgets/systemoverlays/systemoverlay_connectinganim
2ff790492839d17e,ui/uieditor/menus/gamesettings/gamesettings_optionsmenu
2ff8d828ceaa05fc,ui/uieditor/widgets/callingcards/callingcards_blackmarket_set_singlecardstitle
2ffdb3f7d41098b6,ui/uieditor/widgets/callingcards/loot3/ui_icon_callingcards_invasion_beam
3000ab2bbbe74a44,ui/uieditor/menus/callingcards/callingcards_blackmarket
300cac6bab78ef7b,ui/uieditor/widgets/hud/zm_notiffactory/zmnorif_backlines02rotation
30215bdc7b30e423,ui/uieditor/widgets/itemshop/supplychain/supplychainitemunlockedrecently.lua
3024670f1c7ee1de,ui/uieditor/widgets/vehiclehuds/hellstorm/vhud_hellstormcenterframe.lua
3024aaadeea0348c,ui/uieditor/widgets/systemoverlays/systemoverlay_layout_classoptions
30279f0c61251e1f,ui/uieditor/widgets/hud/zm_revive/zm_selfrevivecounter
3033e09228e62c6f,ui/uieditor/widgets/hud/cp_damagewidget/damagewidget_dot
303a5ede94234809,ui/uieditor/widgets/vehiclehuds/gunship/vhud_gunship_recticle_105mm
303ffc5332f352e1,ui/uieditor/menus/hud/hud_mp_codcaster
3043129aac5f7d79,ui/uieditor/widgets/hud/scoreinfo/userscorecontainer.lua
3047a4af3567f1fa,ui/uieditor/widgets/zmfrontend/zmtrialmedal
304ac298491f76cd,ui/uieditor/widgets/hud/killcam/killcamkilledbyattachmentsline.lua
304d6f34106b3a73,ui/uieditor/widgets/cac/classminipreview/classminipreviewattachmentpip
305950c50311faf4,ui/uieditor/widgets/callingcards/callingcards_stickerbook_blackmarket.lua
305b51e580e92bf7,ui/uieditor/widgets/vehiclehuds/hellstorm/vhud_hellstormverticalindicator.lua
305e483fe12ef652,ui/uieditor/widgets/challenges/challenges_zm_summary
3061deb7e24f90c2,ui/uieditor/widgets/notifications/playercard/playercard.lua
306683c7acfba64d,ui/uieditor/widgets/aar_t8/tierreward/aartierrewardcontraband.lua
30681f11650a68a6,ui/uieditor/widgets/blackmarket/contracts/bm_availabecontractitem
306d1d2d76907f0b,ui/uieditor/widgets/health/healthinfo.lua
306e788f5c76df54,ui/uieditor/widgets/pc/startmenu/voiceoptions/startmenu_options_pc_voice_voicebar
30713f70b5783152,ui/uieditor/widgets/listbutton.lua
3071cd64e828f536,ui/uieditor/widgets/demo/demoplaybackcontrolsbackground
3072170045f97ddc,ui/uieditor/menus/overlaysystem/systemoverlay_compact.lua
30727ab95b6185d9,ui/uieditor/widgets/mp/specialisthub/hubweaponsbutton.lua
3077e6c8e4d1f495,ui/uieditor/widgets/vehiclehuds/vehicleradarrtt
307a5d726641c3e4,ui/uieditor/widgets/vehiclehuds/hellstorm/vhud_hellstorm_notificationcluster
307bf2b683a530cf,ui/uieditor/widgets/vehiclehuds/ground/vehicleground_irisinnercontainer.lua
3080fab94c80e8af,ui/uieditor/widgets/tablet/tableticepickgadget_hackfinished.lua
308816c0102bf13f,ui/uieditor/widgets/warzone/wzobituarycalloutcontainerdamagedealt.lua
308b4af6c828d40f,ui/uieditor/widgets/pc/socialmenu/pcsocialmenu_playerlistitem
30990129a15a105f,ui/uieditor/widgets/freecursor/freecursorheaderlabelcontainer
309ec3447d523165,ui/uieditor/widgets/startmenu/options/startmenuoptionssubframe
30a87f13be987721,ui/uieditor/widgets/cac/talentloadoutlistitem
30b77527e6364906,ui/uieditor/menus/itemshop/purchasereservesitem.lua
30bc472e86b1eed0,ui/uieditor/widgets/hud/gameendscore/gameendscoreoutcomeffa
30c46554269bbffb,ui/uieditor/widgets/warzone/warzone_emp_vehicle.lua
30c5403ef177328a,ui/uieditor/widgets/itemshop/dupemetersafeareacontainer
30c77bf9b3abfcf0,ui/uieditor/widgets/mphudwidgets/bountyhunter/bountyhunterpreviewitem
30cdfdaab26228c5,ui/utility/locationselectorutility.lua
30cf906c415b24e5,ui/utility/talentselectutility.lua
30d7ba7c36104672,ui/uieditor/widgets/footer/fe_leftcontainer_notlobby
30d8c63d22e3baaf,ui/uieditor/widgets/hud/deadspectate/deadspectate_spectatingmode.lua
30dda2fb13bb83f7,ui/uieditor/widgets/warzone/warzonedbnotext.lua
30e29f93bb1f1ecf,ui/uieditor/menus/cac/scorestreakovercapacity.lua
30e923077648d54b,ui/uieditor/widgets/hud/mpjoinedinprogressloss
30ea3539e77c42f9,ui/uieditor/menus/codcaster/directorcodcastersettings.lua
30ea6bc9504fbe5e,lua/lobby/process/nav/lobbyprocessnavcommon
30ec9c426ad19318,ui/uieditor/widgets/endgameflow/codcasterteambasegradient
30efdc5269082746,ui/uieditor/widgets/hud/zm_revive/zm_revivebleedoutredeyeglow.lua
30f59173046476a9,ui/uieditor/widgets/common/commonitemslotwide.lua
30f5e8c48e50ae34,ui/uieditor/widgets/itemshop/reserves/reservesofferscarousel.lua
30f703f0eaf45d9b,ui/uieditor/widgets/store/storeproductnamelabel
30f9fbcbd21bb9ff,ui/uieditor/widgets/pc/bnetstore/pc_bnetstore_itembutton
30faa9e774638a1f,ui/uieditor/widgets/itemshop/reserves/reserveslootbuttonsgroup.lua
30fab6818ede6c27,ui/uieditor/widgets/pc/startmenu/chatoptions/startmenu_options_pc_chat_tabcontent
30fd90aed31abd18,ui/uieditor/widgets/craft/emblemeditor/stickersetemptyitem.lua
30feb272637b3842,ui/uieditor/widgets/notifications/xp/aardoublexpnotification
30ff57015cfa0c97,ui/uieditor/widgets/vehiclehuds/hellstorm/vhud_centerreticlecirclewidget
3100e5d2a5970b5e,ui/uieditor/widgets/pc/pc_achievementdetailedview_desc_bg
3104e1bd06cb3536,ui/uieditor/widgets/callingcards/callingcards_operations_precision_master
31053cc2f0b27dee,ui/uieditor/widgets/notifications/xp/doublexpcardiconsinternal
3113b4e334b41eb8,ui/uieditor/luielems/zm/zm_game_over
3114c870ee1d3fdb,ui/utility/weaponoptionsutility.lua
3116476c57d8b624,ui/uieditor/widgets/demo/democustomizehighlightreel.lua
3117670e09bbb2dc,ui/uieditor/widgets/aar_t8/summary/aarenemieskiawidget
311ecd12cb5c8749,ui/uieditor/menus/cac/wildcardcapacity
31210a0b45efd988,ui/uieditor/widgets/mphudwidgets/gametypescoreinfo/singlescorenotification
312a47386affd813,ui/uieditor/widgets/directorarenamatchmaking
312c969e93cb6be2,ui/uieditor/widgets/arena/leagueplayleaderboardentryselection
312d25491b3fff61,ui/uieditor/widgets/footer/footercontainer_ingame_right.lua
3131bb080815f76c,ui/utility/doublexputility
31323f926c43b792,ui/uieditor/widgets/callingcards/loot3/ui_icon_callingcards_heavymetal_cop2
3132655822e4995b,ui/uieditor/widgets/codcaster/codcasterportraitobjectivestatus.lua
313281f25b927039,ui/uieditor/widgets/craft/emblemeditor/emblemlayerpositionwidget
31332a74cb172780,ui/uieditor/widgets/vehiclehuds/vhud_layoutplusgridlarge.lua
3137eb392d404a1a,ui/uieditor/widgets/itemshop/purchaseableitem
31412a2ad09e9fcf,ui/uieditor/widgets/scoreboard/tabbedscoreboardinfocursor.lua
3149ff57499acf71,lua/lobby/lobbymapvote.lua
314ab47ffb48a077,ui/uieditor/widgets/pc/pc_tabsarrow
314da682871bc56e,ui/uieditor/widgets/cac/classminipreview/classminipreviewtalentitem
314f5cb7dede32ce,ui/uieditor/widgets/systemoverlays/systemoverlay_prestigerewarditem
3157a3ec5bc59303,ui/uieditor/widgets/social/social_managepartyplayerbuttoninternal
31590f9a531858e0,ui/uieditor/widgets/cac/cac_listbuttonlabel
315a249588b94eff,ui/uieditor/widgets/hud/map/wzkillcamcompass.lua
315a49dbad0ef6a7,ui/uieditor/menus/gamesettings/gamesettings_attachmentrestrictionsettings
315c023510ca7d16,ui/uieditor/widgets/arena/arenaeventbuttoninternal
315d1823f6b24225,ui/uieditor/luielems/zm_laststand/self_revive_visuals_rush
3166f42f53e3b96c,ui/uieditor/widgets/pc/footer/footerbutton_player_emblem
3173220e0cdcf065,ui/uieditor/widgets/arena/leagueplayrubylist.lua
3176fb3b1f0cab3a,ui/uieditor/widgets/callingcards/callingcards_asset_warwheel.lua
317999f11296613e,ui/uieditor/widgets/hud/zm_fx/zmfx_spark2.lua
317a4d7fc43b2e92,ui/uieditor/widgets/pc/globaldropdown.lua
317b22ee799f2944,lua/lobby/lobbyrecentplayers
31824fcd24cd5764,ui/uieditor/menus/hud/t7hud_zm_factory
318a19800818306a,ui/uieditor/widgets/scoreboard/scoreboardplayerwidget.lua
3193310c856aff8e,ui/uieditor/widgets/reticles/chargeshot/chargeshot_activeline
3194da1d58ee8f6f,lua/lobby/lobbymerge
319935c010d8af88,ui/uieditor/widgets/social/social_callingcardsubtitle
319c89699d4ccb93,ui/uieditor/widgets/reticles/magnifier/magnifierreticle_ui3d
319cbac0317b95b4,ui/uieditor/widgets/zmfrontend/zmtabbedscoreboardstatbox
31a16261fbf95f10,ui/uieditor/widgets/wzaar/wzaar_charactercontainer.lua
31a4c5d1b204265b,ui/uieditor/menus/lobby/rewardpopup.lua
31a55ff918c73cd4,ui/lui/luiimage
31a77f25aac5e0cf,ui/uieditor/widgets/hud/proximityalarm/proximityalarm_internal.lua
31ac4810d0892247,ui/uieditor/widgets/vehiclehuds/mothership/vhud_ms_statuswidgetleft
31ad5602d33a7c3a,ui/uieditor/widgets/hud/core_ammowidget/ammowidgetwz_weaponname
31bbdfd95385c733,ui/uieditor/widgets/callingcards/loot4/ui_icon_callingcards_fairytales_finger5.lua
31bd7a98cc365538,ui/uieditor/widgets/startmenu/startmenu_connectionmeter_packetlossimage
31bd88f5d2b4f0ca,ui/uieditor/widgets/pc/pc_tooltipexceptionwidget
31be6a7c1d890162,ui/uieditor/widgets/reticles/mp/spectrelocklinewidgetglow.lua
31bf83990023ce67,ui/uieditor/widgets/codcaster/codcasterloadoutattachmentsbackground.lua
31c8b93249f46b83,ui/uieditor/menus/demo/choosemodesidebar
31cbc21606fc4149,ui/uieditor/widgets/director/directorplaylistoptioninternal
31ce4ed631358401,ui/uieditor/widgets/pc/startmenu/pcstartmenuoptionsunbindkeybindmessage.lua
31cff487761a3761,ui/uieditor/widgets/zmhudwidgets/zm_restart_level_prompt.lua
31d25709202ee187,ui/uieditor/widgets/mphudwidgets/warwaypoint.lua
31d8efdba00d9048,ui/uieditor/widgets/arena/arenaeventtimer.lua
31dcb46177b06daa,ui/uieditor/widgets/cac/supportselectionoption
31dce6c59697e8d3,ui/uieditor/widgets/genericpopups/codpoints_listbutton
31de8827d6e28e46,ui/uieditor/widgets/mphudwidgets/waypointiconsimple
31e40bb868f8222d,ui/uieditor/luielems/core/remote_missile_targets.lua
31f6fd9883111737,ui/uieditor/widgets/zmfrontend/cac/zmtalismansafeareacontainer.lua
3204be141ac947c0,ui/uieditor/widgets/mphudwidgets/waypointobjective.lua
320949a507dc7b21,ui/uieditor/widgets/startmenu/startmenu_options_network_pinglistitem
3209c22793ceed88,ui/uieditor/widgets/common/commontooltip.lua
3209e599bd53c414,ui/uieditor/widgets/zmfrontend/zmaartrialtab.lua
320adbc63353ec37,ui/uieditor/menus/lobby/directorcustomgamesetupwz
321350ccffeae0b6,ui/uieditor/widgets/wzaar/wzaar_challenges_nearcompletion_croppedimage.lua
32158ca38a1e604b,ui/uieditor/widgets/hud/uplink/uplink_iconandtextarmorbg
321c0933133060b6,ui/uieditor/widgets/warzone/warzoneinventorycalloutgesturehinttext.lua
3221a97cdde7b25d,ui/uieditor/widgets/vehiclehuds/hawk/vhudhawkreticle
322b3e9dc3d320e4,ui/uieditor/widgets/callingcards/callingcards_asset_dragon.lua
322e9d2bd1a9e86a,ui/uieditor/widgets/hud/speedometer/hud_speedometer_widget
323108349e3049d9,ui/uieditor/menus/hud/hud_mp_codcaster.lua
3235e5809ec3dd5d,ui/uieditor/widgets/hud/deadspectate/deadspectate_spectatingbar
3236e5f9bf0195c6,ui/uieditor/menus/gamesettings/gamesettings_scoperestrictionsettings.lua
323710fb31eadccf,ui/uieditor/widgets/hud/core_ammowidget/ammowidgetwzcontainer
323986122e07fd1c,ui/uieditor/widgets/pc/bnetstore/pc_bnetstore_devslogos.lua
323a1f95bea01fe3,ui/uieditor/menus/blackmarket/contracts/blackmarketcontracts.lua
3240d7e1312e4a36,ui/uieditor/widgets/pc/bnetstore/pc_bnetstore_giftbutton
3244a02989d808e7,lua/lobby/lobbyhopper
3244a1783f37ff8d,ui/uieditor/widgets/warzone/wzobituaryvictim
3246178cf189051b,ui/uieditor/widgets/keyprompt
3248c14666520a0a,ui/utility/consoleutility.lua
3249d915d98040e4,ui/uieditor/widgets/codcaster/codcastersettingfooter.lua
3250e33f573aba87,ui/uieditor/widgets/callingcards/loot4/ui_icon_callingcards_assassin_bentarm.lua
325540381f35a6fa,ui/uieditor/menus/lobby/directorcustomgamesetup.lua
32593f592dd9403b,ui/uieditor/widgets/vehiclehuds/dart/vhud_dart_centerreticlehorizonline
325cb3e6717e288f,ui/uieditor/widgets/pc/startmenu/accessibilityoptions/startmenu_options_pc_accessibilityoptions_suboptionsnavigation
32663c8c8ae17784,ui/uieditor/widgets/pc/socialmenu/pc_socialmenu_dropdownbnetstatus.lua
326d58d12a04fe80,ui/uieditor/widgets/craft/paintshop/paintshopchoosepaintside.lua
326ef8b1eb2f3751,ui/uieditor/widgets/hud/buttonprompt3d/namelabel.lua
327a3dd7497157b6,ui/uieditor/widgets/specialist/specialistthemebutton_internal
3280ec61da7bd5a7,ui/lui/luifixedaspectratioimage
328e1a2d7a6e8031,ui/uieditor/widgets/fileshare/allowdownload.lua
329187ea00d726c3,ui/uieditor/widgets/pc/utility/verticallistspacer
329497476ab94c51,ui/uieditor/widgets/callingcards/callingcards_asset_pirates_pirate.lua
3296ff295c5b9972,ui/uieditor/widgets/warzone/warzonewarningstripe
329a6d5c6da0dd3d,ui/uieditor/widgets/hud/gameendscore_wz/gameendscore_deathcamprompt
329d84fa68c2a9ef,ui/uieditor/widgets/warzone/warzonequickconsumeslotpc
32a1ea146e61e461,ui/uieditor/widgets/hud/rejackwidget/rejack
32a456a4b0756328,ui/uieditor/widgets/zmfrontend/cac/zmsignatureweaponitemgridbutton
32a69462aa4245ee,ui/uieditor/widgets/cac/weaponattachmentselect/attachmentdescriptionheader
32a7f695977f802b,ui/uieditor/widgets/hud/prematchcountdown/prematchcountdown_numbersinternal.lua
32a909e6d2934e68,ui/uieditor/luielems/mp/fail_screen.lua
32b3a36f75bb6e0e,ui/uieditor/widgets/startmenu/options/flyout/startmenu_options_settingsliderarrow
32b4c41c3979c25d,ui/uieditor/widgets/scoreboard/tabbedscoreboardheaderteam
32bb3abd458dbdfe,ui/uieditor/widgets/warzone/wzcollapsetimer
32bdb225da6c270d,ui/uieditor/widgets/fileshare/selectedfilmsummaryinformation.lua
32bf789c3c32d132,ui/uieditor/widgets/aar_t8/levelup/aarlevelupoverlay_levelupbg
32c2bec7a9db1e9f,ui/uieditor/widgets/hud/map/compassgroupmpcontainertransition
32cdae5a5c0acd06,ui/uieditor/widgets/aar_t8/summary/aarefficiencywidget
32cfb63bfd4cf73a,ui/uieditor/widgets/gamesettings/gamesettings_matchsettingsinfo.lua
32d4a59abbb1be8a,ui/uieditor/widgets/startmenu/startmenu_inventory.lua
32d764b7e0117243,ui/uieditor/widgets/hud/scoreinfo/scoreinfo_panelscalecontainer.lua
32d994185d4a874a,ui/uieditor/widgets/tablet/tabletlocationselector_pointmarker
32db805f1060283f,ui/uieditor/widgets/arena/arenaeventbutton
32e6578419b866ab,ui/uieditor/widgets/director/directorlaboratorybuttoninternal
32e88ac782aef92c,ui/uieditor/widgets/hud/core_ammowidget/ammowidgetequipmenttext
32e97e4a577687e0,ui/uieditor/widgets/vehiclehuds/remotemissiletarget.lua
32f20d14450a66f2,ui/uieditor/widgets/cac/allocationspentwidget.lua
32f59a9919a4b38b,ui/uieditor/widgets/pc/startmenu/pc_startmenu_options_ftedesc.lua
32fdbb4f50e2300a,ui/uieditor/widgets/callingcards/callingcards_prestige_master.lua
330018bec63a78f1,ui/uieditor/widgets/startmenu/startmenu_options_sliderbar
33045360070dae18,ui/uieditor/widgets/callingcards/callingcards_asset_vilains_fire.lua
3308a3016c659992,ui/uieditor/widgets/main/startlabel.lua
331019e48f1440d9,ui/uieditor/widgets/hud/blackhat/blackhatemp.lua
3312ffcc52c481c1,ui/uieditor/widgets/leftstickpagination.lua
331a4b0ad2fb3c96,ui/uieditor/widgets/zmfrontend/laboratory/laboratoryplasma_listbutton_internal
331a88cc5dfed428,ui/uieditor/widgets/director/directorchoosegametypeframezm
33247dcc5e0715fc,ui/uieditor/widgets/director/directorchoosegametypeframewz
332977793d8e2b70,ui/uieditor/widgets/codcaster/playerportraitfocustop.lua
332b19374759559c,ui/uieditor/widgets/mp/specialisthub/mpspecialisthubtags_tagsetsframe
332cd0473af05be2,ui/uieditor/widgets/reticles/tak5/tak5reticle_bracket
333453f42e6b9f2a,ui/uieditor/luielems/wz/prototype_defend_timer
33371925d53dc5f7,ui/uieditor/widgets/aar_t8/tierreward/aartierrewardshowcaseinternalrare.lua
334096eb04183443,ui/uieditor/widgets/lobby/localserverrow
3341b3f5e3dc179f,ui/uieditor/widgets/itemshop/cardglowrectangleanim.lua
3349388623714122,ui/uieditor/widgets/callingcards/callingcards_futureracing_asset02.lua
3349b686ae774a51,ui/uieditor/widgets/zmfrontend/zmaartrialtabroundstattall.lua
334c9f21854c740b,ui/uieditor/widgets/notifications/notificationqueuewidgets/weaponlevelupsidehashes
335072b5217d546a,lua/lobby/lobbyteamselection.lua
3356ac8204bee70b,ui/uieditor/luielems/mp/ct_shared_aar.lua
3359389ec0f594f6,ui/uieditor/widgets/demo/demosidebarbuttoninternal
335dd791d9296749,ui/uieditor/widgets/aar_t8/tierreward/aartierrewardbackground_epic.lua
33618c4b3a4dfe62,ui/uieditor/widgets/hud/mp_voipwidget/voip_container_enemiesonly.lua
336196e73cda118b,ui/uieditor/widgets/craft/craftnavigationwidget.lua
33696ed865d69c3c,ui/uieditor/widgets/startmenu/options/startmenu_options_privacysettingsstatewidget
337062d8b6b78548,ui/uieditor/widgets/vehiclehuds/attackhelicopter/vhud_attack_helicopter_health.lua
3372db75ca90ea04,ui/uieditor/widgets/mphudwidgets/outofbounds/outofbounds_uparrow
337648d0601428b0,ui/uieditor/widgets/zmfrontend/zmdirectorgamemodesafearea.lua
337707168e577a79,ui/uieditor/widgets/vehiclehuds/buttons/vhud_generic_key_mouse_layout
3379a4f27a0853ed,ui/uieditor/widgets/mphudwidgets/cursorhint.lua
337ca0ff203acee8,ui/uieditor/widgets/notifications/notificationqueuewidgets/weaponleveluptitlearrows
338836f36f25c98b,ui/lui/lui.lua
338bf1b3e25f6217,ui/uieditor/widgets/zmhudwidgets/inventory/zminventorylistbackinginternaltip.lua
338c0cd78110843e,ui/uieditor/widgets/chatclientchatentrychannel
338c5136f516668a,ui/uieditor/widgets/zmfrontend/directorzmtrialsinfodescription.lua
338e6611b37d473b,ui/uieditor/widgets/startmenu/options/legaltextviewerbody.lua
338f9b9d5c33f37c,ui/uieditor/widgets/notifications/notificationqueuewidgets/wzgameupdatenotification
3397017260be9959,ui/uieditor/widgets/pc/dropdown
33a05768cead8908,ui/uieditor/widgets/hud/obituary/obituaryekiacontainer
33a2ffd2bb09aa77,ui/uieditor/widgets/pc/sidebuttonexpendable
33a3af21239d30f7,ui/uieditor/widgets/hud/scoreinfo/scoreinfo_ticketsystemlifelist.lua
33a7cd4b13bb0f7b,ui/uieditor/widgets/callingcards/loot3/ui_icon_callingcards_stpatricks_clover_anim
33ab0d47b8b0efb4,ui/uieditor/luielems/mp/ct_shared_aar_medals.lua
33ada02da78b40d6,ui/uieditor/widgets/mp/specialisthub/hubgestureinstructions
33b8a6c5b8fedaa5,ui/uieditor/widgets/challenges/challengessummarydarkops_internal.lua
33bb17357d3298bf,ui/uieditor/widgets/arena/leagueplayintrolladderrubylightray
33bf01f3c6be13c6,ui/uieditor/widgets/zmhudwidgets/trials/trialsendgamescoreboard
33bf3dac9c320ab1,ui/uieditor/menus/startgameflow/loading_wz_splitscreen
33bfbba62698aba6,ui/uieditor/widgets/warzone/warzoneplayermarker.lua
33c158ca150f89a5,ui/uieditor/widgets/callingcards/callingcards_invasion
33c37b23895b0c98,ui/uieditor/widgets/genericpopups/toastcontentlarge
33c71a587b3212e8,ui/uieditor/widgets/aar_t8/summary/aarperformancebg
33d0d7cd6e86ea30,ui/uieditor/widgets/aar_t8/levelup/aarleveloverlay_levelupdisplay
33d2cca39c9155f2,ui/uieditor/widgets/vehiclehuds/genericvhud3missilecounter.lua
33d4d63b2ca2aa9e,ui/uieditor/widgets/warzone/warzoneinventoryhintitems.lua
33d4ec785cb2a4ea,ui/uieditor/widgets/callingcards/callingcards_zm_weapons_equipment
33dcd0a76101a482,ui/utility/fileshareutility
33dd5b973b26b89e,ui/uieditor/luielems/mp/ct_progressbar_status
33e473513e0d9476,ui/uieditor/widgets/vehiclehuds/wasp/vhud_sentinel_notificationsignalbox
33ee697ffd3e0c9e,ui/uieditor/widgets/hud/safeareacontainers/hud_wz_safeareacontainer
33efb12c546b71d0,ui/uieditor/widgets/charactercustomization/wzcharacterinfocontainer.lua
33f4d561f9503fe8,ui/uieditor/widgets/codcaster/codcastersettingssidebarloadoutsettingscontainer.lua
33f7d8b1c7d7840c,ui/uieditor/widgets/pc/hud/buttonprompt3d/pc_buttonprompt3dbind
33f8990b9742a855,ui/uieditor/widgets/warzone/wzobituaryteamicon.lua
33febbde5ef32cb5,ui/uieditor/widgets/zmhudwidgets/inventory/zminvobjectiveprogressring
3400d223b0a524c1,ui/uieditor/widgets/itemshop/supplychain/itemshopraritybackgroundstream_legendary
340365f9dad36bd5,ui/uieditor/luielems/zm_laststand/self_revive_visuals_rush.lua
3404fd01faddf394,ui/uieditor/widgets/pc/battlenetfriendlist/pc_battlenet_addfriend_information
340b73b480022be4,ui/uieditor/widgets/hud/core_ammowidget/ammowidgetwz.lua
340b97e13c45b9cb,ui/uieditor/widgets/scoreboard/scoreboardgametypespecificstat
340fb87726621244,ui/uieditor/widgets/hud/rejackwidget/rejackinternal
3413629d25e31f4c,ui/uieditor/widgets/vehiclehuds/gunship/vhud_gunship_recticle
341538b7aae701ee,ui/uieditor/widgets/callingcards/callingcards_asset_grunt_gun.lua
34179de70b4d80ab,ui/uieditor/widgets/demo/democontrolsbutton.lua
341b43702e8eba36,ui/utility/hudutility
341e097da654a174,ui/uieditor/widgets/vehiclehuds/turret/vhud_turret_reticle_arrows
3429a51d2cb55c60,ui/uieditor/widgets/hud/centerconsole/centerconsoleentrycontainer
3431a5037dc89b6f,ui/uieditor/widgets/mphudwidgets/bountyhunter/bountyhunterradialtimer
34333578c2f9fbc6,ui/uieditor/widgets/hud/core_ammowidget/ammowidget_currentclippip.lua
344182e168ae023f,ui/uieditor/menus/overlaysystem/systemoverlay_freecursor
34422553b645012f,ui/uieditor/widgets/startmenu/startmenu_options_network_statusoverview.lua
3445daa91e7835af,ui/uieditor/widgets/callingcards/loot4/ui_icon_callingcards_fairytales_flame1
3445dba91e783762,ui/uieditor/widgets/callingcards/loot4/ui_icon_callingcards_fairytales_flame2
3445dca91e783915,ui/uieditor/widgets/callingcards/loot4/ui_icon_callingcards_fairytales_flame3
34461ca91e78a5d5,ui/uieditor/widgets/callingcards/loot4/ui_icon_callingcards_fairytales_flames
3447b94b1bc3bd97,ui/uieditor/widgets/startmenu/options/flyout/startmenu_options_settinggriditem
34519de9a519402f,ui/uieditor/widgets/itemshop/supplychain/supplychainiteminternal.lua
34578a00a56ef81b,ui/uieditor/widgets/vehiclehuds/dart/vhud_dart_button_all
34598d526ab46c3c,ui/uieditor/menus/lobby/directorfirsttimecontentwarning
34632a684587e313,ui/uieditor/widgets/lobby/mapvote/mapvotezm
34674ce839f62fd7,ui/uieditor/widgets/leaderboard/leaderboard_gamemodebutton
3468ab2ec3656329,ui/uieditor/widgets/hud/compassminimapoverlay
346924739d1f8016,ui/uieditor/widgets/arena/leagueplayendranktitle.lua
346be910b5a0082a,ui/uieditor/widgets/systemoverlays/systemoverlay_compact_basicframe
347218acae44242f,ui/uieditor/widgets/blackmarket/contracts/bm_activecontractrewards_zmtierskip.lua
34734c241ce6d336,ui/uieditor/widgets/arena/arenaleagueplayrubyslot.lua
34769508a07d8611,ui/uieditor/widgets/warzone/warzonemapkeyitemwithmarker.lua
347916d318e1d27e,ui/uieditor/widgets/zmfrontend/cac/zmattachmentslot.lua
3483f1011c7375e2,ui/uieditor/widgets/vehiclehuds/hellstorm/vhud_hellstormcentermeter.lua
34874c866d60688b,ui/uieditor/widgets/pc/socialmenu/pcsocialmenu_playerlistitem.lua
348782e5f4b7d1c9,ui/uieditor/widgets/codcaster/codcasterloadoutwildcard
348be5c6feaceeb4,ui/uieditor/widgets/startmenu/options/flyout/startmenu_options_settinginfo
349796ab7930690f,ui/uieditor/widgets/codcaster/codcasterportraitplayerlistentryspecialistheadicon.lua
3498537a07c3628c,ui/uieditor/widgets/systemoverlays/systemoverlay_democustomizehighlightreel_layout.lua
349bc5f065cf35fd,ui/uieditor/widgets/challenges/challengessummarycategorylist
349c3a3febf1c3ce,ui/uieditor/widgets/vehiclehuds/ground/vehicleground_modt5.lua
349f4b0aa1b82ee1,ui/uieditor/widgets/codcaster/codcasterobjectivestatuslifeteam2.lua
34a22c68c0f05337,ui/uieditor/widgets/demo/segmentbutton.lua
34a46c5eb417fe54,ui/uieditor/widgets/craft/emblemeditor/emblemeditorlayerproperties
34a815ed74c55464,ui/uieditor/widgets/director/directorteammember.lua
34abaf8a66d86b12,ui/uieditor/widgets/tablet/swipetak5/swipetak5_internal.lua
34ae1afbe159857b,ui/uieditor/widgets/callingcards/callingcards_zombieapocalypse.lua
34b14a2e75ce4a11,ui/uieditor/widgets/hud/console/consoleentry.lua
34b7efbb34c948dd,ui/uieditor/widgets/pc/battlenetfriendlist/pc_battlenet_sendrequestbutton
34bc5d151bc87e27,ui/uieditor/menus/featuredpopup
34c3fca7fb04d7c8,ui/uieditor/widgets/pc/dropdown_leftalign.lua
34c424fe1b29af34,ui/uieditor/widgets/scorestreaks/callingscorestreaks/genericprojectedtabletinternal.lua
34c5de11be9a9e9e,ui/uieditor/widgets/hud/safeareacontainers/hud_safeareacontainer_front.lua
34d0b83d6ea35069,ui/uieditor/widgets/hud/core_ammowidget/ammowidget_weaponname.lua
34d398821a441c41,ui/uieditor/widgets/vehiclehuds/attackhelicopter/vhud_attack_helicopter_button_layout
34d5f4daea1dd74a,ui/uieditor/widgets/mp/specialisthub/mpspecialisthubbindwheel_safeareacontainer
34dbaf347b426ef7,ui/uieditor/widgets/mphudwidgets/waypointprogressbar.lua
34e02bda10e90267,ui/uieditor/widgets/pc/notifications/pc_notif_keyprompt
34e12fb1595d9561,ui/uieditor/widgets/emptyfocusablenocursorupdate.lua
34e18fb91ac17c1f,ui/uieditor/widgets/callingcards/callingcards_asset_grunt_radio_container
34e78873f30185c5,ui/uieditor/widgets/craft/emblemeditor/emblemdrawwidgetnoimage.lua
34e8c8e20fbaddeb,ui/uieditor/widgets/tablet/tabletlocationselector_frame.lua
34f09a01f61f38bf,ui/uieditor/widgets/vehiclehuds/gunship/vhud_gunship_25mm_ammocounter.lua
34f2b91f8688c47b,ui/uieditor/widgets/challenges/challengessummarydarkops
34f2c3b37047aab0,ui/uieditor/widgets/callingcards/callingcards_asset_armyguy_arm
34f4ebc58e721a19,ui/uieditor/widgets/callingcards/callingcardprofilerxp
34f7b9134b089568,ui/utility/blackmarketutility
34fe38baf1672b2b,ui/uieditor/widgets/reticles/scanner/scannerreticle_internal
34ff1fe7820d3964,ui/uieditor/widgets/callingcards/callingcards_dark_ops_master.lua
3500726f087c5274,ui/uieditor/menus/startmenu/startmenu_options_graphics_safearea
350a476445441b92,ui/uieditor/widgets/vehiclehuds/ai_tank/vhud_ai_tank_internal.lua
350ae56b541d92cb,ui/uieditor/widgets/zmhudwidgets/hud_zm_rush_point_award.lua
350c5723d75b7310,ui/uieditor/widgets/callingcards/callingcards_wz_heroics_master.lua
350ce70a16679544,ui/uieditor/widgets/hud/map/compassgroupmpcontainer
350efa7b9a654fc9,ui/uieditor/widgets/warzone/warzonestreamhider.lua
35267ce8c3e5caa0,ui/uieditor/luielems/mp/ct_timer_mod_ticks.lua
352c2c362293dae3,ui/uieditor/widgets/backgroundframes/cacfullpopupbackground.lua
352d762cffa4834e,ui/uieditor/widgets/cac/weaponattributesbar
352d9ce6ae599711,ui/uieditor/widgets/aar_t8/tierreward/aartierrewarditemempty
353c436155c3d5e6,ui/uieditor/widgets/aar_t8/contracts/aarcontractstab.lua
35412ea4a44b3d66,ui/uieditor/widgets/reticles/rocketlaunchers/rocketlauncherreticle_ui3d
35415c2f3330b8c9,ui/uieditor/widgets/wzaar/wzaar_igr_background
3545bffc03bd82b6,ui/uieditor/widgets/menuspecificwidgets/scorestreaks/scorestreakvignettecontainer.lua
35488b85b0ed761c,ui/uieditor/widgets/mphudwidgets/waypointobjective
3548e655549337ec,ui/uieditor/widgets/director/theater/directortheatermodeselectbuttoninternal
3563b0ada7bb509a,ui/uieditor/widgets/callingcards/callingcards_bootcamp_master.lua
356bec199ce0d80e,ui/uieditor/widgets/pc/startmenu/pc_startmenu_button_lg
356e8bea4719a293,ui/uieditor/widgets/mphudwidgets/bountyhunter/bountyhunteropenprompt.lua
3576d89990c6e6ac,ui/uieditor/widgets/hud/scoreinfo/scoreinfoescortbar
357cc8e6b7e37b6b,ui/uieditor/widgets/craft/paintshop/paintshopsafeareacontainer
357f8cf801c5af4f,ui/uieditor/widgets/hud/gameendscore/gameendscore.lua
357f99730a2f33b1,ui/uieditor/luielems/luielembar_ct.lua
35838c06116cd681,ui/uieditor/widgets/itemshop/reserves/reserveslootbundlecratebuttoncontainer.lua
358a7356f581730d,ui/uieditor/widgets/cac/classminipreview.lua
358e17d8cfa9652d,ui/uieditor/widgets/aar_t8/tierreward/aartierrewarditemunlocked
3593a715ac29752c,ui/uieditor/widgets/zmfrontend/zmloadoutpreviewlobbyclient.lua
3596959cf1a189d1,ui/uieditor/widgets/notifications/notificationqueuewidgets/mp/gameupdatenotification
3597301ea4c3a0d8,ui/uieditor/widgets/vehiclehuds/mothership/vhud_ms_reticle.lua
3599a2d6d5814c44,ui/uieditor/widgets/challenges/challenges_framewidget_toolkit.lua
3599b7e2c6f2fec4,ui/uieditor/widgets/itemshop/itemshoptabbarcontainer
359d2a5bab57d611,ui/uieditor/widgets/pc/craft/craftactionbutton
359e4577bd820615,ui/uieditor/widgets/zmhudwidgets/inventory/zminvpapitem.lua
35a605d9025cfe2d,ui/uieditor/widgets/warzone/wzobituary
35a9339305da2bc8,ui/uieditor/widgets/zmhudwidgets/hud_zm_arcade_multiplier
35a9b8ffe81f1afd,ui/uieditor/widgets/vehiclehuds/dart/vhud_dart_frameleft
35ad162c0e23d55e,ui/uieditor/widgets/aar_t8/summary/aarefficiencywidget.lua
35afd3aadd9abac7,ui/uieditor/widgets/callingcards/callingcards_summer.lua
35b0746a4176f12b,ui/uieditor/widgets/freecursor/infopanelsubwidgets/freecursornolabelbuttonpromptarea
35bf5dd18266b70b,ui/uieditor/widgets/callingcards/callingcards_asset_pirates_armwithsword
35c0334ae187f881,ui/uieditor/widgets/mphudwidgets/sprintmeter/sprintmeterdots
35c14ad695a9a1a8,ui/uieditor/widgets/vehiclehuds/gunship/vhud_gunship_message
35cacb2759b30b85,ui/uieditor/widgets/callingcards/loot4/ui_icon_callingcards_assassin_fastlines
35cc7e8d8ef6635e,ui/uieditor/widgets/pc/socialmenu/pc_battlenetfriend_offline
35d3ee5846655da6,ui/uieditor/widgets/customgames/customgames_optioncategorycustomlabel
35d497c1e7ee7ebe,ui/uieditor/widgets/warzone/warzoneinventorymenuitemsmall_internal
35d522faa83d932d,ui/uieditor/widgets/vehiclehuds/genericvhuddamagearea.lua
35d7f1664ee52ab2,ui/uieditor/widgets/scoreboard/tabbedscoreboardlayoutrecord.lua
35d90d7c48175974,ui/uieditor/widgets/hud/mp_scorestreakwidget/scrstk_numbermove.lua
35dfeb06240aee6f,ui/uieditor/widgets/director/directorcharacterzm.lua
35e5787b6cd8e6cc,ui/uieditor/widgets/vehiclehuds/mothership/vhud_ms_framebottomright
35edcde9625e7dd1,ui/uieditor/menus/overlaysystem/systemoverlay_democustomizehighlightreel
35efe05d5e26c932,ui/uieditor/widgets/pc/globaldropdown
35f2481eb609870f,ui/uieditor/widgets/reticles/mp/ripperlockreticletemp
35f484f6f3b500fb,ui/uieditor/widgets/aar_t8/rewards/aarplayerreward_zm.lua
35f4d8df3d6b1ef9,ui/uieditor/widgets/reticles/launchermulti/launchermultireticle_ui3d_internal.lua
35f4d9ed4244dd9c,ui/uieditor/widgets/social/social_optionsbuttonlist
35f6bd8a847938ba,ui/uieditor/widgets/loottierboostpercentcontraband
35f7bad30149baa6,ui/uieditor/widgets/arena/leagueplayrulespopup.lua
360b246cb377a9b7,ui/uieditor/widgets/scoreboard/tabbedscoreboardrowright.lua
36130d64f035f1e1,ui/uieditor/widgets/aar_t8/rewards/aarrewardsxp.lua
361911de5d586c0e,ui/uieditor/widgets/hud/zm_perks/zmperkvaporitem
361d16c7287ccd35,ui/uieditor/widgets/emptyfocusable.lua
362080ad3aaa22da,ui/uieditor/widgets/common/commoninformationframe
36265b1592d6654f,ui/uieditor/widgets/reticles/magnifier/magnifierreticle_internal
362eee6f7ab7e3b3,ui/uieditor/widgets/zmhudwidgets/inventory/zminventorylistbackinginternaltip
36355e974edcd5bc,ui/uieditor/widgets/pc/craft/craftactionslider
36374709588b8a15,ui/uieditor/widgets/startmenu/startmenu_safeareacontainer
363a0591513a4e8e,ui/uieditor/widgets/hud/scoreinfo/scoreinfoctf_flagstate.lua
3643ff11cf1253ce,ui/uieditor/widgets/pc/startmenu/soundoptions/startmenu_options_pc_sound_sound
364780253f98a740,ui/uieditor/widgets/startgameflow/loadingscreensharedcpzm
364fdf03bb9ae249,ui/uieditor/widgets/scoreboard/tabbedscoreboardheaderscorefriendly
365111d3e0317a2f,ui/uieditor/luielems/zm/zm_zod_wonderweapon_quest
3651fa62a9fba6d9,ui/uieditor/widgets/notifications/notificationqueuewidgets/lootcontractcompletenotification
3653436f735bfecb,ui/uieditor/widgets/zmfrontend/laboratory/laboratory_safeareacontainer
3656798c4531fd68,ui/uieditor/widgets/mphudwidgets/sprintmeter/sprintmeterchevron
365ae4679e313a58,ui/uieditor/widgets/freecursor/infopanelsubwidgets/freecursorheaderinfo
366217bcac8b681d,ui/uieditor/widgets/demo/demo.lua
3662f5e0bf553163,ui/uieditor/widgets/hud/scoreinfo/scoreinfoescort
3669b3d99b232712,ui/uieditor/widgets/hud/corner9slice.lua
366fd4726ae62457,ui/uieditor/widgets/hud/gameendscore/gameendscoresubtitle
366ff442321eccda,ui/uieditor/widgets/vehiclehuds/tank_robot/vhud_tank_robot_internal.lua
36714df8348e54d3,ui/uieditor/widgets/startmenu/options/flyout/startmenu_options_settinggriditem.lua
36767134a413986e,ui/uieditor/widgets/director/theater/directortheater
367822f37ce75abc,ui/utility/chatclientutility.lua
367f78c5fc3fabc3,ui/uieditor/widgets/craft/emblemeditor/emblempulselayerwidget
368036bda8abbe94,ui/uieditor/widgets/itemshop/contracts/contractprogressbar
368116bb31f713ff,ui/uieditor/widgets/scoreboard/wz/scoreboardmapkeywz
36812bcd114f374e,ui/uieditor/widgets/warzone/warzoneinventoryunlockmissionobjective
3681dcc0e5381c21,ui/uieditor/widgets/arena/leagueplayendrankrulesrewards
368279aab0622ac8,ui/uieditor/widgets/systemoverlays/systemoverlay_full_basicframe
368a7fb500b8d75f,ui/uieditor/widgets/warzone/warzonequickinventorypromptbacking
368bf3a99a7a58d4,ui/uieditor/widgets/director/directormapvoteruleicon
3694305173475821,ui/uieditor/widgets/director/directorlaboratorybuttonelixeroffer.lua
369c5ab8a4b56a69,ui/uieditor/widgets/itemshop/reserves/reserveslootbundlecratebuttoncontainer
369fdc75e3255cd7,ui/uieditor/widgets/backgroundframes/genericmenuframecac
36a299a072a67f0c,ui/uieditor/widgets/hud/gameendscore_wz/gameendscore_gamestatusplayerkills.lua
36a3ec74fe85f171,ui/uieditor/widgets/endgameflow/playofthematchcallingcard.lua
36a57ff436725d58,ui/uieditor/widgets/motd/motd_topbottomtext_heavyimage.lua
36b30f0c9149a583,ui/uieditor/widgets/vehiclehuds/mothership/vhud_ms_damageiconside
36b7ff627cc76cc8,lua/lobby/lobbyleaderboard.lua
36b862692ac51c4e,ui/uieditor/widgets/aar_t8/summary/aardamagewidget.lua
36bc6a1b660dff3e,ui/uieditor/widgets/vehiclehuds/hellstorm/vhud_hellstorm_weaponmodewidget
36be1e9fb1680d62,ui/uieditor/widgets/mphudwidgets/stuck.lua
36c12f6ba8c17683,ui/uieditor/widgets/hud/centerconsole/centerconsole
36c677a45447fb9d,ui/uieditor/widgets/aar_t8/rewards/aarcurrencyreward_zm.lua
36c93bfd7fc87ac6,ui/uieditor/widgets/lobby/common/layoutelements/commonstripebar
36cb5f26e877494c,ui/uieditor/widgets/pc/startmenu/pc_startmenu_options_ftedescbacking.lua
36cc2a0f205789c1,ui/uieditor/widgets/vehiclehuds/vehiclebuttonprompt.lua
36cc64e6f5d65b77,ui/uieditor/widgets/director/directorfeatureinteractprompt
36d11cfbc10bad78,ui/uieditor/widgets/startmenu/startmenu_button_callingcards_internal.lua
36d276eefde14edf,ui/uieditor/widgets/aar_t8/squadsummary/aarsquadsummary.lua
36d81b47a897abe6,ui/uieditor/widgets/codcaster/codcaster_playlist_infobg.lua
36df9b99bf1fe29a,ui/uieditor/widgets/warzone/warzonekilledbyname
36e0344904e74da9,ui/uieditor/menus/overlaysystem/systemoverlay_democustomizehighlightreel.lua
36e5d082bb780458,ui/uieditor/widgets/hud/core_ammowidget/ammowidgetmp_equipmentlethal_flash
36e6f43f94a31822,ui/utility/bonuscardutility
36e8674364edc8a4,ui/uieditor/widgets/challenges/challenges_mastercallingcardwidget_internal
36e8774e99a8535c,ui/uieditor/widgets/cac/cac_itemtitleglow.lua
36ef67f4f3c2353f,ui/uieditor/widgets/cac/cac_buttonboxlrginactivestroke.lua
36fc3c763688afe6,ui/utility/demoutility.lua
36ff055b1771c83f,ui/uieditor/widgets/vehiclehuds/agr/vhud_agr_reticlefocusframeleft
36ffd0cbc81f637b,ui/uieditor/widgets/itemshop/reserves/reserveslootbuttonsgroup
370a757fb6bd462d,ui/uieditor/widgets/barracks/zmdailycallingstierskipnotification.lua
3713bd8be480dcc7,ui/uieditor/widgets/callingcards/loot3/ui_icon_callingcards_invasion_ufo.lua
3715e34a4aa5aef0,ui/uieditor/widgets/pc/footer/footerbutton_persistentrightcontainer.lua
371b0b1e3a4ad573,ui/uieditor/menus/challenges/challenges_toolkit
3726e5bc64e079b7,ui/utility/weaponattachmentsutility.lua
372f6850d9437f68,ui/uieditor/widgets/warzone/warzoneresourcemenuitemsmall.lua
37357025bc1f19ee,ui/uieditor/widgets/hud/zm_ammowidgetfactory/zmammo_bgbcarouseliteminternalfactory
3745bad70f1903a0,ui/uieditor/widgets/pc/startmenu/pc_startmenu_options_keybindmessage_text
374c230fef75e86b,ui/uieditor/widgets/mphudwidgets/bountyhunter/bountyhunterradialtimer.lua
374d8ba301a93bd8,ui/uieditor/widgets/demo/democustomizehighlightreel
374f342c622ecc4a,ui/uieditor/widgets/pc/socialmenu/pc_socialmenu_sortbutton.lua
37506f12dbb92d6c,ui/utility/pcutility.lua
37543a101eab9e3a,ui/uieditor/widgets/codcaster/codcaster_timer_nl.lua
3762eec3732db918,ui/uieditor/widgets/hud/zm_ammowidgetfactory/zmammo_bgbcarouselbuttonfactory
37633f320be73f73,ui/uieditor/widgets/warzone/warzoneinventorynag.lua
3769245fcc092f0f,ui/uieditor/widgets/callingcards/callingcards_asset_pirates_armwithsword.lua
376cc25e6b842a01,ui/uieditor/widgets/warzone/warzoneusetimer
37769fd49e5229c9,ui/uieditor/widgets/common/commonhudtiledbackground01.lua
377ba7854ef912d2,ui/uieditor/widgets/arena/leagueplayeventtimeinfo
377c528b53ad221c,ui/uieditor/widgets/systemoverlays/featureoverlay_layout
377edd5ed6586acb,ui/uieditor/widgets/reticles/chargeshot/chargershot_brackets
37813f9cbf9b0834,ui/uieditor/widgets/aar_t8/summary/aargametypeheader
3782091a28d54bd6,ui/uieditor/widgets/director/directorstickypartystatus.lua
3783f004ff35ebef,ui/uieditor/widgets/hud/core_ammowidget/ammowidget_powerweapondrain.lua
3788343c64116661,ui/uieditor/widgets/scoreboard/tabbedscoreboardheaderscorefriendly.lua
378cb69a788637aa,ui/uieditor/widgets/warzone/warzoneusetimerprogress.lua
378f2de84a7ce73e,ui/uieditor/widgets/specialist/specialistoutfitcategory
3792ba00b5100c37,ui/uieditor/widgets/aar_t8/rewards/aarchallengeitem
3794f27988d07830,ui/uieditor/widgets/chat/ingame/ingamechatclientcontainer
3795a0c7c6fc136d,ui/uieditor/widgets/hud/gameendscore/gameendscoreroundlist
3796103fd6af5a59,ui/uieditor/widgets/pc/pc_eula_buttons
37abafa2cd0c181b,ui/uieditor/widgets/pc/footer/footerbutton_tooltip.lua
37ad924c749336a3,ui/uieditor/widgets/systemoverlays/systemoverlayspinner.lua
37ade4fcc6d1f5c6,ui/uieditor/widgets/barracks/zmspecialeventwidget
37b2e5c29b34a47e,ui/uieditor/widgets/director/directorreadybutton
37bbfd1f7171799c,ui/uieditor/widgets/itemshop/reserves/reservesbuttonlayoutbacking.lua
37c430d81dafb2fb,ui/uieditor/widgets/pc/pc_achievements_totalpoints_circularprogress.lua
37c614e146b5eea5,ui/uieditor/widgets/mphudwidgets/codcaster/codcaster
37c64c0f1cf4106e,ui/uieditor/widgets/genericpopups/toast_container_clansteams_checkmark.lua
37c6e10b32a7a6b1,ui/uieditor/widgets/social/social_recentplayers.lua
37cae18010a57481,ui/uieditor/menus/vetransitionprompt
37cfaa6a68d4fa26,ui/uieditor/widgets/customgames/customgames_mapmodeslider
37d1faa9f8e567dc,ui/uieditor/widgets/callingcards/callingcards_signature_weapon_master
37d2086e818e7f81,ui/uieditor/widgets/pc/openbutton_button
37dc0ea8ce2b240d,ui/uieditor/widgets/endgameflow/codcasterteambasebar
37dd8bd56f925c6c,ui/uieditor/widgets/itemshop/supplychain/dupeindicator.lua
37e1d32103d811af,ui/uieditor/widgets/tablet/tableticepicksecondarywindow
37e2dfed89fa5719,ui/uieditor/menus/lobby/directorfindgame
37e32b2afbd7241b,ui/uieditor/widgets/pc/freecursor/freecursorheaderlabelpc.lua
37ee5b1135b26eae,ui/uieditor/widgets/callingcards/callingcards_zm_miscellaneous_01
37eebb6496893cbd,ui/uieditor/widgets/aar_t8/rewards/aarspecialeventreward
37f0168f93c6f579,ui/uieditor/widgets/pc/footer/footerbutton_player
37f14ae9ceb20108,ui/uieditor/widgets/pc/socialmenu/pc_battlenetfriend_online
37f2117d2ff8de74,ui/uieditor/widgets/scoreboard/zm/scoreboardrowbase.lua
37f47aebbcd8b535,ui/uieditor/widgets/tablet/tabletlocationselector_playermarker.lua
37ffcc011aabfa86,ui/uieditor/widgets/startmenu/options/pc_startmenu_options_signinform.lua
38024461f7066d0b,ui/uieditor/widgets/itemshop/reserves/reservespreview
3806810af95d95cc,ui/uieditor/widgets/callingcards/callingcards_wz_heroics_master
380726aa6f7eab91,ui/uieditor/widgets/wzaar/wzaar_containerlist.lua
3809a0a8e6f85f74,ui/uieditor/widgets/vehiclehuds/vehicleseatconfig_internal
380a0cff6a6e3a1f,ui/uieditor/widgets/social/social_playerdetailpopup_trial.lua
380acbbee178ef23,ui/uieditor/widgets/challenges/challenges_callingcardprofiler.lua
380ed92ccb6ae549,ui/uieditor/widgets/aar_t8/levelup/aarlevelupoverlay_arrowsinternal
3810b23c58e27d63,ui/uieditor/luielems/full_screen_black
3812997896dcee2d,ui/uieditor/widgets/callingcards/callingcards_asset_black_hole
3813c164dd9d9b1d,ui/uieditor/widgets/zminventory/ritual/ritualwidget
3820d47419527641,ui/uieditor/widgets/motd/motd_notext_heavyimage
38214240e51d18a2,ui/uieditor/widgets/pc/hud/pc_spectatinglabel.lua
382e94c05d6ba0a9,ui/uieditor/menus/craft/paintshop/paintjobeditoroptions.lua
382f04d17b42755f,ui/uieditor/widgets/aar_t8/summary/aarscorewidget
38347cf5ab5f2b69,ui/uieditor/widgets/hud/zm_perks/zmperkvaporscontainer
38361a8d6fe55653,ui/uieditor/widgets/challenges/challenges_profilerlockbacking
384d84928f723887,ui/uieditor/widgets/demo/demotimelineinternal.lua
38561c81010cda6d,ui/uieditor/widgets/endgameflow/playofthematchwidget
38573475475fafd4,ui/uieditor/widgets/pc/startmenu/graphicsoptions/startmenu_options_pc_graphics_video
38575142f3bda12c,ui/uieditor/widgets/vehiclehuds/hcxd/vhud_hcdx_hud
385b76a463d2f0f5,ui/uieditor/widgets/pc/startmenu/controlsoptions/pc_startmenu_options_controls_tabcontent_dropdownpresetkeybindings
385f185daea933af,ui/utility/warutility.lua
386230ebb093d3d7,ui/uieditor/widgets/vehiclehuds/ground/vehicleground_vignettefore
38628de2b911edaa,ui/uieditor/widgets/vehiclehuds/turret/vhud_turret_internal
38680c9347bc8e73,ui/uieditor/menus/zm/bubblegumbuffselect.lua
387743676a215fe6,ui/uieditor/widgets/chat/fakechatpreview
3878f8e22b4a7ed6,lua/lobby/lobbylaunch.lua
387ae3dbc4c1c4da,ui/uieditor/widgets/director/directorstagespulsing
388132b53a68fc14,ui/uieditor/luielems/mp/ct_shared_ingame_objective
388b315302d997d5,ui/uieditor/widgets/hud/abilitycallout/abilitycallout.lua
388b43006a88469d,ui/uieditor/widgets/director/directorapploadoutnotification.lua
389bc073dcb33fb3,ui/uieditor/widgets/cplevels/cphostskippingscene.lua
389ff5ea5fff41b0,ui/uieditor/widgets/scoreboard/wz/scoreboardmapcolumnheadingwz
38a2588569c83c58,ui/uieditor/widgets/reticles/mp/tempestreticle
38a84b11249a3d27,ui/uieditor/widgets/hud/core_ammowidget/ammowidgetmp_clipinfo.lua
38b7a2e9d3cfef55,ui/uieditor/widgets/endgameflow/killcamwidget.lua
38be4c2dba171961,ui/uieditor/widgets/aar_t8/levelup/aarlevelupoverlay_arrowsinternal.lua
38c6b39dcea45727,ui/uieditor/widgets/cac/classminipreview/classminipreviewgearitem.lua
38db0854efb0eb48,ui/uieditor/widgets/aar_t8/missionreward/aarmissionreward_charactername
38ddb6ae34f66d4f,ui/uieditor/widgets/zmfrontend/laboratory/laboratory_safeareacontainer.lua
38df6938499c11c8,ui/uieditor/widgets/cac/menuchooseclass/chooseclasslockedoverlay
38dff6aef3d17498,ui/uieditor/widgets/vehiclehuds/gunship/vhud_gunship_internal.lua
38e42b7d307aadbf,ui/uieditor/widgets/arena/arenarankwidget
38e660a4623a5e21,ui/uieditor/widgets/common/commonlistbutton
38e7148afad1f4ec,ui/uieditor/widgets/callingcards/callingcards_asset_sparkle_star.lua
38f23f7c1fb7a83b,ui/uieditor/widgets/arena/leagueplaylisttextbox
38f6ea9d31816ffe,ui/uieditor/widgets/aar_t8/rewards/aarclassrewardpreview_zm.lua
38f9bdc71e89daa5,ui/uieditor/menus/craft/paintshop/paintshop
38fa97f6e70e5fac,ui/uieditor/menus/eula
39084ab6ba1b7a1d,ui/uieditor/widgets/aar_t8/tierreward/aartierrewardshowcaseinternalcoreepic
391cba40fd70d913,ui/uieditor/widgets/director/directormapandgametypeinternal.lua
391deb81c287f0e2,ui/uieditor/widgets/itemshop/itemdiscount.lua
39250c9010097c1d,ui/uieditor/widgets/notifications/notificationqueuewidgets/mp/camochallengenotification
3933b51f62fcca15,ui/uieditor/widgets/pc/startmenu/pc_flexibleverticaltextblock.lua
393dc93d9fba3bb8,ui/uieditor/widgets/scoreboard/tabbedscoreboardinfostripe
393e0e465c0411e0,ui/uieditor/widgets/common/commonsubheaderbg01.lua
3940f79fd8806311,ui/uieditor/widgets/challenges/challengesnearcompletionwidgetsummary
394194d688f8948f,ui/uieditor/widgets/hud/gameendscore/gameendscoretitle.lua
394487af02b60952,ui/uieditor/widgets/hud/core_ammowidget/ammowidget_weaponinfo.lua
394acc3cb318e13b,ui/uieditor/widgets/blackmarket/bm_lock
394e08586774e248,ui/uieditor/widgets/scoreboard/zm/scoreboardrowbase
39504a38a6c3a418,ui/uieditor/widgets/itemshop/itemshopglowraysanim.lua
3959425edb586236,ui/uieditor/widgets/pc/socialmenu/pcsocialmenu_playerlistitem_playerinfos_acceptinvitebutton
39619f4b1af8b6ef,ui/uieditor/widgets/startmenu/startmenu_button_hero
396582a7a8063d3a,ui/uieditor/widgets/warzone/warzoneusetimerreviveplayerbg.lua
396898876a3565d7,ui/uieditor/menus/lobby/common/popups/liveeventviewerqualities.lua
396a1ae1b80c13f0,ui/uieditor/widgets/callingcards/loot2/callingcards_loot2_steampunk.lua
396b29a3176ada0f,ui/uieditor/widgets/craft/slotsusedwidget
396c2fdac3612ace,ui/uieditor/widgets/challenges/challenges_framewidget_expert
396ded59375fee8f,ui/uieditor/widgets/startmenu/startmenu_options_gamepadlayoutoption.lua
3979c11ee8c3c878,ui/uieditor/widgets/itemshop/purchasedcontractsmenucontainer.lua
39852f39f5b83e76,ui/uieditor/widgets/reticles/mp/bowlauncherreticle
398ab8c770dca375,ui/uieditor/widgets/vehiclehuds/ground/vehicleground_hashringlargeinternal.lua
398c9e4ec10473c2,ui/uieditor/widgets/barracks/zmcallingswidget
398f1288a89a9af6,ui/uieditor/widgets/common/commondetailpanel
399233666a5d13ff,ui/uieditor/widgets/pc/expander.lua
3992cd9d81359ad7,ui/uieditor/widgets/callingcards/callingcards_asset_zombies_arm
39989aae84d0c8f0,ui/uieditor/widgets/vehiclehuds/genericvhudrightcontainer.lua
39a104d636fedb64,ui/uieditor/widgets/craft/emblemeditor/emblemoptionsbuttonsmall.lua
39a4236355de9e33,ui/utility/ftueutility.lua
39a6dfba186f55fb,ui/uieditor/widgets/codcaster/codcaster_playerportraitname
39a9f75ab7597c93,ui/uieditor/widgets/director/directorleaderactivity.lua
39af8b7394b60ead,ui/uieditor/widgets/director/directorchoosegametypeframe
39b854af2f368571,ui/uieditor/widgets/vehiclehuds/vhud_buttonprompt
39bf8b4f75b10e85,ui/uieditor/widgets/aar_t8/summary/aarsummarytabinternal
39bfecaffe48d881,ui/uieditor/widgets/startmenu/startmenu_quitbutton
39c0d1b3c2478454,ui/uieditor/widgets/pc/footer/footerbutton_frontend_pc_left
39c246e23a7a406a,ui/uieditor/widgets/cac/customizeclasssignatureitem
39c52b064d95f774,ui/uieditor/widgets/aar_t8/missionreward/aarmissionreward_charactername.lua
39c626a0110d2a99,ui/uieditor/widgets/cac/customclasslistbutton
39c70e0ccdc902ad,ui/uieditor/widgets/vehiclehuds/vehicleseatconfig_seatpip.lua
39ca17472df25377,ui/uieditor/widgets/cac/cac_buttonboxlrginactive.lua
39cb1900193778bc,ui/uieditor/widgets/pc/hud/keypromptbacking
39cbff8f6fd2036e,ui/uieditor/widgets/startmenu/startmenu_personalization_mp.lua
39cd20b96ee987a9,ui/utility/surveyutility
39d7456f2e3445f3,ui/uieditor/widgets/director/directoexpandedlobbymember_trial
39d75c4b8d40224b,ui/uieditor/widgets/freecursor/infopanelsubwidgets/freecursorbuttonprompt
39d8b6054313ee6e,ui/uieditor/widgets/callingcards/callingcards_asset_cloud_zoom
39d92dce1e4291ce,ui/uieditor/widgets/hud/core_ammowidget/abilityholdtoactivate
39dc2d0c43534ce4,ui/uieditor/widgets/common/commontabbutton
39e6e5a844f3a530,ui/uieditor/widgets/store/storepricelabel.lua
39f0eaeb4a75f7f2,ui/uieditor/widgets/zmhudwidgets/inventory/zminventory.lua
39face5dbf2eadfc,ui/uieditor/widgets/aar_t8/tierreward/aartierrewardcolumnheader.lua
39ffb1650649148d,ui/uieditor/widgets/aar_t8/rewards/aarclassrewardcacpreview.lua
3a01f7e55e30bf84,ui/uieditor/widgets/startmenu/options/frames/startmenu_options_frame_sound
3a01fb6c18bb49c9,ui/uieditor/widgets/hud/mpgametypes/mp_hardcorescorestreakwidget.lua
3a065acef659c06d,ui/uieditor/widgets/directorpregame.lua
3a06a8d5cf34de58,ui/uieditor/widgets/itemshop/itemshopdiscountbanner.lua
3a089ac2607c9c50,ui/uieditor/widgets/codcaster/codcasterobjectivestatussafeguard.lua
3a09412ed3813cbe,ui/uieditor/widgets/arena/arenaleagueplayrubieslist.lua
3a0e062feded9180,ui/uieditor/widgets/startgameflow/loadingscreenloadbar_wz.lua
3a0e18fc37df5362,ui/uieditor/widgets/reticles/mp/spectrelocklinewidgetglow
3a0e30c252970826,ui/uieditor/widgets/hud/core_ammowidget/abilityholdtoactivate.lua
3a16ecc458cd2b0d,ui/uieditor/widgets/tablet/tableticepickgadget_internal
3a19ec2414430bb6,ui/uieditor/widgets/systemoverlays/systemoverlay_renamedecalgroupframe_pc
3a1bf2d11ba17258,ui/uieditor/widgets/backgroundframes/backgroundpattern03.lua
3a28896ecadbb156,ui/uieditor/widgets/callingcards/callingcards_asset_helicopter.lua
3a384f228f5336ee,ui/uieditor/widgets/tablet/swipetak5/swipetak5
3a39c594841d4c5d,ui/uieditor/widgets/hud/proximityalarm/proximityalarm.lua
3a3bbd1c3680764a,ui/uieditor/menus/craft/emblemeditor/emblemselectoptions.lua
3a3bf59b02ee9e3c,ui/uieditor/widgets/endgameflow/killcamplayerinfo
3a3f1c7ee8f95b76,ui/uieditor/widgets/hud/core_ammowidget/ammowidgetmp_ultimate_internal
3a43c8a362839800,ui/uieditor/widgets/aar_t8/summary/aarenemieskiawidget.lua
3a44ee7393957c47,ui/uieditor/widgets/itemshop/supplychain/supplychainitemunlockedrecently
3a47085d68970906,ui/uieditor/widgets/vehiclehuds/compassgroupvehiclegps.lua
3a4dac711e598170,ui/uieditor/widgets/leaderboard/leaderboard_gamemodeframe.lua
3a4ec4ae5f3b6cfd,ui/uieditor/widgets/cphudwidgets/waypointcentercp.lua
3a60cfdff30b341a,ui/uieditor/menus/hud/hud_cp_require
3a60f9dd8c2d255e,ui/uieditor/widgets/cac/weaponselect/weaponselectgriditem
3a611ec82864ac40,ui/uieditor/widgets/callingcards/callingcards_asset_steampunkwarriors_gunsmoke.lua
3a6375c9f47dba38,ui/utility/pcplayeraccountutility.lua
3a64e79f66cec8d0,ui/uieditor/widgets/hud/mp_scorestreakwidget/support_earningbar.lua
3a6e2d6c76803403,ui/uieditor/widgets/startmenu/startmenu_smalltierboostnotification.lua
3a76832ff39dcb36,ui/uieditor/widgets/pc/footer/footerbutton_bnetstore.lua
3a772e003beede0e,ui/uieditor/widgets/tablet/tabletlocationselector_patrolmarker.lua
3a77bf222df0af5c,ui/uieditor/widgets/vehiclehuds/hellstorm/vhud_hellstormreticlefocus
3a79adf0dbc1a1b6,ui/uieditor/widgets/lobby/common/safeareacontainer_lobbyserverbrwoseroverlay
3a7f1d92b68817dd,ui/uieditor/widgets/aar_t8/tierreward/aartierrewardshowcaseinternalcorelegendary
3a83f614247aa1b8,ui/uieditor/menus/main.lua
3a8615907074f927,ui/uieditor/widgets/fileshare/filesharebookmarkeditem.lua
3a89db5f3c608b35,ui/uieditor/widgets/aar_t8/summary/aarsummarytabinternal.lua
3a8ec7023ae4c88f,ui/uieditor/widgets/hud/killcam/killcamkilledbyweapon.lua
3a91870686ee1929,ui/uieditor/widgets/callingcards/callingcards_asset_future_car.lua
3a91ed156c3224a0,ui/uieditor/widgets/warzone/warzoneinventorypickupnotification.lua
3a949ce909f93926,ui/uieditor/widgets/systemoverlays/systemoverlay_prestigerewarditem.lua
3ab3f46201c530b4,ui/uieditor/widgets/director/directorselectbuttoninternalcard
3ab46e4d00941143,ui/uieditor/widgets/callingcards/loot2/callingcards_loot2_surrealistlandscapes_stairs
3ac3ecac3599406b,ui/uieditor/widgets/zmfrontend/zmlobbybuttonscontainer
3acb9cb81f6ad408,ui/uieditor/menus/cac/supportselection.lua
3ad04e8c9f647acb,ui/uieditor/widgets/hud/core_ammowidget/ammowidgetzm_characterportrait.lua
3ad093039a1b36a3,ui/utility/craftutility.lua
3ad2dd10539beaf7,ui/uieditor/widgets/zmhudwidgets/hud_zm_laststand_decorativebginternal
3ada85b007a2a8f9,ui/uieditor/menus/zm/armory_attachmentselect
3adeb3ff85af9813,ui/uieditor/widgets/hud/gameendscore/gameendscoresubtitle.lua
3adfcf04cdbf8f27,ui/uieditor/widgets/callingcards/callingcards_wz_darkops_master
3ae1040cb9e1ab23,ui/uieditor/widgets/pc_connectionqueuingoverlaycontainer
3ae1628da066e90a,ui/uieditor/widgets/tablet/tak5/tablettak5_playerinfo.lua
3af3786ae50f64e7,ui/uieditor/widgets/reticles/scanner/scannerreticle_ui3d
3afb6fc994d349aa,ui/uieditor/widgets/systemoverlays/featureoverlay_button_container
3aff3575643485d1,ui/uieditor/widgets/warzone/warzonewingsuitoverlay
3b0d9426ff0854aa,ui/uieditor/widgets/reticles/blackcell/blackcellinternal
3b0e533b6e349f33,ui/uieditor/widgets/pc/socialmenu/pcsocialmenu_playerlistitem_playerinfos_removebutton
3b15fe3647521487,ui/uieditor/widgets/hud/gameendscore/gameendscorecenterarrow.lua
3b1c64f85af4ce49,ui/uieditor/widgets/director/directorconfigbutton
3b2455ee18e94939,ui/uieditor/widgets/callingcards/callingcards_superheroes_speed.lua
3b279b6d2fe04364,ui/lui/luitimer
3b288a9c90c915e2,ui/uieditor/widgets/arena/arenaleagueplayrubiesfive.lua
3b2ba2b9203f2163,ui/uieditor/widgets/itemshop/contracts/contractsupplychaindetails_infopanel.lua
3b2c469416d1c180,ui/uieditor/widgets/arena/arenaprogresswidgetrank.lua
3b2fcc92c4342e54,ui/uieditor/widgets/arena/leagueplayintrolladdertitletext
3b30b09e39e01e74,ui/uieditor/menus/steam/steamworkshoppublish
3b3521b0bb0fc510,ui/uieditor/widgets/chat/chatclientinputtextbox
3b363529a2e34794,ui/uieditor/widgets/hud/textbackingcommonwithblur
3b3b2f9c0cfa2259,ui/uieditor/widgets/codcaster/codcastersettingssidebarloadoutsettings.lua
3b3b483ee2842924,ui/uieditor/widgets/reticles/chargeshot/chargershot_4corner_bracket.lua
3b3c66e0476d370d,ui/uieditor/widgets/aar_t8/rewards/aarspecialeventreward.lua
3b3ca0f5e2c53719,ui/uieditor/menus/itemshop/purchasecodpoints.lua
3b3d63c2af91409d,ui/uieditor/widgets/duplicatestateimage
3b3db0a7e7da0373,ui/uieditor/widgets/startmenu/options/startmenu_options_controllerlayout_vita
3b42aabdb2e1a7d3,ui/uieditor/widgets/startmenu/options/startmenuoptionsheader
3b4608168bbee1cb,ui/uieditor/widgets/mp/mpdamagefeedback
3b49b35877fd007c,ui/uieditor/widgets/craft/editordrawemblemfocusable
3b4f84b3d9622974,ui/uieditor/widgets/mphudwidgets/waypointbomb_plantarrowwidget
3b4fe1de41f35ac5,ui/uieditor/widgets/mphudwidgets/thrustmeter/thrustmeter
3b50aee012bc703d,ui/uieditor/widgets/pc/pc_achievementnotification_texts
3b5455f43e394c57,ui/uieditor/widgets/vehiclehuds/mothership/vhud_ms_reticlegunner
3b574e19363ddcbb,ui/uieditor/widgets/demo/demohighlightreel.lua
3b599015a4ee4dd7,ui/uieditor/widgets/zmfrontend/zmaartrialtabroundstatdescriptiontall.lua
3b5aa336961cb404,ui/uieditor/menus/aar_t8/levelup/aarrewardoverlay.lua
3b60451bafdcdf39,ui/uieditor/widgets/vehiclehuds/attackhelicopter/vhud_attack_helicopter_button_layout.lua
3b61d41b1f203bad,ui/uieditor/widgets/startmenu/startmenu_button_emblem.lua
3b698ecebc817cec,ui/uieditor/widgets/director/directorexpandedlobbymember.lua
3b6b9cdc6d1d2b46,ui/uieditor/widgets/itemshop/contracts/contractitemcost.lua
3b6f6e647f494e0b,ui/uieditor/widgets/cac/equipmentselect/equipmentlistwidget
3b7193a087da9bcd,ui/uieditor/widgets/mainoverlay.lua
3b75cb9425200745,ui/uieditor/widgets/notifications/publiclobbystagenotification/stagenotificationpositioncontainer.lua
3b7744aafed526a7,ui/uieditor/menus/hud/hudelementtext.lua
3b7c947efd70e607,ui/uieditor/widgets/blackmarket/contracts/bm_contractreveal.lua
3b7fd5528d644df0,ui/uieditor/widgets/vehiclehuds/hcxd/vhud_hcdx_hud.lua
3b8fa429c91a0f51,ui/uieditor/widgets/hud/prematchcountdown/prematchcountdown_2xpnotification.lua
3b919c70385143f1,ui/uieditor/menus/cac/perktalentselect.lua
3b95e9fcd257da99,ui/uieditor/widgets/craft/emblemeditor/emblemoptionsbutton.lua
3b9ad3e1e7c33125,ui/uieditor/widgets/startmenu/startmenu_identity_subtitle
3b9ae23e4358c469,ui/uieditor/widgets/aar_t8/tierreward/aartierrewardbackground_legendary.lua
3b9f546022ef5716,ui/uieditor/widgets/abilitywheel/abilitywheel_pixel
3ba67a272e5b5a38,ui/uieditor/widgets/common/commonpixelbackingwithtoppadding.lua
3ba99686a997d03e,ui/uieditor/widgets/vehiclehuds/hellstorm/vhud_hellstormring.lua
3bab2768fe3dbadc,ui/uieditor/widgets/reticles/chargeshot/chargershot_reticle_side.lua
3baf9b3f0c12947a,ui/uieditor/widgets/reticles/mp/bowlauncherreticle_internal
3baff2229992d7b6,ui/uieditor/widgets/pc/pc_vscrollbar
3bb0a3959b5cf9c2,ui/uieditor/widgets/cac/titledotswidget.lua
3bba34780c0a9b3e,ui/uieditor/widgets/zminventory/inventorywidget
3bc781935980f84c,ui/uieditor/widgets/director/directorwarningmessage.lua
3bc7ea4f891a4cca,ui/uieditor/widgets/craft/craftauthorinfo
3bc87ac3fc76bb82,ui/uieditor/widgets/itemshop/contracts/contractrarityheader
3bcbaac599142cb3,ui/uieditor/widgets/hud/core_ammowidget/ammowidgetzm_clipcontainervalue
3bcd85824c93b960,ui/utility/jobfeedutility.lua
3bce74a838517090,ui/uieditor/widgets/pc/hud/hud_keypromptframe_ultimate
3bd21fb28146d50b,ui/uieditor/widgets/reticles/blackcell/centerreticle.lua
3bd455805a96b345,ui/uieditor/widgets/callingcards/callingcards_replacer_cars1.lua
3bd5144423ebd42c,ui/uieditor/widgets/social/social_managepartyplayerrealnamecontainer.lua
3bd74b33a6fdff19,ui/uieditor/widgets/notifications/weaponlevelup/weaponlevelupnotification_footerbacking01
3bd90b4a1817bb61,ui/uieditor/widgets/pc/footer/footerbutton_persistent
3be37b1a86741023,ui/uieditor/widgets/codcaster/codcasterloadoutattachmentsbackground
3bee1e79985488c9,ui/uieditor/widgets/motd/motd_featuredbuttoncontainer
3bf1ae1f3af5cc7c,ui/uieditor/widgets/aar_t8/rewards/aartieritem.lua
3bf1e2c5d5054ef6,ui/uieditor/widgets/mphudwidgets/waypoint_textbg_zm.lua
3bf1f39bf7bae9cb,ui/uieditor/menus/demo/timelineeditorfilmoptions.lua
3bf46896f38fa8df,ui/uieditor/widgets/blackmarket/contracts/bm_availabecontractiteminternal.lua
3bfa18dba05c44fa,ui/uieditor/luielems/zm/zm_tut_hint_text
3bfd45228502765f,ui/uieditor/widgets/startmenu/options/legaltextviewerbody
3c0436d48eab47f9,ui/uieditor/widgets/warzone/warzoneinventorymenuitemsmall_internal_qe
3c0cb09f85132dc0,ui/uieditor/widgets/cac/weaponvariants/weaponvariantlistwidget
3c12ff2bdd075f2c,ui/uieditor/widgets/scoreboard/tabbedscoreboardstatbox
3c191dad9fd5ceda,ui/uieditor/widgets/startmenu/startmenu_personalization_zm
3c198a79d5c2801a,ui/uieditor/widgets/itemshop/purchaseableitem.lua
3c19ec831ef4d514,ui/uieditor/widgets/blackmarket/purchasedcontractsemptyslots.lua
3c28d314dcb00953,ui/uieditor/widgets/itemshop/contracts/contractitem.lua
3c295bb11bbb72cc,ui/uieditor/widgets/lobby/lobbyinspection/lobbyplayerinspectionplayerlevel.lua
3c2b5238864a40de,ui/uieditor/widgets/zmhudwidgets/inventory/zminvtalisman.lua
3c2ee33eaef7a6f3,ui/uieditor/widgets/reticles/chargeshot/chargershot_top_arrow
3c3156467692bf47,ui/lui/luihorizontallist
3c33c440fae6bf85,ui/uieditor/widgets/blackmarket/doubleloot
3c373acceaa4c882,ui/uieditor/widgets/freecursor/infopanelsubwidgets/freecursorplayercard
3c3818990d374397,ui/uieditor/widgets/aar_t8/merit/meritreportheadertext.lua
3c3c4ab1725cd317,ui/uieditor/widgets/warzone/warzonequickinventorysharditem.lua
3c3f0ead9ff6849a,ui/uieditor/widgets/startmenu/startmenu_personalization_wz
3c409b01f207c25a,ui/uieditor/widgets/arena/arenarubyprogressredbar
3c44e788cab17b3d,ui/uieditor/widgets/cac/menuchooseclass/itemwidgets/weaponlevelmeterprimary
3c4de89119457362,ui/uieditor/widgets/pc/notifications/pc_notif_background.lua
3c4fa18438e51aa4,ui/uieditor/widgets/director/directormapandgametypeinternaltitles
3c50bd229ba4cd94,ui/utility/blackmarketutility.lua
3c560a1fc4fcc11b,ui/uieditor/widgets/aar_t8/merit/meritoverlayboardwithmedals.lua
3c573252d0f1daf2,ui/utility/arenainvitationalutility
3c6100ada0135336,ui/uieditor/widgets/startmenu/startmenu_personalization_mp
3c6286cb072398e5,ui/uieditor/widgets/zmfrontend/laboratory/laboratorymixagain.lua
3c6d39e92d5c23e7,ui/uieditor/widgets/warzone/warzonekillsinternal
3c6e3597c2181319,ui/uieditor/widgets/codcaster/codcasterobjectivestatuslifeteam.lua
3c6e3b538b3d95e3,lua/shared/luautils
3c70b0ef5e37011b,ui/uieditor/widgets/customgames/customgames_settingsliderlist
3c7319f416a557d6,ui/uieditor/widgets/tablet/tabletlocationselector_markercursor
3c74b18409878e59,ui/uieditor/widgets/director/directorselectbuttonspecialistheadquarters
3c74de1dccefc4ad,lua/shared/luareadonlytables.lua
3c758905067eec43,ui/uieditor/widgets/scoreboard/scoreboardgamestatusmapmask
3c77c8cd900dd009,ui/uieditor/widgets/callingcards/callingcards_blackmarket_cardwidgetinternal
3c7b665b749178c8,ui/uieditor/widgets/cac/cac_buttonboxlrgidle
3c7f53f7ca89a4d2,ui/uieditor/widgets/pc/utility/titletextwidget
3c80fee92d274f43,ui/uieditor/widgets/hud/zm_revive/zm_revive
3c83f9a398165f22,ui/uieditor/widgets/pc/pc_classoptionspopup
3c8a676aa01ca8ee,ui/uieditor/widgets/arena/leagueplayendrankrulesstreaks
3c8ce5d6873fb26c,ui/uieditor/widgets/aar_t8/rewards/aarrewardbacker_zm.lua
3c91014522ded74e,ui/uieditor/widgets/pc/pc_connectionqueuingoverlay
3c926ee0c0a8f6cb,ui/uieditor/menus/codcaster/codcastersettingssidebar
3c9374922d9a28b2,ui/uieditor/menus/lobby/lobbyinspection
3c98294d2add37d8,ui/uieditor/widgets/directortraining.lua
3c9a3c9eb5d5ac59,ui/uieditor/widgets/lobby/common/layoutelements/commonsearchingbar
3c9a90f904a427aa,ui/uieditor/widgets/aar_t8/rewards/aarclassreward_zm
3c9debf360770716,ui/uieditor/menus/craft/paintshop/paintjobiconcolorpicker.lua
3c9f37b249abf628,ui/uieditor/widgets/systemoverlays/systemoverlay_reportplayer
3ca450fb566a878b,ui/uieditor/widgets/startmenu/options/flyout/startmenu_options_customsettingsindicator.lua
3ca71d17a8ad6b19,ui/uieditor/widgets/vehiclehuds/genericvhud2missilecounter
3ca71fca0722d5ee,ui/uieditor/widgets/lobby/common/list1buttonlarge_ph.lua
3caa6d4c5216ccef,ui/uieditor/widgets/mphudwidgets/outofbounds/outofbounds_vignettecontainer
3cad039cf13b879f,ui/uieditor/widgets/verticalscrollingtextcontainer.lua
3cad25151722726f,ui/uieditor/widgets/itemshop/reserves/reservesspecialcontractinternal.lua
3cad83847652b611,ui/uieditor/widgets/aar_t8/tierreward/aartierrewardbackground_legendary
3cb0881b7c07d5f3,ui/uieditor/widgets/callingcards/callingcards_blackmarket_set_widget
3cb96b0141f781b9,ui/uieditor/widgets/callingcards/callingcards_asset_pirates_sword.lua
3cc13d5d4d13a52c,ui/uieditor/widgets/craft/emblemeditor/emblemeditorpclegend.lua
3cc37c7191ccb66c,ui/uieditor/widgets/mphudwidgets/warscoreinfo_escort_progressbar.lua
3ccb6fe66a74209c,ui/uieditor/widgets/pc/footer/footerbutton_player_newbreadcrumbcount
3cce102a59933522,ui/uieditor/widgets/codcaster/codcasterportraitplayerlistnumber.lua
3cd296daa2745223,ui/uieditor/widgets/callingcards/loot3/ui_icon_callingcards_robber_laser.lua
3cd32d002172e0ec,ui/uieditor/widgets/notifications/xp/doublexpiconsinternal
3cd5be3686286bbc,ui/uieditor/widgets/challenges/challenges_framewidget_career.lua
3cde21c19e6d7e81,ui/uieditor/widgets/blackmarket/contracts/bm_availablecontractslistcontainer.lua
3cde48ba5c319286,ui/uieditor/widgets/callingcards/loot2/callingcards_loot2_warriorcreatures_hat.lua
3ce5bc9340e74d07,ui/uieditor/widgets/pc/options_categorylistseparation.lua
3ce5d760a963b9e7,ui/uieditor/widgets/startmenu/options/startmenuoptionsmaincorners.lua
3ce80e05745d6132,ui/uieditor/widgets/callingcards/loot4/ui_icon_callingcards_assassin_attackerarmgroup.lua
3ced311ffc9ac1de,ui/uieditor/widgets/craft/emblemeditor/emblemiconnew
3ceec2a7e0157fff,ui/uieditor/menus/lobby/entitlementpopup
3cef42fd3249a6be,ui/uieditor/widgets/pc/startmenu/voiceoptions/startmenu_options_pc_voice_voicebar_bar
3cf1485416d381de,ui/uieditor/widgets/reticles/chargeshot/chargershot_4corner_line.lua
3cf758dcf19e2929,ui/uieditor/widgets/zmhudwidgets/gameover/zm_hud_gameover_titlesequence.lua
3cffb187058b3627,ui/uieditor/widgets/callingcards/loot3/ui_icon_callingcards_stpatricks2.lua
3d017063fe3d07bc,ui/uieditor/widgets/blackmarket/contracts/bm_contractsframe
3d03b459fa976316,ui/uieditor/widgets/pc/dropdownlist_itemcontrol
3d04ac5283183a96,ui/uieditor/widgets/warzone/warzonedirectorstageindicator
3d06bd1567f9ef0f,ui/uieditor/widgets/pc/startmenu/pc_startmenu_options_ftedesc
3d0da012050df32a,ui/uieditor/widgets/chat/chatclientchatentry
3d0e78429ef42b0c,ui/uieditor/widgets/itemshop/contractframeinternal.lua
3d0e91451eaaa5ad,ui/uieditor/widgets/callingcards/callingcards_asset_vilains_sky.lua
3d11317617c9a8bf,ui/uieditor/widgets/lobby/lobbyinspection/inspectionplayerlist.lua
3d133f51b6524f7a,ui/uieditor/widgets/specialist/specialistthemebutton
3d136cf86a7bf844,ui/utility/arenautility
3d19e3e8d5325b1b,ui/uieditor/widgets/callingcards/callingcards_survivalist_master
3d21920ef47fc4d0,ui/uieditor/widgets/footer/fe_footercontainer_notlobby
3d22d3654b78ec39,ui/uieditor/widgets/director/directormapandgametypecontainer
3d26a26d273e43c3,ui/uieditor/widgets/zmfrontend/armory/armory_attachmentpipcontainer.lua
3d2a12cc8ff589a9,ui/uieditor/widgets/vehiclehuds/genericvhudreticleoverlay
3d315199a7ab131d,ui/uieditor/widgets/pc/socialmenu/pc_battlenetfriend_receiveinvite
3d325629f2c60cbb,ui/uieditor/widgets/aar_t8/squadsummary/aarsquadsummary
3d42df6ef831dd03,ui/uieditor/widgets/pc/socialmenu/pc_socialmenu_partyinvitestab
3d477c395a4aec2f,ui/uieditor/widgets/director/directorlobbysettinglist.lua
3d4ce3fa496074dc,ui/uieditor/widgets/vehiclehuds/ground/vehicleground_hashringlarge
3d52b205b02d1f8d,ui/uieditor/widgets/hud/gameendscore_wz/gameendscore_deathcamprompt.lua
3d53c55f7b188cae,ui/uieditor/widgets/hud/scoreinfo/scoreinfo_scorebarroundpip
3d58649a93c7c23a,ui/uieditor/menus/lobby/directorgestureselector
3d5b037097254c7f,ui/uieditor/widgets/itemshop/itemdetailssunset.lua
3d5c2c4fd68fecdd,ui/uieditor/widgets/genericpopups/matchstartwarningcontainer
3d5d8c689fc87c04,ui/uieditor/widgets/common/commonscalinglisthorizontalpips.lua
3d5e723c9ce68cbb,ui/uieditor/widgets/aar_t8/rewards/aarchallengereward.lua
3d6256f0fea114ae,ui/uieditor/widgets/hud/core_ammowidget/ammowidget_abilitytextzm
3d6402671e56672e,ui/uieditor/widgets/hud/scoreinfo/scoreinfoctf.lua
3d6501065ee1c789,ui/uieditor/widgets/director/directorlaboratorybuttonelixeroffer
3d654a3a02533bd3,ui/uieditor/widgets/arena/leagueplayleaderboardtab.lua
3d6a01f359d18c25,ui/uieditor/widgets/itemshop/reservetall
3d6cb3b86b2b9c86,ui/uieditor/widgets/genericiconbutton_container.lua
3d6d4af3b57ad3d3,ui/uieditor/widgets/entitylockon/grenadewarningimage
3d86055883190352,ui/utility/aarutilitycp.lua
3d8fd70582caf73c,ui/uieditor/widgets/challenges/challenges_callingcardprofiler_darkops.lua
3d91c3fc92dc2355,ui/uieditor/widgets/hud/zm_roundwidget/zmrndcontainer
3d94fe7d3f94ed62,ui/uieditor/widgets/specialist/specialistoutfitentry_internal
3d952afde89a73df,ui/uieditor/widgets/demo/demohighlightreel
3d961248c68985a6,ui/uieditor/luielems/core/lower_message.lua
3d9a0933d381ede1,ui/uieditor/widgets/zmhudwidgets/zm_title_fog.lua
3d9bd5d37e8fa452,ui/uieditor/widgets/chat/chatclientfilterlist
3da16acaa0e1eaa1,ui/uieditor/menus/fullscreenwhite.lua
3da434dd432e75a3,ui/uieditor/widgets/buttonprogressring.lua
3da69b7e14c6fbb5,ui/uieditor/widgets/pc/battlenet_checkout_closebutton.lua
3dafdbd544ce9a0d,ui/uieditor/widgets/hud/centerconsole/centerconsoleentry.lua
3db0d043e3841f5c,ui/uieditor/widgets/notifications/xp/doubleweaponxpicon
3db0dac37d010370,ui/uieditor/widgets/pc/togglebutton.lua
3db236db588e4f7d,ui/uieditor/widgets/aar_t8/summary/aargamehistoryavg.lua
3db399906c2727be,ui/uieditor/widgets/mphudwidgets/overheadname_playernameandclantagglow
3db77c763209214b,ui/uieditor/widgets/eulabody
3dbca055e95781f8,ui/uieditor/widgets/mphudwidgets/gametypescoreinfo/waypointtimercountdown
3dc6ed9922e90320,ui/uieditor/widgets/callingcards/callingcards_blackmarket_set_singlecardstitle.lua
3dc874d6188ab7d0,ui/uieditor/widgets/aar_t8/tierreward/aartierrewardshowcaseinternallegendary
3dca306a37ec5437,ui/uieditor/widgets/warzone/wzcollapsetimerinternal.lua
3dd0e1cefc02c892,ui/uieditor/widgets/pc/startmenu/controlsoptions/pc_startmenu_options_controls_descriptiontext
3dd2971a6510d135,ui/uieditor/widgets/zmfrontend/laboratory/laboratoryoffernameanddescription
3dd2c9c2f3b646a4,ui/uieditor/widgets/hud/core_ammowidget/ammowidgetmp_equipmentlethal_flash.lua
3dd2cd7ae31f0939,ui/uieditor/widgets/pc/startmenu/pc_startmenu_options_keybindmessage_toplinedeco
3ddd23b8d2bb821d,ui/uieditor/widgets/codcaster/codcasterloadoutequipmentbackground.lua
3ddef6da29910fbb,ui/uieditor/widgets/pc/footer/footerbutton_player_internal.lua
3ddfe0d4a3fb5310,ui/uieditor/widgets/social/social_playerdetailbutton_frame
3ddfef783446f679,ui/uieditor/widgets/craft/paintshop/paintjobeditorsafeareacontainer
3de3749bfc0efb9e,ui/uieditor/widgets/vehiclehuds/attackhelicopter/vhud_attack_helicopter_minigun_reticle
3def253c83146ac7,ui/uieditor/widgets/minimap/minimaphelperitems
3df87ada0157b100,ui/uieditor/widgets/store/storefeaturedframegrid.lua
3df97dc55db45f20,ui/uieditor/widgets/hud/prematchcountdown/prematchcountdown_2xpnotificationzm.lua
3dfa599076f9c14b,ui/uieditor/widgets/mp/specialisthub/hubweaponvideobutton.lua
3dfc9ac06e1c8b35,ui/uieditor/luielems/mp/ct_recon_enemy_reinforcement.lua
3dfd115b8bbb2cbc,ui/uieditor/widgets/pc/categoryexpendablebutton
3dfd5e556e1c52bb,ui/uieditor/widgets/codcaster/codcastersettingssidebardisplaysettings.lua
3e00202699294517,ui/uieditor/menus/hud/t7hud_zm_island
3e014bbe126c625f,ui/uieditor/widgets/arena/leagueplaylisttextbox.lua
3e122b7636abd48c,ui/uieditor/widgets/vehiclehuds/lightningstrike/vhud_lightningstrike_ambientgadget_circle
3e1382a3991fc1e1,ui/uieditor/widgets/vehiclehuds/mothership/vhud_ms_reticlelinehostul.lua
3e1567c5b8f12ae1,ui/uieditor/widgets/gamesettings/gamesettings_zmgeneral
3e1655f3ad40762f,ui/uieditor/widgets/hud/zm_score/zmscr_listingsm.lua
3e18985ca0ef8cf8,ui/uieditor/widgets/director/directorverticalpartylistcustom
3e1b76d902bbc762,ui/uieditor/widgets/systemoverlays/systemoverlay_layout_genericforeground_pc
3e1c1f24b359c553,ui/uieditor/widgets/vehiclehuds/hcxd/vhud_hcxd_timebar.lua
3e1fb667f8bfe4bf,ui/uieditor/widgets/tablet/tableticepickgadget_bgelementfui2.lua
3e22a0b76eb49c8d,ui/uieditor/widgets/mphudwidgets/prestigerewards/prestigerewardwidget_ui3d_v2.lua
3e272191e46af824,ui/uieditor/widgets/common/commontooltip
3e38247e77bdfbff,ui/uieditor/widgets/customgames/customgames_officialbadgeicon
3e3caedb1a17c7a0,ui/uieditor/widgets/mphudwidgets/prestigerewards/prestigerewardwidget_ui3d.lua
3e42faabb7d0a11c,ui/utility/startmenuutility
3e43f035804bb51c,ui/uieditor/widgets/startmenu/startmenu_options.lua
3e44c44ed406635c,ui/uieditor/widgets/itemshop/supplychain/discounttiersdesc.lua
3e45f124bd0b716f,ui/uieditor/widgets/pc/battlenetfriendlist/pc_battlenet_addfriendseditbox
3e471c47eaa23704,ui/uieditor/widgets/tablet/tak5/tablettak5_playerhealthinfo
3e4a0e06c24be956,ui/uieditor/widgets/vehiclehuds/genericvhudreloadprompt.lua
3e4c5171e11d389a,ui/uieditor/luielems/wz/death_zone
3e4f4fd1023f5306,ui/uieditor/widgets/cac/weaponattachmentselect/mutualexclusivewarning
3e4f58d7b97fff01,ui/uieditor/widgets/hud/scoreinfo/scoreinfoescortrobot.lua
3e52957b45821d12,ui/uieditor/widgets/zmhudwidgets/hud_zm_trial_strikes
3e56c058f8224562,ui/uieditor/widgets/hud/mp_scorestreakwidget/scrstk_combatefficiencypulse
3e5bc5f98a98d02b,ui/uieditor/widgets/zmhudwidgets/hud_zm_arcade_score.lua
3e5c310f1768c844,ui/uieditor/widgets/mphudwidgets/waypoint_textbgtraining.lua
3e62c6e748c1f6a5,ui/uieditor/menus/challenges/challengescareerwz
3e63f00c598ba574,ui/uieditor/widgets/itemshop/itemshoptierboost.lua
3e6678cddff4a1f1,ui/uieditor/menus/cac/overcapacity
3e6b3ab86742f5c4,ui/uieditor/widgets/callingcards/loot4/ui_icon_callingcards_fairytales
3e6d609c18f5305e,ui/uieditor/widgets/cac/weaponattachmentselect/generalattachmentcontainer.lua
3e6d79a32c4e0ff4,ui/uieditor/widgets/systemoverlays/systemoverlay_full_basicframe_prestige.lua
3e78e80d32559e2a,ui/uieditor/widgets/aar_t8/tierreward/aartierrewardshowcaseinternalcommon
3e78fa14df4f0af7,ui/uieditor/widgets/hud/zm_timebar/zm_beastmodetimebarwidget
3e7c4814f0e345b8,ui/uieditor/widgets/fileshare/fileshareselectoritemwide
3e7d335abae7bbd4,ui/uieditor/widgets/callingcards/callingcards_asset_techgunner_helicopter
3e81d1de14f541a8,ui/uieditor/widgets/director/directorcustomstartbutton.lua
3e84d69ea20c003e,ui/uieditor/widgets/director/theater/directortheaterstartbutton
3e8634856f115c55,ui/uieditor/widgets/zmfrontend/directorgamemodeselectionzminternal.lua
3ea3654431359514,ui/uieditor/widgets/callingcards/callingcards_career_game_heroics_master
3ea39273a0a28cea,ui/uieditor/widgets/vehiclehuds/ground/vehicleground_vignetteback.lua
3ea432fcb6c96156,lua/lobby/process/nav/lobbyprocessnavcommon.lua
3ea67ece3d7f7c7b,ui/uieditor/widgets/arena/leagueplayleaderboard_infopane
3ea9b3d743198d18,ui/uieditor/widgets/callingcards/callingcards_asset_dragon
3eaded454a60a305,ui/uieditor/widgets/vehiclehuds/wasp/vhud_sentinel_iris.lua
3eaebbcefdbce755,ui/uieditor/widgets/mp/specialisthub/hubcharactertabitem.lua
3eb0a059e7a3c477,ui/uieditor/widgets/footerbuttonprompt.lua
3eb0bad5d4e6c01d,ui/uieditor/widgets/pc/socialmenu/pcsocialmenu_playerslist
3eb274d1dc908cc6,ui/uieditor/widgets/mphudwidgets/bountyhunter/bountyhunterpreviewdollars
3eb584e56145934c,ui/uieditor/widgets/director/directorfindgameplaylistinfodescriptionpanel
3ebb4f6e9a3c1615,ui/uieditor/widgets/vehiclehuds/hellstorm/vhud_hellstorm_button_all.lua
3ebe6708d4340867,ui/uieditor/widgets/hud/core_ammowidget/ammowidget_backline.lua
3ebf771d1ff1aa54,ui/uieditor/widgets/controllerdependent_textboxlargegamepad.lua
3ec3aebbc4ad4b48,ui/uieditor/widgets/pc/listitemnocategory
3ec92f575770e696,ui/uieditor/widgets/director/directorlobbyposememberszm.lua
3eca12dcbc48d8a3,ui/uieditor/widgets/mp/specialisthub/hubtagsset_setname
3ecabd6040b6b610,ui/uieditor/widgets/craft/paintshop/paintshopslotsfull.lua
3ecbdf306d32e5b2,ui/uieditor/widgets/hud/safeareacontainers/hud_mp_safeareacontainer.lua
3ed690c2b55a7982,ui/uieditor/widgets/demo/segmentbuttoninternal.lua
3edcd5cf05e74636,ui/uieditor/widgets/hud/equipment/blackhat/blackhat.lua
3edf20821963bfd4,ui/uieditor/widgets/zmfrontend/armory/armory_opticslist.lua
3ef177d4a6200bf4,ui/uieditor/widgets/vehiclehuds/ground/vehicleground_buttonprompts_backing
3effd5fa4cf1ae27,ui/uieditor/widgets/director/directormapgametypeanddifficulty.lua
3f027dcc6409e42c,ui/uieditor/widgets/pc/pc_motd_buttons
3f0ab62fb4afcf82,ui/uieditor/menus/startmenu/startmenu_options_graphics_colorblind
3f0bd0487b3fc0f8,ui/uieditor/widgets/reticles/mp/tempestreticle_ui3d_internal.lua
3f0be747ba5bef11,ui/uieditor/widgets/social/social_friendinvitedlcnotification_internal
3f0fb7bcdd6e8bc6,ui/uieditor/widgets/mphudwidgets/bountyhunter/ammowidget_bountybag.lua
3f104715b8b9cb62,ui/uieditor/widgets/systemoverlays/systemoverlay_supportwidget.lua
3f120cb565f8890b,ui/uieditor/widgets/social/social_friends
3f173308619268e8,ui/uieditor/widgets/craft/emblemeditor/colorpicker/emblemeditorgradientsliderbar
3f1759af4f758ac8,ui/uieditor/widgets/utilities/progressbar_rank
3f24081f62ec4324,ui/uieditor/widgets/common/commonlistbuttongenericlong.lua
3f26a29f79cd73a1,ui/uieditor/widgets/codcaster/codcasterobjectivestatuslifeteam
3f2ae4e12987a44e,ui/uieditor/widgets/hud/scoreinfo/scoreinfocontainer.lua
3f2c980a9dc9aeb0,ui/uieditor/menus/demo/lightmancolorpicker
3f3397838e47a02d,ui/uieditor/widgets/codcaster/codcasterportraitplayercard
3f35eef72ee10697,ui/uieditor/widgets/arena/arenakillcamplayerrank
3f40319c5a16d298,ui/uieditor/widgets/callingcards/callingcards_asset_graphic_burstspin.lua
3f432feaf297b8de,ui/uieditor/widgets/common/commonlistbuttongeneric
3f4503439f328738,ui/uieditor/widgets/cac/weaponselect/weaponselectgriditeminternalname
3f4dddcf530ad1b8,ui/uieditor/widgets/vehiclehuds/vehicleseatconfig.lua
3f5316286fdac658,ui/uieditor/widgets/itemshop/supplychain/discountdetailsinfopanel.lua
3f54cd35b10ac56e,ui/uieditor/widgets/demo/demoplaybackcontrolsbackground.lua
3f57865bedcdb01a,ui/uieditor/widgets/aar_t8/summary/aarhistorybar.lua
3f59c6c673920a4a,ui/uieditor/menus/startmenu/popups/legaltextviewermenu
3f65594838d4cc86,ui/uieditor/menus/codcaster/directorcodcasterteamidentitysettings.lua
3f73cc09d5573987,ui/uieditor/widgets/pc/startmenu/interfaceoptions/startmenu_options_pc_interface_tabcontent.lua
3f93f979d23f22af,ui/uieditor/widgets/director/directorlaboratorybuttoninternal.lua
3f97beac32657be8,ui/uieditor/widgets/itemshop/supplychain/supplychaindetails_buttonprompt.lua
3f9a084583eafff2,ui/uieditor/widgets/callingcards/loot4/ui_icon_callingcards_assassin_attackergroup
3f9f2225659f819c,ui/uieditor/widgets/itemshop/mysteryitem
3fa0bdfd25ce3d94,ui/uieditor/widgets/craft/emblemeditor/colorpicker/emblemeditorcolorswatchcontainer.lua
3fa26d0aa2abc9d4,ui/uieditor/widgets/hud/core_ammowidget/ammowidgetzm_specialist.lua
3fa31663b3b7e3c1,ui/uieditor/widgets/codcaster/codcasterannouncementfeedtext
3fa49013abf72ebe,ui/uieditor/widgets/endgameflow/killcamplayerhealth.lua
3fa4e13ca8783b9d,ui/uieditor/widgets/arena/leagueplayyouplaced
3faae1e9fe47b126,ui/uieditor/widgets/challenges/challenges_framewidget_expert.lua
3fab350040e478f5,ui/uieditor/widgets/social/social_safeareacontainer.lua
3fadb0df615513d3,ui/uieditor/widgets/vehiclehuds/hellstorm/vhud_centerreticlecirclewidget.lua
3fafd580a91db534,ui/uieditor/widgets/mphudwidgets/waypointhardpoint_colorpattern.lua
3fb1621df4e9688b,ui/uieditor/widgets/callingcards/callingcards_asset_astromonkey
3fb1672b52d23ecc,ui/uieditor/widgets/cac/specialistissueequipmentwidget
3fb25387e6ce5f29,ui/uieditor/widgets/hud/zm_roundwidget/zmrnddigitsint.lua
3fb43b72bdc00946,ui/uieditor/widgets/tablet/swipetak5/swipetak5.lua
3fba7236300d412d,ui/uieditor/widgets/reticles/infinite/lmginfinitereticle_ammobar.lua
3fbaed9d1bf93d4c,ui/uieditor/widgets/itemshop/supplychain/currenttier
3fbdc5cfbf53edf1,ui/uieditor/widgets/hud/mpgametypes/mp_hardcorescorestreakwidget
3fc37a7c0deebbb7,ui/uieditor/widgets/director/directorfindgameplaylistinfotimed2xp.lua
3fcca867cbf0e9bd,ui/utility/scoreboardutility.lua
3fcfc38ff6366a17,ui/uieditor/widgets/itemshop/contracts/contractitem
3fd3a35782695797,ui/uieditor/widgets/director/directorzmplaylistselectitem
3fd740505876fd7b,ui/uieditor/widgets/itemshop/reserves/reservescontentimage
3fd8a7ef81de087c,ui/uieditor/widgets/chat/chatclientinputtextbox.lua
3fd8d1ee0598ca77,ui/uieditor/widgets/zmfrontend/cac/zmitemslotwide.lua
3fe4e486efca3578,ui/uieditor/widgets/mphudwidgets/waypointbomb_plantarrowwidget.lua
3ff272eb6e6aaf30,ui/uieditor/widgets/pc/pc_achievementdetailedview_desc
3ff2ee65fc4b9370,ui/uieditor/widgets/startmenu/startmenu_wzteamscoreboard
3ff6e730e9cff499,ui/uieditor/widgets/zmfrontend/zmloadoutpreviewclasspippc
3ff723963326d03d,ui/uieditor/widgets/pc/socialmenu/pcsocialmenu_playerlistitem_playerinfos_acceptinvitetoparty.lua
3ffbc64370f13dd9,ui/uieditor/menus/lobby/common/popups/vodviewer
3ffca0a76838f924,ui/uieditor/widgets/common/commonidentitymembernamestreamlined.lua
4000e93b38a60213,ui/uieditor/widgets/reticles/tak5/tak5reticle_internal.lua
40025a577ad356c4,ui/uieditor/widgets/gamesettings/gamesettings_texbox
40081ba24c6dff08,ui/uieditor/luielems/mp/ct_shared_ingame_hint.lua
400ce81fb5cb2a2e,ui/uieditor/widgets/reticles/mp/bowlauncherreticle.lua
4014d10cc11d6ed6,ui/uieditor/widgets/scoreboard/tabbedscoreboardrowselected
4017493401b24b33,ui/uieditor/widgets/director/directorfeatureinteractprompt.lua
401ea5d6b0fdec7d,ui/uieditor/widgets/specialist/jumpkititementry.lua
4020109bd0c375d8,ui/uieditor/widgets/aar_t8/merit/aarmeritreporttab.lua
4026953ab49613c9,ui/uieditor/widgets/leaderboard/leaderboard_warningtext
402c8d446bfc8772,ui/uieditor/widgets/hud/core_ammowidget/ammowidget_weaponinfo
402ee182107edc18,ui/uieditor/widgets/reticles/mp/spectrelockarrowwidgetglow01.lua
4031ce938e7a8f64,ui/uieditor/widgets/vehiclehuds/mothership/vhud_ms_lockarrow.lua
403d3abfba105a95,ui/uieditor/widgets/pc/pc_achievement
403dae6c0b4dd824,ui/uieditor/widgets/startmenu/options/frames/startmenu_options_frame_graphics.lua
4041f1de05d25d54,ui/uieditor/widgets/vehiclehuds/hawk/vhudhawkweaksignalbox
4045dbbb26b93f92,ui/uieditor/menus/hud/credit_fullscreen.lua
4049de12b828b3a4,ui/uieditor/widgets/social/pc_socialmenu_addfriendtextbox
404a56feb602f654,ui/uieditor/widgets/itemshop/supplychain/discountdetailsinfopanel
404b34612e7ddf64,ui/uieditor/widgets/callingcards/callingcards_blackmarketmastercardwidgetinternal.lua
40509fe2546d9ac0,ui/uieditor/widgets/common/commoncornerpips02.lua
4056de12cb3c02a8,ui/uieditor/widgets/callingcards/loot4/ui_icon_callingcards_fairytales.lua
406090a24bf5c68e,ui/uieditor/menus/aar_t8/meritreport/aarmeritreportoverlay
406956a036f7caee,ui/uieditor/widgets/callingcards/loot2/callingcards_loot2_vikingbattles_characters.lua
40776309501d0fd4,ui/uieditor/widgets/directortraining
407b18fcae8cdd90,ui/uieditor/widgets/zmhudwidgets/hud_zm_perks_disabled_container.lua
4081299042845a91,ui/uieditor/widgets/director/directorselectglowtab.lua
4081a0396b90ca6a,ui/uieditor/conditions
408c2db26254a239,ui/uieditor/widgets/pc/startmenu/controlsoptions/pc_startmenu_options_controls_description.lua
409e5ed084d6c26d,ui/uieditor/widgets/customgames/customgames_settingslidernocustom_internal
409e720c2964fde4,ui/uieditor/widgets/common/radialtimer.lua
40a7c09a930df562,ui/uieditor/widgets/scoreboard/tabbedscoreboardlayoutsideline.lua
40a814c3573e5a89,ui/uieditor/widgets/health/healthbarwidgetpulse
40abe3d8ad524103,ui/uieditor/widgets/systemoverlays/systemoverlay_deleteemblemframe.lua
40ac69244ae6dc9a,ui/uieditor/widgets/wzaar/wzaar_unlockedcharacter
40ae328b3bfac3de,ui/uieditor/menus/hud/hud_mp_ct_require.lua
40ba4506b23457c9,ui/uieditor/widgets/startmenu/options/frames/startmenu_options_frame_voice
40ba9b8699dad43d,ui/uieditor/widgets/mphudwidgets/bountyhunter/bountyhunterpackagepreview.lua
40be5b8ae5eb6bba,ui/uieditor/widgets/craft/emblemeditor/emblemitem_internal
40bf68adb843453f,ui/uieditor/widgets/commonbuttonoutline.lua
40c03c966939fa51,ui/uieditor/widgets/warzone/warzone_emp_obit.lua
40c2dce099006aba,ui/uieditor/widgets/codcaster/codcasterloadouttalents.lua
40c35bb16c18d983,ui/uieditor/widgets/callingcards/loot3/ui_icon_callingcards_invasion_ufo
40d266b3bc50c7d0,ui/utility/chatclientutility
40d59bd3d6673386,ui/uieditor/widgets/startmenu/startmenu_options_textboxoption.lua
40dcd86eb514a029,ui/utility/rankutility
40df981aa2a43cdd,ui/uieditor/widgets/mphudwidgets/outofbounds/outofbounds_returnbox.lua
40e21608f30f1d00,ui/uieditor/widgets/callingcards/callingcards_signature_weapon_master.lua
40e87da06c6cbb22,ui/uieditor/widgets/leaderboard/playerslistactionbutton
40e9ba7f82e226f0,ui/uieditor/widgets/pc/socialmenu/pc_socialmenu_dropdownlistitem.lua
40f4cc30c7cdc6bd,ui/uieditor/widgets/warzone/warzoneinventorymenuitemattachmentsmall.lua
40f902d1d1005453,ui/uieditor/widgets/codcaster/codcasterobjectivestatuscontrol.lua
40fe41a8e799785d,ui/uieditor/widgets/scoreboard/wz/scoreboardmapcolumnheadingscontainer.lua
410730be9d9037bb,ui/utility/codcasterutility
410a3319e1f22554,ui/uieditor/widgets/itemshop/purchaseitemcontentimage.lua
410d70d23be5e09a,ui/uieditor/widgets/warzone/warzonekilledbyname.lua
410f955fa8c8d333,ui/uieditor/widgets/startmenu/wz/startmenu_inventorydualweapons.lua
4113f3a7cde8fcd5,ui/uieditor/widgets/pc/bnetstore/pc_bnetstore_legalbutton.lua
412090563a1763c4,ui/uieditor/widgets/startmenu/startmenu_options_simplecheckoption.lua
4122fafcfc36b71c,ui/uieditor/widgets/craft/emblemeditor/colorpicker/emblemeditorcolortypeheader
4128f6bb368a3ebd,ui/uieditor/menus/barracks/barracks_medals.lua
4129bec2543e85de,ui/uieditor/widgets/wzaar/wzaartierlock.lua
4129e75242d10f9a,ui/uieditor/widgets/cac/newbreadcrumblarge.lua
412a5550a78e3459,ui/uieditor/widgets/aar_t8/summary/aarsinglestat
4134d810ef75c332,ui/uieditor/widgets/cac/itemnewbreadcrumbwidget.lua
4134fc0d1192672e,ui/uieditor/widgets/store/storecommontextbacking02.lua
41371ac819d15906,ui/uieditor/widgets/startgameflow/tipwidgetlist.lua
4140d2dea24b85ad,ui/uieditor/widgets/reticles/mp/spectrelocklinearrows.lua
4144cc944efa197f,ui/uieditor/menus/lobby/rewardpopup
414d44055057754f,ui/uieditor/menus/arena/aar_leagueplay_placementmatchesprogress
4153e6c6fee61438,ui/uieditor/widgets/director/directorselectbuttoninternalcard.lua
41599555f2c3fb69,ui/uieditor/menus/motd.lua
4164d59ef26fc02a,ui/uieditor/widgets/codcaster/codcasterannouncementfeed.lua
416b856bc6604b4e,ui/uieditor/widgets/genericiconbutton
416e391734646e66,ui/uieditor/widgets/reticles/chargeshot/chargeshot_activeline.lua
416e48ac85df931c,ui/uieditor/widgets/notifications/xp/doublexpiconscenteraligned
416e50b4a3a7caef,ui/uieditor/widgets/hud/core_ammowidget/ammowidgetzm_abilityorweaponcontainer
4170db364cb58ba9,ui/uieditor/widgets/callingcards/callingcards_asset_truckwheelanimation
41751eada73aefb5,ui/uieditor/widgets/scoreboard/zm/scoreboardcolheadersrush
417dcd66c5f1d136,ui/uieditor/widgets/pc/utility/genericclickbutton
4187c221c21ceef4,ui/uieditor/widgets/systemoverlays/systemoverlay_full_basicframe.lua
418887bc92377307,lua/lobby/lobbyanalytics.lua
418c91b4a779fdf1,ui/uieditor/widgets/warzone/warzoneinventoryunlockmissionobjectivebg.lua
41985ceacbad6078,ui/uieditor/widgets/social/social_membergamertag
419f6661f83d4cce,ui/uieditor/widgets/blackmarket/bm_iteminfocompactpanel.lua
41a69a501d585cd6,ui/uieditor/widgets/craft/emblemeditor/emblemiconnew.lua
41a9565c5e78c013,ui/uieditor/widgets/itemshop/contracts/contractitembacker.lua
41abe75348286451,ui/uieditor/widgets/lobby/common/layoutelements/commonsearchingbar.lua
41ace8cbc7c8a477,ui/uieditor/widgets/itemshop/supplychain/supplychaincontentimage
41b21ce9d532139f,ui/uieditor/widgets/challenges/challengessummarycategorylist_zm.lua
41b448221b1da982,ui/uieditor/widgets/warzone/wzpersonalizeweapon_itemgridbutton
41b782b9ae64bf14,ui/uieditor/widgets/gamesettings/gamesettings_options.lua
41ba14a6a952408f,ui/uieditor/widgets/pc/startmenu/listitem
41bf713350fe97e9,ui/uieditor/luielems/zm/zm_towers_pap_hud.lua
41c371b9eca2fae9,ui/uieditor/widgets/arena/leagueplayendrankupaniminternal.lua
41c6e7ebf800b63b,ui/uieditor/widgets/aar_t8/summary/aarscorewidget.lua
41ca2a624101dfea,ui/uieditor/widgets/vehiclehuds/wasp/vhud_sentinel_reticle
41ca96e8d4d6aafc,ui/uieditor/widgets/hud/deadspectate/deadspectate_spectatingbarpc
41d53e3f47e4acc1,ui/uieditor/widgets/craft/paintshop/paintshopbrowsecontrolsfull
41d6eb9485cc5151,ui/uieditor/widgets/callingcards/callingcards_asset_future_car
41dd034be99200ae,ui/uieditor/widgets/startmenu/startmenu_options_numoption.lua
41ddcc282839ccf1,ui/uieditor/widgets/craft/emblemeditor/decalgroupslistframe
41deecd602935a98,ui/uieditor/widgets/startmenu/startmenu_options_buttonoption
41e1a53313536ac3,ui/uieditor/widgets/cac/cac_varienttitlepanel
41e6a720fa965a6a,ui/uieditor/widgets/codcaster/playerlistrowkillanddeathvalue
41e9eb0e8614822e,ui/utility/gameendscoreutility.lua
41f06e98239ff754,ui/uieditor/widgets/utilities/progressbar_rankinfo
41f5c5bb25641a72,ui/uieditor/widgets/pc/utility/xcammousecontrol.lua
41f6d0bb1b98c8dc,ui/uieditor/widgets/onoffimageanimated.lua
41fac33519da6fa9,ui/uieditor/widgets/callingcards/loot2/callingcards_loot2_spacecowboy
41fdbd6e451d94a1,ui/uieditor/menus/cac/wzpurchasecamo.lua
41ff27ba8f489b41,ui/uieditor/widgets/zmfrontend/zmaargameinfo
4206f6cc2bb5856d,ui/uieditor/widgets/mphudwidgets/sprintmeter/sprintmeter
42116a7120d99b6b,ui/uieditor/luielems/cp/cp_skip_scene_menu
4212590f1bdb1a66,ui/uieditor/widgets/hud/core_ammowidget/ammowidgetzm_weaponname.lua
4217186b8bb37c88,ui/uieditor/widgets/director/directorteammemberinfo.lua
42174e18747a4d29,ui/uieditor/widgets/leftstickpagination
421ad79801b0da71,ui/uieditor/widgets/vehiclehuds/tank_robot/vhud_tank_robot_reticle.lua
4221be6771f4c39f,ui/uieditor/widgets/hud/zm_ammowidgetfactory/zmammo_bgbcarouselconsolebuttonfactory.lua
42240d0982a8b85a,ui/uieditor/widgets/hud/core_ammowidget/ammowidgetzm_clipcontainerhero.lua
42270120bc9e416d,ui/uieditor/widgets/startgameflow/loadingscreenplayerstats.lua
4227b5dd83a4801c,ui/uieditor/widgets/cac/menuchooseclass/itemwidgets/progressbarprimary
422dcd015d16b6f9,ui/uieditor/widgets/warzone/warzonegamestatusindicatorlistitem.lua
422e8e07934d5342,ui/uieditor/widgets/director/directormatchmakingtimer
422f3e08fffbbc66,ui/utility/spawnselectionutility.lua
4232e631c6cc30a5,ui/uieditor/widgets/mphudwidgets/cursorhint_text.lua
42403f299e185fb0,ui/utility/pcnotificationsutility.lua
4244666cc2c56ba6,ui/uieditor/widgets/notifications/notificationqueuewidgets/notificationrewardqueuewidgets/notificationrewardwidget
424543eb10543408,ui/uieditor/luielems/mp/ct_shared_aar_medals
4247a72681127259,ui/uieditor/menus/core_ui_require
4253ca01edb3016e,ui/uieditor/menus/arena/leagueplayleaderboardmenu.lua
4253efcdfef07a1a,ui/uieditor/widgets/aar_t8/summary/aarhistorybar
42554f2609df261a,ui/uieditor/widgets/endgameflow/killcamwidgetfctnline.lua
425656452378383e,ui/uieditor/menus/social/social_partysettings.lua
425c81f9ccc2c1cc,ui/uieditor/widgets/wzaar/wzaar_charactercontainer
425e0ada442a3a07,ui/uieditor/widgets/director/directorpartybarinternal.lua
4265b3417ec04ca7,ui/uieditor/widgets/vehiclehuds/ground/vehicleground_modt6.lua
426cbd6662225ce6,ui/uieditor/widgets/codcaster/codcasterloadoutmodulesecondaryattachment.lua
42721154d8bc6b19,ui/uieditor/widgets/scoreboard/tabbedscoreboardscoresffa
427411b1d207dbc8,ui/uieditor/widgets/mphudwidgets/waypointcenter
427d8fc35e68e24e,ui/uieditor/widgets/itemshop/reserves/reservescratecarousel
427dc67dee111deb,ui/uieditor/widgets/craft/emblemeditor/decalgroupsavailable.lua
427ff6f3034d6ecb,ui/uieditor/widgets/systemoverlays/systemoverlay_quitleagueplay.lua
4285897e922d89b8,ui/uieditor/widgets/pc_achievements
4286cf531f95c8bd,ui/uieditor/widgets/zmfrontend/zmloadoutpreviewlockedoverlay
428b39fa069d1324,ui/uieditor/widgets/itemshop/reserves/reservesskiprevealpromptcontainer
4292891de299e475,ui/uieditor/widgets/itemshop/discounttierscontainer.lua
42958075134fe8aa,ui/uieditor/widgets/hud/mp_scorestreakwidget/scrstk_numbertext
429be6a63899e0a0,ui/uieditor/widgets/mphudwidgets/warscoreinfo_escort_progressbar
429bfcd880eb31ac,ui/uieditor/widgets/warzone/wzpersonalizeweapon_attachmentslot.lua
429dba584f3a0998,ui/uieditor/widgets/startmenu/startmenu_options_safearea_hints.lua
429f23708bc6ebf4,ui/uieditor/widgets/gamesettings/gamesettings_zmweapons.lua
42a0d57e2cd8dbc0,ui/uieditor/widgets/pc/presetsquare.lua
42a34d41cd9a6343,ui/uieditor/widgets/director/directorgamerulescontainer.lua
42a424476b8f286e,ui/uieditor/widgets/vehiclehuds/buttons/vhud_generic_button_layout.lua
42a5f4c32f949f50,ui/uieditor/widgets/itemshop/contracts/contractdetailspanel.lua
42a79c04b6a6c03f,ui/uieditor/widgets/reticles/blackcell/blackcell.lua
42a83f25ce6a0dd3,ui/uieditor/widgets/itemshop/purchasereservesitembutton
42aa99a7cd3a875a,ui/uieditor/widgets/arena/arenaleagueplayruby.lua
42aad64a2d9c588c,ui/uieditor/widgets/itemshop/contracts/contractseasonaloverlay.lua
42adb1c185994e7b,ui/uieditor/widgets/craft/paintshop/paintjobselectoritem_internal
42b6ba71de8c30c1,ui/uieditor/widgets/lobby/common/liveeventviewerfootercontainer.lua
42b863565e3a9908,ui/uieditor/widgets/warzone/wzobituarysquadkilled.lua
42bcbbd6658178b6,ui/uieditor/widgets/aar_t8/tierreward/aartierrewardshowcaseinternalcorecontraband
42c271d2907ed290,ui/uieditor/widgets/aar_t8/tierreward/aartierrewardcolumnheader
42c2ea7e5a17b6f6,ui/uieditor/menus/aar_t8/missionreward/aarmissionrewardoverlay
42c6b627aa51405a,ui/uieditor/widgets/hud/gameendscore_wz/gameendscore_gamestatus
42cc559e9ae0b6be,ui/uieditor/widgets/vehiclehuds/mothership/vhud_ms_notificationflir.lua
42cd5497a304c464,ui/uieditor/widgets/vehiclehuds/attackhelicopter/vhud_attack_helicopter_health
42d5a8380eab4ec2,ui/uieditor/widgets/zmfrontend/zmaartrialtabroundstat.lua
42d66cf7384bbe8f,ui/uieditor/widgets/hud/core_ammowidget/ammowidget_equipmentempty
42d955eb1acfaebe,ui/uieditor/widgets/codcaster/codcasterteamidentitysettingscontainer.lua
42d9e9774d74e63d,ui/uieditor/widgets/hud/gameendscore_wz/gameendscore_placement.lua
42daf1dd3e2d7ff8,ui/uieditor/widgets/vehiclehuds/ground/vehicleground_buttonprompts_backing.lua
42de638fc19209f2,ui/uieditor/widgets/director/directortutorialmapselectitem_internal.lua
42eabfaa698b8931,ui/uieditor/widgets/hud/gameendscore_wz/gameendscore_headerbartip.lua
42f376e3ba06d89e,ui/uieditor/widgets/endgameflow/killcamplayerrank
42f4e957e8e30341,ui/uieditor/widgets/mphudwidgets/waypoint.lua
42f72126533b6116,ui/uieditor/widgets/specialist/specialistdecalentry
42f77d80973c09ce,ui/uieditor/widgets/genericpopups/matchstartradialtimer.lua
42f904a69a27cdee,ui/uieditor/widgets/tablet/healthboost/tablethealthboost.lua
42fcf004095a05ba,ui/uieditor/widgets/craft/emblemeditor/emblemitem_internal.lua
4300f9d3edd11e08,ui/uieditor/widgets/blackmarket/contracts/bm_contractdetails.lua
430b777990841aa9,ui/utility/vehicleutility.lua
430cf24220a73617,ui/uieditor/widgets/tablet/tabletlocationselector_internal.lua
430d588e2c6ed752,ui/codroot
43108ea893b9e9f0,ui/uieditor/widgets/zmhudwidgets/hud_zm_hinttext.lua
4315a48f43c443a5,ui/uieditor/widgets/vehiclehuds/gunship/vhud_gunship_ammo_count_internal
431ca68b1f86cb78,ui/uieditor/widgets/vehiclehuds/vehicleseatconfig_internal.lua
431f1efc4b4da885,ui/uieditor/widgets/hud/obituary/obituarycallout
431f27d414cc7ab7,ui/uieditor/widgets/tabbedwidgets/basictabwidget
4321bd17554f80ec,ui/uieditor/widgets/endgameflow/codcasterteambasebarcolor.lua
4321f927939bfc20,ui/uieditor/widgets/reticles/mp/bowlauncherreticle_l1.lua
4323948fba7d3b62,ui/uieditor/widgets/specialist/specialistoutfitentry_internal.lua
43317d177bae2759,ui/uieditor/widgets/hud/prematchcountdown/prematchcountdown_2xpnotification
4333e3ef490a503f,ui/uieditor/widgets/hud/gameendscore_wz/gameendscore_teamranking
4335eeeb4c6c261e,ui/uieditor/widgets/chat/chatclientfilterbutton.lua
433876300d280638,ui/uieditor/widgets/tablet/tableticepickgadget_itemblock.lua
4339865a646f0160,ui/uieditor/widgets/zmfrontend/directorinfopanelbgzm
4339e75ece8d5673,ui/uieditor/widgets/debug/sessionsearchqosjoin.lua
433adc50ad8efeaa,ui/uieditor/widgets/zmfrontend/laboratory/laboratoryplasma_codpointscost
433f282490497d27,ui/uieditor/widgets/hud/scoreinfo/scoreinfoescortbarprogress
433f2fdb89668fc5,ui/uieditor/luielems/initial_black.lua
43420fdca6085e89,ui/uieditor/widgets/warzone/warzonedeathcamlabellarge.lua
43439ae3bdaf8b9d,ui/uieditor/widgets/callingcards/callingcards_asset_black_hole.lua
43447fe281be3ac4,ui/uieditor/widgets/pc/emblemrenametextbox
434928bbeeb66807,ui/uieditor/widgets/hud/zm_notiffactory/zmnotif_frontlines02rotation
4349e85fd247cfca,ui/uieditor/menus/charactercustomization/wzpersonalizecharacter.lua
4349ee66e11db561,ui/uieditor/menus/craft/paintshop/paintjobeditor.lua
434abf3130246ee3,ui/uieditor/widgets/hud/core_ammowidget/ammowidgetmpcontainer
434d733b496c82ec,ui/uieditor/widgets/footer/fe_rightcontainerwithoutrightboxes
434e3c5700dc6d28,ui/utility/arenautility.lua
4353638d7ccd8952,ui/uieditor/widgets/zmfrontend/armory/armory_attachmentinfocontainer.lua
4353b9b389ee7deb,ui/uieditor/widgets/specialist/specialistdecalselector
435d8bc7f26bf149,ui/uieditor/widgets/arena/gauntlet/arenagauntlettierprogress
4360411b486b4d4c,ui/uieditor/menus/aar_t8/levelup/aarprestigemasteroverlay
4364e318b9b1d8f3,ui/uieditor/widgets/craft/paintshop/paintshopcontrolsfull
4366f54c207d38c0,ui/uieditor/menus/craft/paintshop/paintjobweaponselect.lua
4368bdf8a2955c77,ui/uieditor/widgets/itemshop/itemdetailssunsetpurchasecontainer.lua
4368f532cc98a68a,ui/uieditor/widgets/callingcards/callingcards_asset_pirates_flag
43696dd07e01affb,ui/uieditor/widgets/loadinganimation/animationloadingwidget.lua
436e076211b8e694,ui/utility/pcwidgetutility
43703656899271bc,ui/uieditor/widgets/hud/gameendscore/gameendscoreoutcomeffa.lua
43734fc81aaf30f1,ui/uieditor/widgets/itemshop/supplychain/dupemarker.lua
4379af6e9d2b74ff,ui/uieditor/widgets/challenges/nearcompletionbutton_internal
437a0b77f84c105b,ui/uieditor/widgets/callingcards/callingcards_asset_steampunkwarriors_gun
437c2d1d7ea091ae,ui/uieditor/widgets/startmenu/startmenu_options_textboxoption
437d12d08b0910b6,ui/uieditor/widgets/mphudwidgets/bountyhunter/bountyhunterhealthcount
4381a4c321d8728e,ui/uieditor/widgets/freecursor/tooltiparchetypes/tooltipfeaturetitle
4383b3645c7a545d,ui/uieditor/widgets/hud/minimaponly.lua
43844918790c29e2,ui/uieditor/widgets/arena/arenateamdisplay.lua
4389a55c89d1f836,ui/uieditor/widgets/callingcards/callingcards_prestige_wildcards_master
438be8a10aea840a,ui/uieditor/widgets/directorcommonpartylists.lua
438c3469e8958941,ui/lui/luigridlayout.lua
43a0685951f8978c,ui/uieditor/widgets/social/joinbuttonprompt.lua
43a616730838cee1,ui/uieditor/widgets/itemshop/contracts/contractcompletebanner.lua
43a822f770f09af2,ui/uieditor/widgets/vehiclehuds/ground/vehicleground_buttonprompts_left.lua
43a8cddff5161637,ui/uieditor/widgets/itemshop/contracts/contractraritytypebackground
43ad37e78efb57cc,ui/uieditor/widgets/cac/loadoutclassitemcontainerzombie
43adde8808437936,ui/uieditor/widgets/craft/emblemeditor/emblemiconclipboard.lua
43b05d7d8c5d4e09,ui/uieditor/widgets/arena/leagueplayendrankupaniminternalruby.lua
43b0ff97ea7338ca,ui/uieditor/widgets/callingcards/callingcards_asset_truck.lua
43b6186090efb4ec,ui/uieditor/widgets/cac/cac_icontokengrid.lua
43b9693f62a113a6,ui/uieditor/widgets/reticles/rocketlaunchers/rocketlauncherreticle.lua
43bea82c281b0444,ui/uieditor/widgets/hud/mp_scorestreakwidget/scrstk_meterkarat.lua
43cdc4afa8686df1,ui/uieditor/widgets/itemshop/reserves/blackjackreserveframe
43d34eb545cb19f0,lua/lobby/lobbydebug
43d35760c9f34f58,lua/lobby/process/nav/lobbyprocessnavcp.lua
43d757896a7773e3,ui/uieditor/widgets/competitive/competitiveaardivisioncurrentrank.lua
43d9024ee4cc688b,ui/uieditor/widgets/warzone/wzobituarycalloutcontainerstyle
43d9aadaa1ad41a6,ui/uieditor/widgets/warzone/wzobituarycalloutcontainer
43df6a900436a9eb,ui/uieditor/widgets/codcaster/codcaster_scorelogowidget
43e0d636e2f5c617,ui/uieditor/widgets/callingcards/callingcards_asset_ghost_spin.lua
43e58edf544a2163,ui/uieditor/widgets/itemshop/contracts/contractseasonaloverlay_supplychain
43ed93cbdafda7c5,ui/uieditor/widgets/directorcustom.lua
43eddd053321ebcf,ui/uieditor/widgets/hud/mpjoinedinprogressloss.lua
43ef5fc9e51e93dd,ui/utility/zmtalismanutility.lua
43f0c583dc4db051,ui/uieditor/widgets/fileshare/fullscreenpopup/fullscreenpopuptemplate
43f87e09b354d3dc,ui/uieditor/widgets/itemshop/supplychain/supplychaindetails_infopanel
440036d784ab06e3,ui/uieditor/widgets/cac/weaponattachmentselect/attachmentdescription.lua
44008652535479aa,lua/lobby/lobbytheater
4403353856602427,ui/uieditor/widgets/systemoverlays/systemoverlay_compact_layout.lua
4417416c778f63c1,ui/uieditor/widgets/pc/startmenu/controlsoptions/pc_startmenu_options_controls_list.lua
4418e2ab134a9c22,ui/uieditor/widgets/hud/gameendscore/gameendscorecenterwidget.lua
44219420fa0f036e,ui/uieditor/widgets/zmfrontend/zmdoublenpwidget.lua
443a18b0c952dcc0,ui/uieditor/widgets/itemshop/supplychain/dupemeter
443b57bef69320d1,ui/uieditor/menus/craft/paintshop/paintjobeditoroptions
44442a39de25d22b,ui/uieditor/widgets/zmhudwidgets/inventory/zminvnonlinearobjectprogressring
44492778bfd88357,ui/uieditor/widgets/vehiclehuds/gunship/vhud_gunship_ammo_dock.lua
444ed4407955456a,ui/uieditor/widgets/tablet/tableticepickgadget_itemicon
444f87e4db7598a1,ui/uieditor/widgets/pc/socialmenu/pcsocialmenu_playerlistitem_empty
445043d6a4a543cf,ui/uieditor/widgets/aar_t8/tierreward/aartierrewardtypeimagecontainer.lua
4454254f1f309175,ui/uieditor/widgets/startmenu/wz/startmenu_attachmentlist
4456ac8813313723,ui/uieditor/widgets/endgameflow/killcamteampanelleft.lua
44578da2409f9269,ui/uieditor/widgets/blackmarket/contracts/bm_availablecontractslistcontainer
445c8c4ce25c8840,ui/uieditor/widgets/startmenu/startmenu_identity.lua
445cb8b9c4364612,ui/uieditor/menus/lobby/lobbyinspection.lua
445dbc744c4b8dd7,ui/uieditor/widgets/callingcards/loot3/ui_icon_callingcards_stpatricks_coin_anim.lua
445fbccc8172a7b7,ui/uieditor/widgets/startmenu/options/startmenubuttonsmcontainer.lua
446abcd3bfeaa907,ui/uieditor/widgets/zmhudwidgets/inventory/zminvobjectiveprogress.lua
4478f6c8df576fac,ui/uieditor/widgets/callingcards/callingcards_heavymetal
4479083fb01ec502,ui/uieditor/menus/startmenu/startmenu_options_graphics_colorblind.lua
447c727557c223b9,ui/uieditor/menus/lobby/zm/directorgamemodeselectionzmoffline
447d94f38b12f180,ui/uieditor/widgets/tablet/tableticepickgadget_bgelementbinary
447e8440c69c793a,ui/uieditor/widgets/callingcards/callingcards_asset_warwheel
448376eb8eb5b9bf,ui/uieditor/widgets/common/commonheadertext.lua
448400fceda3aa4f,ui/uieditor/widgets/pc/socialmenu/pc_battlenet_contextualmenu
44887bff664f55e3,ui/uieditor/widgets/mphudwidgets/waypointcapturedpercentmessage.lua
448dd7996c4a5431,ui/uieditor/widgets/battlenet/frontendbattlenet
4492820dc64ef0e5,ui/uieditor/widgets/vehiclehuds/mothership/vhud_ms_internal.lua
44961191e385197f,ui/uieditor/widgets/hud/scoreinfo/scoreinfo.lua
449944a5ae95c690,ui/uieditor/widgets/pc/pc_gridhorizontalscrollbar.lua
449ac2183ff0bf98,ui/uieditor/widgets/tablet/swipetak5/swipetak5_characterhealwidget
44ab72db8012133a,ui/uieditor/widgets/aar_t8/arena/aar_leagueplayladderentry
44b054a81ee0245c,ui/uieditor/widgets/director/directorselect_tabbar_center
44b4b33494eb9a49,ui/uieditor/widgets/director/directorfindgamedetailmodes.lua
44b7b1ff2d035a21,ui/uieditor/widgets/systemoverlays/systemoverlay_fademask
44b92ef117389e43,ui/uieditor/widgets/systemoverlays/systemoverlay_divisionplacement
44bc94b63045fea4,ui/uieditor/widgets/reticles/mp/tempestreticle.lua
44c023627a5bb360,ui/uieditor/widgets/pc/pc_reporttextbox.lua
44c0abd9cc93e5f6,ui/uieditor/widgets/itemshop/reserves/reservesrerollitemdetails
44c54572d0acce8c,ui/uieditor/widgets/fileshare/fileshareoptionbutton
44c633fa5960ca67,ui/uieditor/widgets/hud/scoreinfo/scoreinfo_panelscalecontainer
44cf0567b0743208,ui/uieditor/widgets/callingcards/callingcards_asset_cold_breath.lua
44d93bb99b7ba66a,ui/uieditor/widgets/reticles/rocketlaunchers/rocketlauncherreticle_ui3d_internal
44dd810316f738ee,ui/uieditor/widgets/itemshop/contracts/contractitemcost
44dfe5c6b3fbb32a,ui/uieditor/widgets/scoreboard/wz/scoreboardgamestatusmapwz
44e60a9529f41cc5,ui/uieditor/widgets/common/commonrightslideinpopup.lua
44e95d7e1c112ccd,ui/uieditor/widgets/callingcards/callingcards_zm_prestige_allseeingeye.lua
44ef34d99c9679b0,ui/uieditor/widgets/director/directorlobbymemberinternalneverexpand.lua
4507c4d91ba82906,ui/uieditor/widgets/notifications/notificationqueuewidgets/weaponleveluptitle
450c6a2cd327d2cf,ui/uieditor/widgets/aar_t8/merit/meritoverlayboard.lua
450c6ab416da6afd,ui/uieditor/widgets/callingcards/callingcards_zm_prestige_allseeingeye
4518329023a9095c,ui/uieditor/widgets/callingcards/callingcards_tour_of_duty_master.lua
452110a4b3c23982,ui/uieditor/widgets/mphudwidgets/waypoint_textbg.lua
45259292d523020c,ui/uieditor/widgets/zmhudwidgets/inventory/zminvobjectiveprogressitemsingle.lua
4526bfeee95a2e74,ui/uieditor/widgets/lobby/spinner.lua
4529f86b2a9f3058,ui/uieditor/widgets/zmfrontend/zmgenericsummarystatwidget.lua
452ad585d00dfa78,ui/uieditor/menus/steam/steamworkshoppublish.lua
452cca38de53819f,ui/uieditor/widgets/motd/motd_bannerimage
452ea1ed45fc284b,ui/uieditor/widgets/pc/socialmenu/pc_battlenet_contextualmenu.lua
453349419f3104a1,ui/uieditor/widgets/arena/arenaskilldivision
45334db995f9ff6c,ui/uieditor/widgets/pc/pc_scrollbar.lua
45370a666d1f477e,ui/uieditor/widgets/customgames/customgames_restrictions_categorybutton.lua
453b3923873b5f8b,ui/utility/pcbattlenetutility.lua
453d3c583ea7d6ce,ui/uieditor/widgets/competitive/competitiveaardivisionrankawardcontainer.lua
453e6f1dc36a47c8,ui/uieditor/widgets/social/social_emptyframe
45427059fcde25a1,ui/uieditor/luielems/zm/zm_arcade_timer
45444baa697eaae0,ui/uieditor/widgets/craft/emblemeditor/decaltoolsframepaintshop.lua
4545b64681099a3d,ui/uieditor/widgets/reticles/blackcell/target.lua
45485fc0a79abf0a,ui/uieditor/widgets/pc/sliderbar_slider.lua
454f32d785213c59,ui/utility/ammowidgetutility.lua
45546eff334cd268,ui/uieditor/widgets/callingcards/loot2/callingcards_loot2_surrealistlandscapes.lua
455d644b5cdaf8d7,ui/uieditor/widgets/pc/pc_smallturnoffnotifbutton
456366ce3f806699,ui/uieditor/widgets/codcaster/codcasterloadoutwildcardbackground
4565e70d1dce7819,ui/uieditor/widgets/director/directorfindgameplaylistinfomp.lua
45679c9a0024b27e,ui/uieditor/widgets/customgames/customgames_mapmodeslider.lua
456b1f966307e4b4,ui/utility/videostreamingutility.lua
456f246f7a61c753,ui/uieditor/widgets/specialist/jumpkitselected_internal
456f6a08969cf8a6,ui/uieditor/widgets/itemshop/itemshopframe.lua
457082062fc17398,ui/uieditor/widgets/social/social_infopane_presence.lua
4570ab62b359e050,ui/uieditor/widgets/mphudwidgets/outofbounds/outofbounds_alert_icon
4571464036b79c4c,ui/uieditor/widgets/clans/claninboxrow
45755fb5e4190498,ui/uieditor/widgets/callingcards/callingcards_replacer_scooter.lua
4577f76c40ef0979,ui/uieditor/widgets/mphudwidgets/prestigerewards/prestigerewardwidget_v2
457898f4a3ec77b3,ui/uieditor/widgets/pc/startmenu/gameplayoptions/startmenu_options_pc_gameplay_tabcontent
457be42134bbea26,ui/uieditor/widgets/pc/startmenu/soundoptions/startmenu_options_pc_sound_sound.lua
458740bc0012c8bb,ui/uieditor/widgets/craft/emblemeditor/colorpicker/emblemeditorcolorcontrols
458c18133f12be4a,ui/uieditor/widgets/craft/emblemeditor/emblemeditorbuttonprompt
458cbf1d31462c41,ui/uieditor/widgets/pc/startmenu/pc_startmenu_options_hudbounds_desc
45903382c2f795c7,ui/uieditor/widgets/cac/allocationbar.lua
459648045a39f73a,ui/uieditor/widgets/pc/pc_vscrolllist_list
459adac4746a97e8,ui/uieditor/widgets/hud/mpspraysandgestures
459b8c4dd2a923d8,ui/uieditor/widgets/zmfrontend/laboratory/laboratorylistitem
459c1b339db45abf,ui/uieditor/widgets/mphudwidgets/outofbounds/outofbounds_layoutside
45a9b45e22ef14a9,ui/uieditor/widgets/cac/cac_lock.lua
45aa46a0b466ef4c,ui/uieditor/widgets/tablet/tableticepickgadget_bgelementbinary.lua
45bc6b54d376f776,ui/uieditor/widgets/warzone/warzoneinventoryequipped
45be207fcfab5823,ui/uieditor/widgets/callingcards/callingcards_framewidget.lua
45bf556091294013,ui/uieditor/widgets/vehiclehuds/mothership/vhud_ms_reticlegunner.lua
45c0b8a3536278dd,ui/uieditor/widgets/gamesettings/gamesettings_zmenemies
45c8b1128914b8a9,ui/uieditor/widgets/callingcards/callingcards_asset_bomber_plane
45ca4265bd1f3581,ui/uieditor/widgets/arena/arenadailybonuslabel.lua
45e141eadbfa2dce,ui/uieditor/widgets/lobby/lobbyinspection/inspectionwidget.lua
45e9ea6fe8a3c235,ui/uieditor/luielems/luielembar.lua
45ed90c1261ce1d2,ui/uieditor/widgets/director/directorlobbyclientgamertag.lua
45f9945fae757bbc,ui/utility/playerroleutility
4601f68112d58118,ui/uieditor/menus/fullscreencolorunderhud.lua
4604b03aff9b5398,ui/utility/upsellutility
4606983d188de2b0,ui/uieditor/widgets/pc/bnetstore/pc_bnetstore_devslogos
46115f07e77033b8,ui/uieditor/widgets/tablet/tableticepick_categoryprog
46117d02b0b2f7dd,ui/uieditor/widgets/customgames/customgames_settingslider_internal.lua
46151942c381b5a6,ui/uieditor/widgets/cac/menuchooseclass/itemwidgets/itemhinttextbreadcrumb
4619ab5fce1020b8,ui/uieditor/menus/fileshare/popups/fileshareoptions.lua
461a4811b8d5e2a3,ui/uieditor/widgets/director/directordraftselectloadoutinternal
461dbb20c95d491d,ui/uieditor/widgets/callingcards/loot2/callingcards_loot2_vikingbattles_righthand
461ec42293adb27b,ui/uieditor/widgets/notifications/xp/doublexpiconsrightaligned
461f9653a6fc9bc4,ui/uieditor/widgets/startmenu/startmenu_options_slider_control_item.lua
461fd810377f152e,ui/uieditor/widgets/callingcards/callingcards_retrowave_master
46273ecf3f0336f7,ui/uieditor/widgets/vehiclehuds/buttons/vhud_button_backing_lines.lua
4633412baa5380b8,ui/uieditor/widgets/vehiclehuds/agr/vhud_agr_internal
46335d4ed4ee1339,ui/uieditor/luielems/luielembar_ct
463613c420a64e58,ui/uieditor/widgets/mphudwidgets/thrustmeter/thrustmetercontainer
4637063c9f34e6f3,ui/uieditor/widgets/warzone/warzonemapkeyitem
46385f499cc3b28f,ui/uieditor/widgets/callingcards/callingcards_marksman_master.lua
464068ee976fa8b7,ui/uieditor/widgets/director/directorcustomizeclasszm.lua
464b79ba36e1eb3c,ui/utility/zminventoryutility.lua
4656ead4d7f27d34,ui/uieditor/menus/leaderboard/leaderboard_gamemode
465d9039ad8888da,ui/uieditor/widgets/pc/sliderbar_barhandle.lua
466d015f705d5485,ui/uieditor/widgets/codcaster/codcasterplayerlistheaderwidget
466e770d4fd8dbe3,ui/uieditor/widgets/pc/hud/hud_keypromptframe_ability
466f52a7058e9660,ui/uieditor/widgets/pc/craft/craftactionslider.lua
467035dcc0ce94cc,ui/uieditor/widgets/scoreboard/tabbedscoreboardheader
4673b9bfc92c298b,ui/uieditor/widgets/director/directorlobbymember
468620bd37717808,ui/uieditor/widgets/hud/safeareacontainers/hud_safeareacontainer_back
4686355579696a18,ui/uieditor/widgets/barracks/specialeventrewardwidget
468e609e1323d006,ui/uieditor/widgets/startmenu/startmenu_barracks_wz_winrecordcontainer
468f4fe605dd8653,ui/uieditor/menus/challenges/challenges_expert.lua
4691849360207b08,ui/uieditor/widgets/callingcards/callingcards_mode_killer_master.lua
4697c588421e6ee1,ui/utility/challengesutility
4699c4dae86f000e,ui/uieditor/widgets/reticles/chargeshot/chargeshot_reticle_ui3d.lua
469a22c5fde4bbad,ui/uieditor/widgets/genericpopups/matchstartwarningcontainer.lua
469ba5b942796499,ui/uieditor/widgets/director/directortierskipnotificationcompleteinternal
469f3ada02d4f41b,ui/uieditor/widgets/scoreboard/tabbedscoreboardheaderscores.lua
46a457d23cdffbb7,ui/utility/clanutility.lua
46a5414776d0743c,ui/uieditor/widgets/mphudwidgets/readyevents/readyevents_scorestreaks_iconcontainer.lua
46aff5edd4dcd598,ui/uieditor/widgets/scoreboard/tabbedscoreboardfuibox.lua
46b819cc25d330a7,ui/uieditor/widgets/utilities/errortriangle.lua
46b9fe968c4a5951,ui/uieditor/widgets/common/commonglowflickeranim.lua
46bda6518ea3134b,ui/uieditor/menus/mp/migration.lua
46c271ee4a88d5d3,ui/utility/clanutility
46cd5e8b4612a4ef,ui/uieditor/widgets/callingcards/callingcards_futureracing_asset01
46cd5f8b4612a6a2,ui/uieditor/widgets/callingcards/callingcards_futureracing_asset02
46d3b05df9849e0e,ui/uieditor/widgets/hud/core_ammowidget/ammowidgetzm_abilityitem.lua
46d459cff39f5f10,ui/utility/prestigeutility.lua
46d927a84274c1fa,ui/uieditor/widgets/cac/mark2bonusexpbadge.lua
46db94b193106b49,ui/uieditor/widgets/footer/footercontainer_ingame_right
46dc36905fd0797a,ui/uieditor/widgets/zmhudwidgets/inventory/zminvquestitemscontainer
46e2cb43535b7b42,ui/uieditor/widgets/hud/obituary/obituarykilleridentity
46e2e9d279c569a7,ui/uieditor/widgets/zmfrontend/armory/armory_attachmentinfo
46e37b4dc09c830f,ui/uieditor/widgets/startmenu/options/flyout/startmenu_options_customsettingsindicator
46e6800bd8060dc8,ui/uieditor/widgets/startmenu/options/startmenu_options_controllerlayout.lua
46e90cd8e341b4b3,ui/uieditor/widgets/lobby/lobbyinspection/inspectionprestigelevel.lua
46ec61cf846f0fee,ui/uieditor/widgets/scrollbars/verticalscrollbar.lua
46edb068af5dd5d9,ui/uieditor/widgets/startmenu/options/startmenu_options_controllerlayout_durango
46ee653ade3452f5,ui/uieditor/widgets/pc/hud/scorestreak_aspectratiofix
46ef65e27bfc904b,ui/uieditor/widgets/warzone/wzobituarycallout
46efebffc3eb56e9,ui/uieditor/widgets/endgameflow/codcasterteambaseglow
46f417a74d9ab424,ui/uieditor/menus/hud/hud_zm_require.lua
46f5ab4951573ff0,ui/uieditor/widgets/mphudwidgets/outofbounds/outofbounds_timerframedots.lua
46fc3850ee0e7df6,ui/uieditor/widgets/codcaster/codcaster_settings_categorytabs_bg
46fe95073b5228ee,ui/uieditor/widgets/director/directorfeatureditem.lua
46fee26b35f63189,ui/uieditor/widgets/director/theater/directortheatermodeselectbutton
46ffd43c6428a70a,ui/uieditor/widgets/scoreboard/scoreboardbuttonprompts
4701027958af0376,ui/utility/notificationutility
47059018031bacae,ui/uieditor/widgets/zmhudwidgets/inventory/zminvchallengesinternal.lua
470c66703d8fc18d,ui/uieditor/widgets/cphudwidgets/waypointcentercp
470d4f45560b4be1,ui/uieditor/widgets/hud/gameendscore_wz/gameendscore_playerresultcontainer.lua
4712247883db879b,ui/uieditor/luielems/mp/ct_shared_warning.lua
47138b6fa28be579,ui/uieditor/widgets/warzone/warzoneusetimer.lua
4719aa631150ffd4,ui/uieditor/widgets/tablet/tak5/tablettak5_healthbonus
471d2a0ed724628e,ui/uieditor/widgets/common/commonidentitywidgetstreamlinedsafeareacontainer
47243c6cb4be681d,ui/uieditor/widgets/director/directorexpandedlobbymemberwarnings.lua
4724c4fb21284b10,ui/uieditor/widgets/arena/leagueplayeventenddelaylobbymessage.lua
4726627ced7672fc,ui/uieditor/widgets/callingcards/callingcards_cardwidget.lua
472ef65859f385d0,ui/uieditor/widgets/hud/core_ammowidget/ammowidgetzm_powerweapondrain
47306e3415656dbf,ui/uieditor/widgets/hud/zm_ammowidgetfactory/zmammocontainerfactory.lua
473216b9da5ec31c,ui/uieditor/widgets/hud/zm_ammowidget/ammowidgetzm_weaponimage
4732337ce8a3779a,ui/uieditor/widgets/chat/chatclientchatentrylineoftext
4735553967ef73e9,ui/uieditor/widgets/hud/zm_fx/zmfx_flsh1.lua
473da145419f850a,ui/uieditor/widgets/hud/mp_scorestreakwidget/scrstk_numbertext.lua
473ebf13b7a72840,ui/uieditor/widgets/callingcards/callingcards_wz_insigniaechelons_master.lua
47436037cf4fb98c,ui/uieditor/widgets/arena/leagueplayleaderboardentry
474643552a822614,ui/uieditor/widgets/itemshop/listlabelhideable
4749d5baa3c649d2,ui/uieditor/widgets/callingcards/loot4/ui_icon_callingcards_assassin_attackergroup.lua
4757ff0933162760,ui/uieditor/widgets/zmfrontend/zmloadoutpreviewfull
475d01993250a7bc,ui/uieditor/widgets/footer/fe_footercontainer_notlobby.lua
475d0544373c0cf2,ui/uieditor/widgets/pc/startmenu/pc_startmenu_button_lg_internal.lua
475d27055190f173,ui/uieditor/menus/blackmarket/contracts/blackmarketcontractreplacementconfirmation
475e493a407b6e97,ui/uieditor/widgets/codcaster/codcasterobjectivestatushardpoint.lua
475eb78c934630a4,ui/uieditor/widgets/mphudwidgets/thrustmeter/thrustmetercontainer.lua
4761862e26225802,ui/uieditor/menus/itemshop/purchasebribestack.lua
4767a71b30e616ef,ui/uieditor/widgets/chat/chatautocomplete
476bc1b2ee55e8d3,ui/uieditor/widgets/zmhudwidgets/hud_zm_trial_round_failed.lua
476c57f67fbf4558,ui/uieditor/widgets/cac/weaponvariants/weaponvariantpipinternal
476e516a6ca47720,ui/uieditor/widgets/callingcards/callingcards_asset_sparkle_star
476f8f4e59b90ef2,ui/uieditor/widgets/zmfrontend/zmloadoutpreviewitem.lua
4771a151c0d5ab9e,ui/uieditor/widgets/zmhudwidgets/trials/trialsendgamescoreboard.lua
477282d98e20da30,ui/uieditor/widgets/vehiclehuds/genericvhudinfoarea
4776ccecdb5abd8a,ui/uieditor/widgets/scoreboard/tabbedscoreboardheadertitle.lua
4777a2e5e764dbc9,ui/uieditor/widgets/aar_t8/tierreward/aartierrewarditemglowanimation
4779319259437f5c,ui/uieditor/widgets/arena/arenaskillevaluationwidget.lua
4779983e20d29503,ui/uieditor/widgets/zmfrontend/armory/armory_attachmentinfo.lua
477c0b4247e6330a,ui/uieditor/widgets/itemshop/reserves/reservesbribestackcarouseltall
478010d89d055eea,lua/lobby/lobbymsg.lua
4785e3fb024ffd43,ui/uieditor/widgets/playercontextualmenu_item
478b4da1df957318,ui/uieditor/widgets/systemoverlays/systemoverlay_deletepaintjobframe.lua
47933ec9a45ffdd9,ui/uieditor/widgets/pc/pc_chooseclasstabs
47981906955f26e0,ui/uieditor/widgets/endgameflow/killcamplayerinfo.lua
479a2abecba85306,ui/uieditor/widgets/itemshop/contracts/contractsupplychaindetails
47a198704287a9e0,ui/uieditor/widgets/callingcards/callingcards_global_master
47a4ceca81c49387,ui/uieditor/menus/blackmarket/contracts/blackmarketcontracts
47a560e82b430a7a,ui/uieditor/widgets/itemshop/reserves/reserveslootbundlecratebutton
47afe51ba7ec333e,ui/uieditor/menus/fileshare/popups/fileshareoptions_delete.lua
47b78b9fa1a1e071,ui/uieditor/widgets/reticles/mp/tempestreticleinternal.lua
47bc0fa69b3313f3,ui/uieditor/widgets/arena/arenaleagueplay_ladderskilldivisiontitle.lua
47bd96edb2982fc5,ui/uieditor/widgets/notifications/notificationqueuewidgets/rankupnotification
47c07612ffc6dbec,ui/uieditor/widgets/store/storepricelabel
47c37346f38a0979,ui/uieditor/widgets/itemshop/reserves/reservesrevealdupeicon.lua
47c3fabac8c862f3,ui/uieditor/widgets/hud/zm_notiffactory/zmnotifbgb_containerfactory
47c8f6290ec1890e,ui/uieditor/widgets/director/directorcontractsbutton
47c96f152b8b2c10,ui/uieditor/widgets/cac/specialistissueequipmentwidget.lua
47cd5789ab375dd2,ui/uieditor/menus/craft/emblemeditor/emblemeditormaterialpicker.lua
47cd7a2fd8b76187,ui/uieditor/widgets/pc/utility/verticallistspacer.lua
47cf366223c5ae25,ui/uieditor/widgets/reticles/launchermulti/launchermultireticle.lua
47d0aec1d8c4d976,ui/uieditor/menus/gamesettings/gamesettings_optionsmenu.lua
47d1516d2547cf82,ui/uieditor/widgets/hud/equipment/blackhat/blackhat_internal.lua
47d1669ad111f346,ui/uieditor/widgets/demo/democontrolsbuttonrecord
47d2b968e07b3433,ui/uieditor/widgets/blackmarket/bm_iteminfopanel.lua
47d7633bcab6891c,ui/uieditor/menus/demo/lightmancolorpicker.lua
47df4cc09d08aa9c,ui/uieditor/widgets/chat/ingame/ingamechatclientcontainer.lua
47eba73014dfbcea,ui/uieditor/widgets/callingcards/loot3/ui_icon_callingcards_crimewave.lua
47f43d779dfa5a22,ui/uieditor/widgets/craft/emblemeditor/colorpicker/emblemeditorgradienttypebutton
47f4764fa4ff54f0,ui/uieditor/widgets/border.lua
47f4b719d52fbfb7,ui/uieditor/menus/startmenu/popups/pc_startmenu_options_codaccount_newaccount
47f5a385b33254d0,ui/uieditor/widgets/pc/hud/buttonprompt3d/pc_buttonprompt3dbind.lua
47f67615a49af700,ui/uieditor/widgets/store/store_nonfeaturedframe
47fd9d2ec206e221,ui/uieditor/widgets/arena/arenamapandgametypeinternal
47fea65b501dd29d,ui/uieditor/widgets/director/directorfindgameplaylistinfoverticallayoutmp
48000869d330367d,ui/uieditor/widgets/pc/bnetstore/pc_bnetstore_giftbutton_texts
4804ba90b949afea,ui/uieditor/widgets/arena/arenaprogresswidgetrubyinfo
480bca2d4528007a,ui/uieditor/widgets/pc/bnetstore/pc_bnetstore_itembutton_prices.lua
4811ec1ee2c41196,ui/uieditor/widgets/challenges/challengeswzsummary
48130fbd3b730127,ui/uieditor/widgets/callingcards/callingcards_zm_elixirs_talismans.lua
481384373cfadc50,ui/uieditor/widgets/challenges/challenges_callingcardprofiler_darkops
481592f84e6959bd,ui/uieditor/widgets/startmenu/options/flyout/startmenu_options_settingslider.lua
481a33442b6aecbd,ui/uieditor/widgets/callingcards/callingcards_game_victories
48202d9810b1302d,ui/uieditor/widgets/facebuttonwithkeymouse.lua
482158ee3ddb4da6,ui/uieditor/widgets/callingcards/callingcards_asset_racoonarm_l.lua
482bc4ac96162055,ui/uieditor/widgets/mphudwidgets/codcaster/codcaster.lua
482bed289ccc06cd,ui/uieditor/widgets/aar_t8/rewards/aardailycallingreward_zm
48303be9406fbc0d,ui/uieditor/widgets/aar_t8/summary/aargamehistoryavg
4830c88f1c765833,ui/uieditor/widgets/director/directorleaderactivityselect.lua
48331fef06a75ed2,ui/uieditor/widgets/warzone/warzonecontextualarmorstashitems.lua
4834bba7216b576c,ui/uieditor/widgets/aar_t8/tierreward/aartierrewarditem.lua
483aa5329c51cf20,ui/uieditor/widgets/notifications/notificationqueuewidgets/weaponlevelupheaderstripe.lua
483aac1b8d7b1294,ui/uieditor/widgets/director/directorpublicplayerlists.lua
483c9c5f9fe37d2d,ui/utility/playerstatsutility
484210b927c3269d,ui/utility/overlayutility.lua
4843993ac363ba4e,ui/uieditor/widgets/itemshop/itemshopframe
4848cd399f32775f,ui/uieditor/widgets/pc/pcvoicechatwidget
484abf5cf229d4e9,ui/uieditor/widgets/challenges/challenges_summary_nearcompletionbutton.lua
4856481cd07ea059,lua/shared/ddlutils
4856a44b75cae0b8,ui/uieditor/widgets/callingcards/callingcards_prestige_perks_master
485eabac4c165a5e,ui/uieditor/widgets/pc/pc_achievementnotification_container.lua
4864dadf12afab03,ui/uieditor/widgets/hud/zm_notiffactory/zmnotif1factory
4864f8b9457f5b6b,ui/uieditor/menus/fullscreenblack.lua
48691e0176084785,ui/uieditor/luielems/core/debug_center_screen
486c6338fe3d1403,ui/uieditor/widgets/genericpopups/toast_container_clansteams_baking.lua
486fcfd6f67e2d47,lua/lobby/lobbypaintjobs.lua
487260ad07dccc8b,lua/lobby/matchmaking/lobbymatchmakingdedicated.lua
4872cba4251b73ea,ui/uieditor/widgets/director/directorplaylistheaderb
487875177ac822ba,ui/uieditor/widgets/debug/lobbyprocessqueuedebugitem.lua
4878b37d2ee8d7b9,ui/uieditor/widgets/vehiclehuds/genericpooledvehiclehealthwidget.lua
48804d5e0bf50e1e,ui/uieditor/widgets/mphudwidgets/waypointiconsimple.lua
48819c673a5c0a5c,ui/uieditor/widgets/vehiclehuds/vhud_layoutplusgridlarge
48830a14f983c4c4,ui/uieditor/widgets/director/directorcustomstartbutton
48891d95226365c6,ui/uieditor/menus/startgameflow/loading_mp.lua
488a5b47858ac1a2,ui/uieditor/widgets/pc/pc_classoptionspopup.lua
488e4b60773a7cf6,ui/uieditor/widgets/startmenu/startmenu_options_pc_gamepadcontrols.lua
4892952ba6dbca2b,ui/uieditor/widgets/tablet/tableticepicksecondarywindow.lua
48958ce13d78b594,ui/uieditor/widgets/mphudwidgets/sprintmeter/sprintmeterchevron.lua
4896f3d052e64167,ui/uieditor/widgets/itemshop/supplychain/streamlevel
48989b94e9945f9a,ui/uieditor/widgets/zmfrontend/laboratory/laboratoryplasma_popoutcontainer
4898be00521852af,ui/uieditor/widgets/mphudwidgets/scorepopup/mpscr_pluspointscontainer
489dde8f0e81d59d,ui/uieditor/widgets/mphudwidgets/cursorhint
48a2bfd7fd77a149,ui/uieditor/widgets/emptyfocusablenocursorupdate
48b278f5d672e5ec,ui/uieditor/widgets/scoreboard/tabbedscoreboardmapinfoboxright.lua
48b667e4e3087d0a,ui/uieditor/widgets/codcaster/codcasterloadoutsecondaryattachment
48b6d473440aa0a2,ui/uieditor/widgets/cac/weaponattributes/weaponattributeuberinfo
48b8054dd7e46390,ui/uieditor/widgets/social/social_playerslistbutton
48bcf3ef08ca40f0,ui/uieditor/widgets/pc/pc_motd_buttons.lua
48be685c4f3b19a0,ui/uieditor/widgets/pc/pc_scrollbar
48c4201a81f383d5,ui/uieditor/widgets/vehiclehuds/attackhelicopter/vhud_attack_helicopter_rocket_counter
48c6423d3c47fd33,ui/uieditor/widgets/customgames/customgames_settingslider
48c7cd4f692e6a2c,ui/uieditor/widgets/pc/socialmenu/pc_socialmenu_dropdownlistitem
48c811a1d34161cf,ui/uieditor/widgets/itemshop/timerright
48ca157a64581386,ui/uieditor/widgets/social/social_joinbtn.lua
48ce41ebda83b888,ui/uieditor/widgets/tablet/tableticepickgadget_bgelementlines
48d418283c1ae525,ui/uieditor/widgets/arena/gauntlet/arenagauntletlossslot.lua
48d640ca32ca4eb1,ui/uieditor/widgets/warzone/warzoneinventoryline
48e4d272e48cc5f4,ui/uieditor/widgets/cac/menuchooseclass/chooseclasslockedoverlay.lua
48e699e5d0f982e3,ui/uieditor/widgets/scoreboard/scoreboardgamestatusmap.lua
48f041fd60423e1d,ui/uieditor/widgets/warzone/warzonecollapseprogress
48f05590c126cb49,ui/uieditor/widgets/warzone/warzonesplitinventory_pc_imagebutton.lua
48f40d464ed055a7,ui/uieditor/widgets/systemoverlays/systemoverlay_deleteemblemframe
48f6d6ee8078c13c,ui/uieditor/widgets/aar_t8/levelup/aarlevelupreward.lua
48fb761d8fded738,ui/uieditor/widgets/mp/mpdamagefeedback_friendlyindicator
48fd245377660052,ui/uieditor/widgets/hud/blackhat/waveformblackhat.lua
48fff0bee99d54df,ui/uieditor/widgets/reticles/launchermulti/launchermultireticle_ui3d
4900411928432cff,ui/uieditor/widgets/store/storefeaturedcenterbuttoninternal
490227b79cc1848a,lua/lobby/common/lobbycore.lua
4904460c990ef7ff,ui/uieditor/menus/demo/deletefilesharefile
49066d99cb5eddc2,ui/uieditor/widgets/barracks/zmcallingswidget.lua
4909a0f3b9bbfaa3,ui/uieditor/widgets/minimap/minimaphelperitems.lua
490a46b76c43c130,ui/uieditor/widgets/director/theater/directortheatermodeselectbuttoninternal.lua
490a494d641c0032,ui/uieditor/widgets/cac/list1buttonchooseclass
490d9ec3b8d17028,ui/uieditor/widgets/store/storeheader.lua
490f1d4acf990220,ui/uieditor/widgets/vehiclehuds/hellstorm/vhudhellstormframeright.lua
4910939d9064b10a,ui/uieditor/widgets/reticles/blackcell/blackcellinternal.lua
49167f8077ea0f3f,ui/uieditor/widgets/codcaster/codcasterloadoutselectionwild.lua
49200cc59cf5ceed,ui/utility/lobbyutility
4920b7ab045e53bd,ui/uieditor/widgets/scoreboard/wz/scoreboardmaprowheadingscontainer.lua
4931a73f6a4cc06a,ui/uieditor/widgets/zmhudwidgets/hud_zm_trial_objective.lua
4932801360411e09,ui/uieditor/widgets/pc/notifications/pc_notif_container.lua
4934d3e795785e73,ui/uieditor/widgets/vehiclehuds/gunship/vhud_gunship_ammo_dock
493547a1e84ec106,ui/uieditor/widgets/vehiclehuds/missileproximityalert
4935615788318bf4,ui/uieditor/widgets/itemshop/contracts/contractactivebanner.lua
4939447bca75089e,ui/uieditor/widgets/arena/leagueplayendranktitle
493a575a7ca17e04,ui/uieditor/widgets/health/healthbar
493c536d86e5dfd2,ui/uieditor/widgets/arena/arenarubyprogressthreewidget.lua
493ebb137be46a02,ui/utility/fileshareutility.lua
4940a28611ffd603,ui/uieditor/widgets/lobby/common/fe_buttonpanel.lua
494242ada7c129a0,ui/uieditor/widgets/zmfrontend/armory/armory_attachmentpip
49424648f61daf13,ui/uieditor/widgets/arena/arenaleagueplayrubiesdynamic.lua
494fbc5cbde7d92d,ui/uieditor/widgets/barracks/specialeventsmallrewardwidget
49505c06d12eccc1,ui/uieditor/widgets/vehiclehuds/genericpooledvehiclehealthwidget
49512f0c45263d36,ui/uieditor/widgets/pc/startmenu/voiceoptions/startmenu_options_pc_voice_voicebar_bar.lua
49580833908dc16f,ui/uieditor/widgets/vehiclehuds/mothership/vhud_ms_iris.lua
4964bf77c88dea67,ui/uieditor/widgets/codcaster/codcasterteamlogobutton.lua
4964f98242e1c7b3,ui/uieditor/widgets/aar_t8/rewards/aarrewardcontractdesc
4965f33f135781fa,ui/uieditor/widgets/backgroundframes/genericmenuframe.lua
49688dc4dfa7116f,ui/uieditor/widgets/specialist/specialistdecalselector.lua
496ef316933545b7,ui/uieditor/widgets/hud/gameendscore_wz/gameendscore_playerindentity
49700d24d8d7e33d,ui/uieditor/widgets/director/directorzmtutorialmapselectitem.lua
497380d5c4882c83,ui/uieditor/widgets/callingcards/callingcards_asset_superheroes_speed_lightning
4974fc8a43675ee7,ui/uieditor/widgets/mp/specialisthub/hubtagsset_setname.lua
497b9e98c9919b46,ui/uieditor/widgets/arena/leagueplayendrankrulesstreaks.lua
497c5d41cdace9f7,ui/uieditor/widgets/craft/emblemeditor/colorpicker/emblemeditorcolormixerbar
497e8f5f90d23e31,ui/uieditor/widgets/itemshop/blackjacksshopcardstacksunset.lua
49850eadf5beb56d,ui/uieditor/widgets/pc/togglebutton_button.lua
498f7faea863c34f,ui/uieditor/widgets/hud/movieplayback/moviesubtitles
49930a193e7a80bd,ui/uieditor/widgets/fillerwidget140_90
499d9debb5e8ab3c,ui/uieditor/widgets/startmenu/startmenu_challengesoperationtab
499dcef8c3bfb93c,ui/uieditor/widgets/aar_t8/tierreward/aartierrewarditemhighlight.lua
499e457643b3018b,ui/uieditor/widgets/hud/core_ammowidget/ammowidget_cpdatapackage.lua
499eb26c4c3ee0ac,ui/uieditor/widgets/callingcards/callingcards_wz_vehicular_master
49a6ac2795ed9f6a,ui/uieditor/widgets/aar_t8/rewards/aarclassrewardpreview.lua
49ad32182a469b46,ui/uieditor/widgets/genericpopups/dialogspinner
49b17a53aa3b9f9a,ui/uieditor/widgets/director/directorgauntletmapselectitem
49b237d501cc3529,ui/uieditor/widgets/endgameflow/finalkillcamwidget
49b5812d2d5d0c17,ui/uieditor/widgets/customgames/customgames_settingslidernocustom.lua
49b604203d6c4ff6,ui/uieditor/widgets/charactercustomization/personalizecharacter_safeareacontainer
49b84408a5b54d1d,lua/lobby/matchmaking/lobbymatchmakingcustom.lua
49bbe0011ba3f2ca,ui/uieditor/widgets/hud/wzweaponpickupholdbuttonicons
49c609a9dab4f2eb,ui/uieditor/widgets/reticles/chargeshot/chargershot_activelock
49c824755a0d3684,ui/uieditor/widgets/scoreboard/tabbedscoreboardinfostripe.lua
49ca9144bbc53197,ui/uieditor/widgets/customgames/customgames_optioncategorybutton.lua
49cc1b3e9f3a3673,ui/uieditor/widgets/codcaster/codcasterobjectivestatuslifecount.lua
49cf9442dd79297a,ui/uieditor/widgets/codcaster/directorcodcasterloadoutsettings.lua
49d4e54daff79687,ui/uieditor/widgets/warzone/warzoneinventorymenuitem.lua
49d5127f8841bb99,ui/utility/zombieutility.lua
49e2cb74f17bd44c,ui/uieditor/widgets/callingcards/loot3/ui_icon_callingcards_dystopian_character.lua
49e74ecc8ae61be5,ui/uieditor/widgets/itemshop/contractframe
49ec2ded26f14fc8,ui/uieditor/menus/craft/emblemeditor/decalgroupoptions
49ef341c462d4032,ui/uieditor/widgets/director/directorpartybarhorizontal
49f9cb86bbcc1d48,ui/uieditor/widgets/itemshop/supplychain/supplychainbumperpointers.lua
4a008488d39ce1f7,ui/uieditor/widgets/hud/gameendscore/gameendscorematchbonustitle.lua
4a0144df4170e71c,ui/uieditor/widgets/demo/demo_options_slider_control_item.lua
4a05958464730fbf,ui/uieditor/widgets/itemshop/reserves/reserveslootcasebutton
4a07994c17157adc,ui/uieditor/widgets/mphudwidgets/minimapfogofwar.lua
4a0930824fd36664,ui/uieditor/widgets/lobby/lobbysubheader
4a0a4ddc6d19c41f,ui/uieditor/widgets/itemshop/reserves/reservescontentimage.lua
4a159f78974d7a00,ui/uieditor/widgets/vehiclehuds/ground/vehicleground_hashringlarge.lua
4a18635bdb515a39,ui/uieditor/widgets/fileshare/filesharecategorycontentlistmini
4a1e2d7b19f5deb0,ui/uieditor/widgets/startmenu/startmenu_frame_nobg
4a20e6100e861cd1,ui/uieditor/widgets/vehiclehuds/dart/vhud_centercirclehorizon.lua
4a22788065de6477,ui/uieditor/widgets/lobby/mapvote/mapvotezm.lua
4a27e1db23f37c87,ui/uieditor/menus/lobby/directorfirsttimesafearea
4a280aef78bb1924,ui/uieditor/widgets/cac/equippedscorestreaklistitem.lua
4a2b54bd566bac52,ui/uieditor/widgets/hud/cp_damagewidget/damagewidgetmp_panelcontainer.lua
4a2bcf8aadb8131e,ui/uieditor/widgets/directorpublicplayerlistscontainer
4a2fce30481825ec,ui/uieditor/menus/startmenu/startmenu_options_controls_previewkeybindings
4a3bfabf4c0510c9,ui/uieditor/widgets/director/directortierskipnotificationcontractavailableinternal
4a3dbd6e630f2045,ui/uieditor/widgets/hud/map/compassawarenessringsegment
4a41c8b3a6108e6e,ui/uieditor/widgets/craft/emblemeditor/groupfractionlabel.lua
4a41f7eaf21d8371,ui/uieditor/widgets/aar_t8/tierreward/aartierrewarditemcommon.lua
4a4667926e7463a4,ui/uieditor/widgets/scoreboard/tabbedscoreboardlayouttopline.lua
4a4a7ab0f18d6539,ui/uieditor/widgets/hud/gameendscore_wz/gameendscore_matchendtimer
4a4f0aa4e3a1e010,ui/uieditor/widgets/hud/core_ammowidget/ammowidget_clipcontainervalue
4a50f7f19d295f65,ui/uieditor/widgets/pc/pc_achievement.lua
4a5277da348334f6,ui/uieditor/widgets/main/connectionlabel.lua
4a5945e5cf21be35,ui/uieditor/widgets/social/social_infopane_presence_joinable.lua
4a693da86360e253,ui/uieditor/widgets/vehiclehuds/wasp/vhud_sentinel_internal
4a6efdb3220b56db,ui/uieditor/widgets/codcaster/codcasterloadoutprimaryweapon
4a70f714d3cef98c,ui/uieditor/widgets/startgameflow/loadingscreensharedcpzm.lua
4a71ebcce13600ac,ui/uieditor/widgets/cac/customizeclassadd.lua
4a7a13e373e49761,ui/uieditor/widgets/healthbarwidget
4a7a38124f34a3d3,ui/uieditor/widgets/scoreboard/tabbedscoreboardrowright
4a80a5fb23ded7c8,ui/uieditor/widgets/gamesettings/gamesettings_zmweapons
4a8235cfc956d5a0,ui/uieditor/widgets/mp/specialisthub/hubshowcasecheckbox
4a8789418bfe8049,ui/uieditor/widgets/hud/core_ammowidget/ammowidgetmp_ultimate_progress_fillpulse.lua
4a890b5c922e3921,ui/main.lua
4a895a2fa3920fce,ui/uieditor/widgets/leaderboard/playerslistcountandmax.lua
4a8c6f5d1845bdd6,ui/uieditor/widgets/pc/startmenu/controlsoptions/pc_startmenu_options_controls_descriptionimage
4a8c8b1a1ccc45d5,ui/uieditor/menus/cplevels/mphinttext
4a90222510dbe8a6,ui/uieditor/widgets/craft/emblemeditor/stickersetbonusitem_internal
4a95a9523154190f,ui/uieditor/widgets/vehiclehuds/hawk/vhudhawkframesquare.lua
4a9bbd10345ddc05,ui/uieditor/widgets/itemshop/supplychain/supplychainstream.lua
4a9e14bd10cd3485,ui/uieditor/widgets/store/storepricecontainer
4aa09ba834c0e461,ui/uieditor/widgets/callingcards/loot2/callingcards_loot2_vikingbattles_blood01.lua
4aa929dbf7771ab0,ui/uieditor/widgets/pc/footer/footerbutton_player_emblem.lua
4aafc617b2446d0d,ui/uieditor/widgets/mp/specialisthub/mpspecialisthubtags_safeareacontainer.lua
4ab997e38dd9d195,ui/uieditor/widgets/health/healthbarpulse.lua
4aba26e5a6388a63,ui/uieditor/menus/arena/leagueplayskilldivisionrules.lua
4abbd658ce01510c,ui/uieditor/widgets/charactercustomization/wzcharacterinfocontainer
4ac0bb8eed5b40fa,ui/uieditor/widgets/pc/socialmenu/pcsocialmenu_pendingrequests
4ac2be45871b06fe,ui/uieditor/widgets/aar_t8/arena/aar_leagueplayladderwidget
4adbacbbd08f012f,ui/uieditor/widgets/footer/footerbuttondoubleprompts.lua
4ae5596aba92fc4f,ui/uieditor/widgets/startmenu/startmenu_signatureitem.lua
4ae5bd26245a45e5,ui/uieditor/widgets/zmfrontend/laboratory/laboratorylistiteminternalpurchaselimit.lua
4aebff75d2008873,ui/uieditor/widgets/hud/zm_ammowidgetfactory/zmammo_bgbringtimerfactory
4aed1ac7f246af18,ui/uieditor/widgets/pc/pc_simplevscrolllist_list
4aed888d0a6bbffc,lua/lobby/lobbyanticheat
4aefadd3a3a567d6,ui/uieditor/widgets/pc/hud/pc_seekermine_text.lua
4af3f0ec34713d92,ui/uieditor/widgets/callingcards/loot4/ui_icon_callingcards_assassin_attackerhand
4af6152d63dd7061,ui/uieditor/widgets/vehiclehuds/mothership/vhud_ms_frametopcenter
4af7615b7861a478,ui/uieditor/widgets/startmenu/startmenu_options_slider_control_item
4af761d5883b65cc,ui/uieditor/widgets/pc/startmenu/graphicsoptions/startmenu_options_pc_graphicsoptions_descriptionimage
4aff61c91cbc2694,ui/uieditor/widgets/warzone/warzoneinventoryitemgraybox
4b06ac7d487ebb93,ui/uieditor/widgets/director/directorcommonsafeareabottomandleft
4b0810588c9ad0b8,ui/uieditor/widgets/pc/startmenu/controlsoptions/pc_startmenu_options_controls_keybinder
4b0bc0335daf99ad,ui/uieditor/widgets/cac/specialistissueequipmentbacking.lua
4b0bf219219674d1,ui/uieditor/widgets/pc/socialmenu/pcsocialmenu_playerlistitem_playerinfos_invitetoparty.lua
4b0c47d85766d483,ui/uieditor/widgets/director/directorlobbyposemembers.lua
4b10e5cd828cc66e,ui/uieditor/widgets/freecursor/infopanelsubwidgets/freecursornolabelbuttonprompt
4b14ffa3c5b2cde8,ui/uieditor/widgets/mphudwidgets/bountyhunter/bountyhunterdollars.lua
4b169fe8f8ecf71e,ui/uieditor/widgets/callingcards/callingcards_asset_steampunkwarriors_gunshoteffect
4b181851d2016fd2,ui/uieditor/widgets/leaderboard/leaderboard_safeareatabs
4b1b346e32476a2e,ui/uieditor/widgets/scrollbars/horizontalcounter
4b1e8e9e151f8e9c,ui/uieditor/widgets/callingcards/callingcards_wz_insigniaechelons_master
4b1f16370250a381,ui/uieditor/widgets/warzone/warzonegamestatusindicatorlistitem
4b20339e832dc8eb,ui/uieditor/widgets/specialist/specialistpersonalizationbuttonoptioninternal
4b205cf1d1d5deaa,ui/uieditor/widgets/warzone/wzobituarycalloutcontainerkill
4b22b3c646fe41fd,ui/uieditor/widgets/codcaster/codcaster_player_portraittop_team1.lua
4b236d88d3647924,ui/uieditor/widgets/arena/arenaeventbuttons
4b2876a59ca9ca91,ui/uieditor/widgets/callingcards/callingcardprofilerxp.lua
4b353f52ed21cdb2,ui/uieditor/widgets/arena/leagueplayeventtimeinfo.lua
4b3ddb3474061519,ui/uieditor/widgets/zmfrontend/zmloadoutpreviewinfo.lua
4b404177b4eae768,ui/uieditor/widgets/tablet/tak5/tablettak5_playerhealthinfo.lua
4b4163bb331df663,ui/uieditor/widgets/pc/zm/pc_zmammo_bgbcarouselfactory_internal.lua
4b520f3bca06383b,ui/uieditor/widgets/warzone/warzonequickinventorypromptbacking.lua
4b5b62ca685f6792,ui/uieditor/widgets/arena/arenarubyprogresswidget
4b606c2b63bb56d6,ui/uieditor/widgets/hud/scoreinfo/scoreinfoprop
4b6084d9cd74f5cf,ui/uieditor/menus/hud/equipment/empgrenade/emprebootindicator
4b643850a29c0d19,ui/uieditor/widgets/mphudwidgets/waypoint_zmtrialarcade
4b672d66c458dc7f,ui/uieditor/widgets/codcaster/codcasterportraitobjectivestatus
4b69956690312a82,ui/uieditor/widgets/pc/startmenu/pc_startmenu_options_keybindmessage.lua
4b6f9e612c26d159,ui/uieditor/widgets/common/commonglowflickeranim
4b708b5a086076f9,ui/uieditor/widgets/demo/demoicons.lua
4b7247b8f2275336,ui/uieditor/widgets/warzone/warzonecasttimecontainer
4b72e629a1f04f7b,ui/uieditor/widgets/pc/startmenu/voiceoptions/startmenu_options_pc_voice_voice
4b79410dc8d1ea84,ui/uieditor/widgets/pc/startmenu/pc_highlightborder
4b820734c42a93e7,ui/uieditor/widgets/mphudwidgets/waypointcaptured.lua
4b87ed72f891a13b,ui/uieditor/widgets/pc/pc_battlenet_expanderbutton.lua
4b9369270ff3b0fb,ui/uieditor/widgets/callingcards/callingcards_asset_lightburst_animated
4b9e7c1be01567c1,lua/lobby/lobbyjoin
4ba1d45450b76e78,ui/uieditor/menus/startmenu/startmenu_options_graphics_safearea.lua
4ba4dbda9ab6d277,ui/uieditor/widgets/itemshop/reserves/reserveslootpurchasebundlebuttoncontainer
4ba4ff48d9983a63,ui/uieditor/widgets/fileshare/filesharebookmarkeditem
4bb91e1f831f506a,ui/uieditor/widgets/hud/prematchcountdown/prematchcountdown_iconglowpanel.lua
4bb9bd4f2a544847,ui/uieditor/menus/startmenu/popups/startmenu_options_codaccount_newaccount
4bbc261ecb5db7c1,ui/uieditor/widgets/hud/zm_panels/zmpanel_rndint
4bc1e5b0cfc016f3,ui/uieditor/widgets/tabbedwidgets/basictabwidget.lua
4bc369071cd70b7c,ui/uieditor/widgets/aar_t8/rewards/aartierpip
4bca51c6aad7e7ea,ui/uieditor/widgets/notifications/notificationqueuewidgets/notificationrewardqueuewidgets/notification2xpreward.lua
4bd1730eced61cd9,ui/uieditor/widgets/vehiclehuds/dart/vhud_centercirclehorizon
4bd74cabc8665e42,ui/uieditor/widgets/freecursor/freecursordetaileddescriptioncontainer.lua
4be06f4309b61a6f,ui/utility/directorutility
4be457f86919afa5,ui/uieditor/widgets/hud/zm_perks/zmperkvapormodifierframe
4be66d9365a7c497,ui/uieditor/widgets/codcaster/codcasterloadoutmoduleperk
4be8d0fc63da656a,ui/uieditor/widgets/arena/arenaleagueplayrubies.lua
4be93e93f7c0e655,ui/uieditor/widgets/aar_t8/scoreboard/aarnemesisstat.lua
4bf2f780646a3249,ui/uieditor/widgets/vehiclehuds/mothership/vhud_ms_frametopleft
4bfa6df496537181,ui/uieditor/widgets/pc/startmenu/pc_startmenu_options_list.lua
4bfae440afdc4687,ui/uieditor/widgets/hud/safeareacontainers/hud_mp_codcaster_safeareacontainer.lua
4bfc34569e3e0b1b,ui/uieditor/widgets/mphudwidgets/outofbounds/outofbounds_layoutside.lua
4bfdd9a330518b28,ui/uieditor/widgets/director/directortogglepartyfill
4c025c84612d5b5e,ui/uieditor/widgets/genericpopups/toast_bonusoutline
4c09f0048091afc5,ui/uieditor/widgets/pc/dropdown_itemlist.lua
4c0a558f234790a5,ui/uieditor/widgets/callingcards/callingcards_snakegods_asset_herosnake
4c0e5e43ea9f279d,ui/uieditor/widgets/hud/gameendscore/gameendscoreroundlistreverse
4c1516894b663f96,ui/uieditor/widgets/systemoverlays/systemoverlay_savepaintjobframe
4c185c15d3eac416,ui/uieditor/widgets/hud/safeareacontainers/hud_wz_safeareacontainer.lua
4c1b8e8afdaf81b9,ui/uieditor/widgets/social/social_infopaneleft
4c1d77a7a0df4c0d,ui/uieditor/widgets/lobby/lobbyinspection/inspectionembleminternalwidget.lua
4c1fb01b47dac728,ui/uieditor/widgets/blackmarket/contracts/bm_contractdifficultyindicator
4c28e38743b4ef50,ui/uieditor/widgets/director/directorlobbymemberclanname
4c28f92be0d05a85,ui/uieditor/widgets/codcaster/codcasterloadoutmoduleperkwildcard
4c2c8dfff6e366ae,ui/uieditor/widgets/callingcards/callingcards_replacer_smoke.lua
4c33d8a6a11ea850,ui/uieditor/widgets/mp/specialisthub/hubgesturebuttonbacking.lua
4c3a0b894dd6acaf,ui/uieditor/widgets/codcaster/codcasterloadoutsecondary
4c404de47cc3aefe,ui/uieditor/widgets/mphudwidgets/waypoint_textbg_zm
4c406e1f7d7b070f,ui/uieditor/widgets/hud/obituary/obituarycalloutexpandedcontainer
4c50f23ab4600782,ui/uieditor/widgets/hud/centerconsole/centerconsoleicon
4c57fb55d2b57791,ui/uieditor/widgets/arena/arenakillcamattackerrank
4c5ba073329f007a,ui/uieditor/widgets/pc/hud/hud_keypromptframe
4c625dbd32f58fad,ui/uieditor/widgets/vehiclehuds/gunship/vhud_gunship_flare_indicator
4c666a50dae95b2f,ui/uieditor/widgets/itemshop/supplychain/supplychaindetails_buttonpromptcontainer.lua
4c67a72ca79ac537,ui/uieditor/widgets/specialist/jumpkitselected_internal.lua
4c69463cf165fd13,ui/uieditor/menus/charactercustomization/personalizecharacter.lua
4c695a28ddbb9b87,ui/uieditor/widgets/pc/changelayerarrows.lua
4c7729aa022f61a6,ui/uieditor/widgets/warzone/warzonequickinventoryvignette.lua
4c792f6ab57549c1,ui/uieditor/widgets/challenges/challenges_tiericon
4c829ac7d797ba4c,ui/uieditor/widgets/systemoverlays/featureoverlay_button_mouseonly
4c8757924d925300,ui/uieditor/luielems/mp/mp_infect_timer.lua
4c88e2375a6f355b,ui/uieditor/widgets/pc/expander
4c8f18fe26d15f14,ui/uieditor/widgets/notifications/notificationqueuewidgets/weaponleveluptitlearrows.lua
4c94ce89e84f90d8,ui/uieditor/widgets/director/directormapvoteruleicon.lua
4c94f8a4cb170cdf,ui/uieditor/widgets/director/directorlobbymemberneverexpand
4c97aaefd8d98b01,ui/uieditor/widgets/scoreboard/tabbedscoreboardlayoutsideelements.lua
4c9b5bc029376445,ui/uieditor/widgets/scoreboard/scoreboardgamestatusplayername
4c9b6064dd80670a,ui/uieditor/widgets/aar_t8/rewards/aarclassrewardpreview
4ca094dcd374eeb6,ui/uieditor/widgets/director/theater/directortheaterstartbutton.lua
4ca194a499fa0a46,ui/uieditor/widgets/callingcards/callingcards_zm_survivalist.lua
4ca1dc89b2aa714c,ui/uieditor/widgets/pc/pc_gridhorizontalscrollbar
4ca2e217b30e8afd,ui/uieditor/widgets/warzone/wzobituaryvictim.lua
4ca4164bcbf813da,ui/uieditor/luielems/wz/prototype_self_revive
4cae4ad190d2de10,ui/uieditor/widgets/callingcards/loot2/callingcards_loot2_circusclown_fire03.lua
4caf6e3d7b941e04,ui/uieditor/widgets/hud/zm_score/zmscr.lua
4cb3c64787ae7199,ui/uieditor/widgets/wzaar/wzaarchallengereward.lua
4cba1806ea671117,ui/uieditor/widgets/craft/emblemeditor/decallistframepaintshop.lua
4cc22adc728dee9a,ui/uieditor/widgets/itemshop/reserves/reserveslootcratebutton
4cd4dbef75b3411f,ui/uieditor/widgets/callingcards/loot2/callingcards_loot2_warriorcreatures_tail
4cd70c4c18b1fbc3,ui/uieditor/menus/lobby/common/overlays/lobbyserverbrowseroverlay
4cd8d4b91f5f751a,ui/uieditor/widgets/zmfrontend/armory/armory_attachmentslotcontainer
4ce83f56fd9ff233,ui/uieditor/widgets/systemoverlays/systemoverlay_seasonpassupsellframe
4cebbbd9d9d61e8f,ui/uieditor/widgets/codcaster/codcasterloadoutsecondaryweapon
4cefc93daa30a971,ui/uieditor/widgets/barracks/specialeventlargerewardwidget.lua
4cf05df8e6110793,ui/uieditor/widgets/codcaster/playerlistrowhealthvalue
4cfca1ac128f722a,ui/uieditor/widgets/zmfrontend/directorzmtrialsinfodescription
4cfe83a6b7e9439e,ui/uieditor/widgets/health/healthinfozm.lua
4d0018f5bdb9c718,ui/uieditor/widgets/wzaar/wzaarblur
4d0268d71c916877,ui/uieditor/widgets/fileshare/selectedfilminformation
4d038722d0aefd00,ui/uieditor/widgets/lobby/lobbyinspection/lobbyplayerinspectionplayerlevel
4d075690d2011564,ui/uieditor/luielems/mp/mp_prop_timer.lua
4d0aecccd5b83311,ui/uieditor/widgets/reticles/tak5/tak5reticlebracketruler
4d10cb20faec701c,ui/uieditor/widgets/hud/scoreinfo/scoreinfo_timerblur.lua
4d133fa76557700d,ui/uieditor/widgets/director/directorfixedwidthheading.lua
4d1b7bf5d6dce5d7,ui/uieditor/widgets/craft/paintshop/paintshopcontrolsfull.lua
4d1d9a277810c423,ui/uieditor/widgets/callingcards/callingcards_futureracing
4d202de7f8b725f0,ui/uieditor/widgets/hud/core_ammowidget/ammowidgetequipmenttext.lua
4d22f737ab7574f0,ui/uieditor/widgets/itemshop/itemshopcycleprompts.lua
4d24ad70ad5d8f6b,ui/uieditor/widgets/vehiclehuds/tank_robot/vhud_tank_robot_framesquare.lua
4d3212b8860dc27e,ui/uieditor/widgets/lobby/common/fe_listheader
4d34aaf36529cc4b,ui/uieditor/widgets/challenges/challenges_totalmasterprogress.lua
4d38dc5692489592,ui/uieditor/widgets/director/directorpartybarhorizontal.lua
4d3ad8b6812f6d2c,ui/uieditor/actions_helper
4d3d78e2188aee5a,ui/uieditor/widgets/director/directorstagespulsing.lua
4d40eee3bc3618cf,ui/uieditor/widgets/mp/specialisthub/hubstatsbutton.lua
4d4d452563872b67,ui/uieditor/widgets/zmfrontend/laboratory/laboratorymixagainbutton_internal
4d4d541ac8e8a86f,ui/uieditor/widgets/itemshop/itemshoptitleanddesc.lua
4d52df5be850a94f,ui/uieditor/widgets/keyboardtextfieldinputcontainer.lua
4d567dad3d4f87ba,ui/uieditor/widgets/mphudwidgets/bountyhunter/bountyhunterbuyinternal
4d572649e0d42d91,ui/uieditor/widgets/hud/zm_fx/zmfx_flsh1
4d5c930d2fd55eb0,ui/uieditor/widgets/aar_t8/merit/meritoverlaymanuallayoutverticalbg
4d62b94154559270,ui/uieditor/menus/lobby/entitlementpopupereg.lua
4d643b71542c63bf,ui/uieditor/widgets/pc/freecursor/freecursorheaderlabelpc
4d6907ad115e63e7,ui/uieditor/luielems/wz/vehicleturretoverheat.lua
4d6db095f3f5369e,ui/uieditor/widgets/hud/core_ammowidget/ammowidgetmp_ultimate_progress_pulse.lua
4d7838b7da4da32f,ui/uieditor/widgets/cac/loadoutclassitem.lua
4d799e1bd0204261,ui/uieditor/widgets/common/commonlistbuttonshort.lua
4d79d5afc8291292,ui/uieditor/widgets/vehiclehuds/attackhelicopter/vhud_attack_helicopter_reticle.lua
4d7cea2ac6b61038,ui/uieditor/widgets/lobby/localserverplayerlistrow.lua
4d7cf0562a7f3cf9,ui/uieditor/widgets/tablet/swipetak5/swipetak5_characterportrait
4d80a7d996408eac,ui/uieditor/widgets/callingcards/callingcards_asset_jaw01
4d80aad9964093c5,ui/uieditor/widgets/callingcards/callingcards_asset_jaw02
4d83cefe7979a0c3,ui/utility/arenarunutility
4d87c49c9b22ab64,ui/lui/luitext.lua
4d8f736b761c78e3,ui/uieditor/widgets/blackmarket/smokewidget.lua
4d8fa1040b4fe993,ui/uieditor/widgets/zmhudwidgets/hud_zm_playerdeadmarker
4d9107537d9e5739,ui/uieditor/widgets/leaderboard/leaderboard_gamemodebutton_internal
4d93d55bb6418607,ui/uieditor/widgets/pc_vscrolllist
4d992594a67b1de5,ui/uieditor/widgets/codcaster/codcasterloadoutmoduleprimarywildcard.lua
4d9aa3b65d03dbea,ui/uieditor/widgets/itemshop/supplychain/discountdetailswidget
4dac377949e17e89,ui/uieditor/widgets/startmenu/startmenu_barracks
4dadb11e1c159899,ui/uieditor/widgets/cac/loadoutclassitemzombie
4daebe2fee039529,ui/uieditor/widgets/mphudwidgets/thrustmeter/thrustmeterdots
4db628e142a84bfa,ui/uieditor/widgets/hud/buttonprompt3dcpzm_usebuttonicon.lua
4dba761763bfd768,ui/uieditor/widgets/vehiclehuds/hellstorm/vhud_hellstorm_speedwidget
4dbb04b55fa27ac6,ui/uieditor/widgets/cac/newbreadcrumbcount
4dbe5fe2d5cb3e8a,ui/uieditor/luielems/mp/laststand/mp_laststand_client
4dc058fc242e053a,ui/uieditor/widgets/gamesettings/gamesettings_matchsettingsinfo
4dc10bc5d17d008e,ui/uieditor/widgets/hud/core_ammowidget/ammowidgetmp_ability_flare.lua
4dc269f8d53f7f20,ui/uieditor/widgets/director/directorexpandedlobbymember
4dc5f88064ad3abd,ui/uieditor/widgets/vehiclehuds/vhud_layoutplusgrid.lua
4dd09a0001b0ff37,ui/uieditor/widgets/demo/lightmancolorelement
4de039829a2f4ec4,ui/uieditor/widgets/craft/emblemeditor/emblemsafeareacontainer
4dee0d60cf1c6598,ui/uieditor/menus/social/social_inviteplayerspopup
4df022301c770a0b,ui/uieditor/widgets/vehiclehuds/agr/vhud_agr_notificationmissiles
4df4a90d31a16db6,ui/uieditor/widgets/director/directortogglepartyfillclientinternal.lua
4df55cb39b6ff10b,ui/uieditor/widgets/hud/core_ammowidget/ammowidget_ctfflag
4df62a22c196a59e,ui/uieditor/widgets/scoreboard/zm/scoreboardcolheaderszm.lua
4dfa00237b173064,ui/uieditor/menus/wz/wzpersonalizecharactermain
4e0107bca9a5c178,ui/uieditor/widgets/hud/mp_voipwidget/voip_entry.lua
4e07e8b02587429d,ui/uieditor/widgets/cac/wildcardloadoutlistitem
4e07fd8a558b969a,ui/uieditor/luielems/wz/death_zone.lua
4e09a2a0b4b219e0,ui/uieditor/widgets/startmenu/startmenu_quitbuttonfill.lua
4e0b14d37d6f53db,ui/uieditor/widgets/startgameflow/loadingscreentalkercontainercpzm
4e0cbb93ef902c13,ui/uieditor/widgets/competitive/competitiveoverviewproserie.lua
4e0de7515370db38,ui/uieditor/widgets/mphudwidgets/gametypescoreinfo/hardpointobjectivenotification.lua
4e106dd7e1189ae6,ui/uieditor/widgets/codcaster/codcasterteamidentitysettingscontainer
4e113f326efe4f55,ui/uieditor/widgets/common/common_cappedline
4e1163a92db0ebf0,ui/uieditor/widgets/scoreboard/tabbedscoreboardstatbox.lua
4e1544175823378a,ui/uieditor/widgets/scoreboard/wz/scoreboardgamestatusmapwz.lua
4e181f9ba51cb7e8,ui/uieditor/widgets/zmfrontend/zmaartrialtime
4e18fecd6784bdc4,ui/uieditor/luielems/zm/zm_location
4e190f4b268426c1,ui/uieditor/widgets/wzaar/wzaar_paintcans
4e1a4ff2280da16d,ui/uieditor/widgets/scoreboard/wz/scoreboardmapcolumnheadingscontainer
4e256dbba1f5b8d7,ui/uieditor/widgets/hud/scoreinfo/scoreinfo_scorecontainer_internal.lua
4e28f49355328b81,ui/uieditor/widgets/reticles/launchermulti/launchermultireticle_ui3d_internal
4e2ecedbb00c2e1b,ui/uieditor/menus/charactercustomization/personalizedefaultwzcharacter
4e2f0b23eae2300b,ui/uieditor/widgets/cac/weaponvariants/weaponvariantpipfocus
4e30ee6827c29011,ui/uieditor/widgets/pc/startmenu/graphicsoptions/startmenu_options_pc_graphicsoptions_descriptiontextbox.lua
4e327b7f03479680,ui/uieditor/widgets/arena/leagueplayskilldivisionrankbacking
4e38f7efbca64ac5,ui/uieditor/widgets/vehiclehuds/hellstorm/vhud_hellstorm_notificationarmed
4e397f5eaf4c4b3c,ui/uieditor/widgets/vehiclehuds/ground/vehicleground_irisoutterdigi.lua
4e39d91b0e4fa096,ui/uieditor/widgets/zmfrontend/armory/armory_attachmentcontainer.lua
4e3ac78bcb84df40,ui/uieditor/widgets/mp/specialisthub/mpspecialisthubtags_tagsetsframe.lua
4e3be79df0c2cf28,ui/uieditor/widgets/lobby/common/vodviewerfootercontainer
4e3c4faa7d21a5ee,ui/uieditor/widgets/hud/cancelchargeshot
4e3ee85746760e09,ui/uieditor/widgets/notifications/playercard/playercard_callout
4e41af73729601d6,ui/uieditor/widgets/header/header_container_frontend
4e42dccecf52b9e4,ui/uieditor/widgets/director/directormapselectitem.lua
4e4ad191e434eeba,ui/uieditor/widgets/arena/arenainfotabteams
4e4f3618aad5a562,ui/uieditor/widgets/pc/notifications/pc_notif_background
4e4fa012cf222ce4,ui/uieditor/widgets/hud/obituary/obituarycalloutcontainer.lua
4e504e72ff32d634,ui/uieditor/widgets/vehiclehuds/vehicleseatconfig
4e53afc59e46f2aa,ui/uieditor/menus/cac/popups/classselectslideoutpopup
4e582b7357923563,ui/uieditor/widgets/systemoverlays/systemoverlay_compact_layout
4e5a6c0188159294,ui/uieditor/widgets/startmenu/startmenu_stenciledconnectionmeter.lua
4e62f9ce75b5e6b9,ui/uieditor/widgets/motd/motd_bannercontainer
4e757ecab77bdc64,ui/uieditor/widgets/itemshop/supplychain/supplychainbumperpointers
4e7f0248234c3363,ui/uieditor/widgets/demo/demobuttonprompt.lua
4e7f6b39a66d621f,ui/uieditor/widgets/arena/gauntlet/arenagauntletlosstracker
4e80af213f3caa57,ui/uieditor/widgets/director/directorzmtutorialselectitem
4e80c8d47b23e723,ui/uieditor/widgets/scoreboard/zm/scoreboardrowrush
4e84d0a16d8f5157,ui/uieditor/widgets/aar_t8/rewards/aarrewardheader_zm.lua
4e85f161b981e4c0,ui/uieditor/widgets/hud/zm_ammowidget/ammowidgetzm_weaponimage.lua
4e964f5f35f52d09,ui/uieditor/menus/startgameflow/loading_wz_splitscreen.lua
4e97e0c036af7c45,ui/uieditor/widgets/cac/specialistissueequipmentwidgetinternal.lua
4e983712ed0b95d3,ui/uieditor/widgets/director/directorfindgameplaylistinfotimed2xp
4ea0c3c7ba838f1e,ui/uieditor/widgets/callingcards/callingcards_asset_fish_donut.lua
4ea505f3f55d5ab6,ui/uieditor/widgets/entitylockon/grenadewarning.lua
4ea6611127965072,ui/uieditor/widgets/hud/core_ammowidget/ammowidgetzm_weaponlistpip
4ea73ee44d19ea23,ui/uieditor/widgets/vehiclehuds/mothership/vhud_ms_statuswidgetleft.lua
4eb6a4235fe84cf9,ui/uieditor/widgets/vehiclehuds/mothership/vhud_ms_notificationseatingtop.lua
4eb7ef37e07a3175,ui/uieditor/widgets/codcaster/playerlistrowvalue.lua
4eb82daf94e69f7d,ui/uieditor/widgets/pc/pc_achievement_container.lua
4eb99772b0ab062f,ui/uieditor/widgets/zmhudwidgets/inventory/zminvnonlinearobjectprogressring.lua
4ebc62bcd5e56686,ui/uieditor/widgets/hud/core_ammowidget/ammowidget_abilitytextzm.lua
4ec07622a7f2e74e,ui/uieditor/widgets/cac/weaponattachmentselect/weaponattachmentcontainer
4ed0bcba9d999e0f,ui/uieditor/menus/core_frontend_require.lua
4ed1c7fe96fb566f,ui/uieditor/widgets/reticles/chargeshot/chargershot_activelock.lua
4edf74c078d01a26,ui/uieditor/widgets/zmfrontend/cac/zmattachmentslot
4edfcb5a2b5b62e4,ui/uieditor/widgets/pc/pc_simplevscrolllist_list.lua
4ee1288272519944,ui/uieditor/widgets/hud/core_ammowidget/ammowidget_prompt.lua
4eece2ec012779d1,ui/uieditor/widgets/mphudwidgets/overheadname_wz_nameandnumber
4eed4c0ab4620027,ui/uieditor/widgets/genericpopups/toastnotification.lua
4efa8a4b4cd2668b,ui/uieditor/conditions_helper
4efe9bf8b8595228,ui/uieditor/widgets/pc/bnetstore/pc_bnetstore_background.lua
4eff78026a683bfd,ui/uieditor/widgets/startmenu/options/pc_startmenu_options_registrationform
4f00a4c7be0eddac,ui/uieditor/menus/lobby/entitlementpopupereg
4f00ee5237577857,ui/uieditor/widgets/competitive/competitiveoverviewproserie
4f0219c13bf6491c,ui/uieditor/widgets/codcaster/codcasterplayerlist.lua
4f02462d210e1771,ui/uieditor/widgets/warzone/warzonesplitinventory_pc_imagebutton
4f027a1f1c4219b3,ui/uieditor/widgets/vehiclehuds/hawk/vhudhawkweaksignal
4f0453dceb9b704d,ui/uieditor/widgets/pc/bnetstore/pc_bnetstore_giftbutton_texts.lua
4f05cda2fed2d9c8,ui/uieditor/widgets/pc/openbutton
4f05ce99c62baa19,ui/uieditor/widgets/director/directorselectglowtab
4f06de25bce86377,ui/uieditor/widgets/startmenu/wz/startmenu_inventorydualweapons
4f07aff54d58ddfe,ui/uieditor/widgets/hud/inputprompt
4f12de8d76142ccd,ui/uieditor/widgets/warzone/warzoneinventorymenuitemattachmentsmall
4f13c3cfcae3a2d7,ui/uieditor/widgets/mp/specialisthub/mpspecialisthubtags_tagframe
4f15df90e524cb00,ui/uieditor/widgets/callingcards/callingcards_replacer_cars2.lua
4f16fa4b2242d6cf,ui/uieditor/widgets/warzone/wzobituarycallout.lua
4f1758302dd0c15e,ui/uieditor/widgets/cac/loadoutclassitemcontainer.lua
4f18bd7b416c6194,ui/uieditor/widgets/cac/cacheader.lua
4f1aacce69d9f657,ui/uieditor/widgets/notifications/notificationqueuewidgets/notificationrewardqueuewidgets/notification2xpblackmarketreward.lua
4f1eadda0b2ffd89,ui/uieditor/widgets/director/directortogglepartyfillinternal
4f1f033e12fe78d8,ui/uieditor/widgets/common/commonlistbuttongenericlong
4f204c651fb5cc80,ui/uieditor/widgets/callingcards/callingcards_asset_skelladog_eyeglow
4f2d1a483313445c,ui/uieditor/widgets/arena/arenalobbybuttontext
4f310a346eaa2da6,ui/uieditor/widgets/vehiclehuds/hawk/vhudhawkweaksignalwarningtext.lua
4f39a239c78f28ae,ui/uieditor/widgets/demo/demosidebarbuttoninternal.lua
4f3b958c51de713f,ui/uieditor/widgets/itemshop/contracttall
4f478c5965b881bd,ui/uieditor/widgets/lobby/lobbyinspection/inspectionembleminternalwidget
4f5017013e50a29d,ui/uieditor/widgets/wzaar/wzaar_meritflare.lua
4f5e1dce43cc9eb3,ui/uieditor/widgets/cac/weaponselect/weaponselectgriditeminternal
4f5fc069b41ddebe,ui/uieditor/widgets/demo/demoplaybackcontrols
4f62fe5921974a61,ui/uieditor/widgets/hud/zm_ammowidgetfactory/zmammo_bgbcarouselfactory_cooldownglow.lua
4f66f06194b05410,ui/uieditor/widgets/vehiclehuds/mothership/vhud_ms_framebottomright.lua
4f6ad2204228134e,ui/uieditor/widgets/warzone/warzonequickinventoryvignette
4f6d7fd760089bd7,ui/uieditor/widgets/mphudwidgets/outofbounds/outofbounds_layouttop
4f7139f69731b8c1,ui/uieditor/menus/itemshop/caseexchangecontractconfirmation
4f7585214bf5a750,ui/uieditor/menus/aar_t8/aar_t8_zm.lua
4f7b7d876a01ee24,ui/utility/bountyhunterutility.lua
4f80f5f5cd2933b6,ui/utility/lootcontractsutility
4f81db9b0562b22d,ui/uieditor/widgets/lobby/mapvote/mapvoteitem.lua
4f826b9e108697fc,ui/uieditor/widgets/demo/demo_options_slider
4f827e95298c3b3c,ui/uieditor/widgets/mphudwidgets/outofbounds/outofbounds_alert_icon.lua
4f841dd83b370a80,ui/uieditor/widgets/challenges/challenges_category_buttoninternal
4f857501586f08c2,ui/uieditor/widgets/codcaster/codcasterplayerlistheaderobjectivecolumn.lua
4f8d92c0f20bd8f6,ui/uieditor/widgets/zmhudwidgets/inventory/zminvchallengesinternal
4f8db2063f73b388,ui/uieditor/widgets/notifications/xp/doublexpiconsleftaligned
4f8f7ae1efb2887b,ui/uieditor/widgets/borderthin.lua
4fa3f15fd69b38b3,ui/uieditor/widgets/blackmarket/bm_goldbarmed
4fae10f8f7b81b93,ui/uieditor/widgets/leaderboard/leaderboard_gamemodebutton.lua
4fb1c440c97a205a,ui/uieditor/widgets/borderbakedsolid.lua
4fb23dc815b639ef,ui/uieditor/widgets/director/directorcustomstartbuttoncontainer.lua
4fb2a50f7282d0bf,ui/uieditor/widgets/mphudwidgets/waypointbomb_timer
4fbc37d5639d4910,ui/uieditor/widgets/aar_t8/rewards/aartieritem
4fc3d0b76d52d5a8,ui/uieditor/widgets/zmhudwidgets/inventory/zminvobjectiveprogressitem.lua
4fc6f7e9165ce25e,ui/uieditor/menus/itemshop/purchasenodupecrate
4fc763f0fcc80464,ui/uieditor/widgets/callingcards/callingcards_prestige_efficiency_master
4fc928f184b41e41,ui/base.lua
4fce19f806327ec5,ui/uieditor/widgets/vehiclehuds/tank_robot/vhud_tank_robot_target_status.lua
4fd1645a19dc422b,ui/uieditor/widgets/hud/zm_score/zmscr_listingsm
4fd509ab0b01a4a6,ui/uieditor/widgets/gamesettings/gamesettings_characters
4fd5152eca4216bf,ui/uieditor/widgets/specialist/specialistoutfitentryicon.lua
4fd6f63331ef6fb6,ui/uieditor/widgets/notifications/notificationqueuewidgets/notificationrewardqueuewidgets/notification2xpweaponreward.lua
4fe005c6604a929b,ui/uieditor/widgets/lobby/lobbyinspection/inspectionplayerlist
4fe16b77b2806c74,ui/utility/aarutilityzm
4fe3af66c4ae8359,ui/uieditor/widgets/hud/core_ammowidget/ammowidget_cleantacoscounttext.lua
4fe68d80864c9297,ui/uieditor/widgets/cac/menuchooseclass/itemwidgets/itemhinttext.lua
4fe7d2635b839f62,ui/uieditor/widgets/mphudwidgets/stuck
4feb119e7f341ccc,ui/uieditor/luielems/zm/zm_hint_text.lua
4feb97a42d076e79,ui/uieditor/widgets/store/upsellbanner_internal
4ff95a77b294e172,ui/utility/aarutilitycp
4ffc2c7e4adad795,ui/uieditor/widgets/cac/cactexttab
4ffe7666991d2a86,ui/uieditor/widgets/zmhudwidgets/hud_zm_trial_roundinfotext
50000a5f9f044d0e,ui/uieditor/widgets/aar_t8/tierreward/aartierrewarditemglowanimationlegendary.lua
50006ed4800d1898,ui/uieditor/luielems/mp/ct_shared_ingame_objective.lua
50015cf0433a6b0b,ui/uieditor/widgets/director/directorlobbymemberinternalcardneverexpanded.lua
50043a082d45760a,ui/uieditor/widgets/systemoverlays/featureoverlay_button_container.lua
500e3efc70851381,ui/uieditor/widgets/director/directorpublicwzplaybutton
500ffc1d029868ae,ui/uieditor/widgets/startmenu/options/pc_startmenu_options_signinform
5014999ad4356466,ui/uieditor/widgets/vehiclehuds/hellstorm/vhud_hellstormring
50178930888d0d72,ui/uieditor/widgets/lobby/common/fe_buttonpanelshader.lua
501801e1cb1abba2,ui/uieditor/widgets/tablet/tak5/tablettak5_linkall
501d5b31c4342685,ui/uieditor/widgets/vehiclehuds/ground/vehicleground_hashtextinternal.lua
501d75fb22df4e8e,ui/uieditor/widgets/aar_t8/rewards/aarstepitem.lua
501dbcca446f81ba,ui/uieditor/widgets/craft/emblemeditor/stickersetbonusdecal.lua
501e31f6b0fbfa4b,ui/uieditor/widgets/hud/proximityalarm/proximityalarm_internal
50200e0f7e16d533,ui/uieditor/widgets/itemshop/discounttiersnumber
5023ec83930548e6,ui/uieditor/widgets/craft/emblemeditor/emblemlayer
50277b9247982af5,ui/uieditor/widgets/hud/buttonprompt3d/requirementlabel
502bad6fbafef4fa,ui/uieditor/widgets/wzaar/wzaar_meritbreakdown
503195d3ca15044e,ui/uieditor/widgets/blackmarket/tag_iteminfopanel
5035b66ee3d75485,ui/uieditor/widgets/craft/emblemeditor/stickersetdecal_internal.lua
5037868f7f645bf0,ui/uieditor/widgets/reticles/chargeshot/chargershot_reticle_side
5039a75111725556,ui/uieditor/widgets/social/social_partylist
5039f75a06ebb692,ui/uieditor/widgets/aar_t8/levelup/aarlevelupoverlay_levelupbg.lua
503d441c1e3b9b72,ui/uieditor/widgets/callingcards/callingcards_zm_zombie_hunter_08.lua
503e5e2d573b37ba,ui/uieditor/widgets/cac/weaponattributestat
503fabfb93c00af6,ui/uieditor/widgets/hud/equipment/blackhat/hackingbar.lua
503fc32868f1386f,ui/uieditor/widgets/vehiclehuds/attackhelicopter/vhud_attack_helicopter_internal.lua
5041d7d5a6d89c79,ui/uieditor/widgets/reticles/mp/tempestreticleinternal
504a3a687c045d90,ui/uieditor/widgets/lobby/lobbyinspection/inspectionrankwidget
504c0215205a66da,ui/uieditor/widgets/director/directorlobbymemberinternal.lua
504c210fe8ce17a4,ui/uieditor/widgets/cac/weaponvariants/weaponvariantpipinternal.lua
504c55d3fffbb2d3,ui/uieditor/widgets/mphudwidgets/gametypescoreinfo/scorenotificationwaypoint.lua
504d7d7b08e1c6bc,ui/uieditor/widgets/aar_t8/summary/aarpaintcansstat
5050e15ee91a896e,ui/uieditor/widgets/notifications/xp/doublexppromotionalicon.lua
505fae8c930eab8f,ui/uieditor/widgets/itemshop/supplychain/streamitembonuswidget
5065f397fd663cc8,ui/uieditor/widgets/vehiclehuds/hellstorm/vhud_hellstorm_notificationcluster.lua
50662766a1c1ca1e,ui/uieditor/widgets/endgameflow/killcamplayercard
506eec4ba7b84fef,ui/uieditor/luielems/core/remote_missile_target_lockon
50708771ce7607f6,ui/uieditor/widgets/callingcards/callingcards_specialistzombies.lua
5070f1229dabae38,ui/uieditor/widgets/pc/dropdown_listitem_leftalign
5072db0ff3759607,ui/uieditor/menus/arena/leagueplayskilldivisionrules
507c5dc5033dac96,ui/uieditor/widgets/hud/mphinttextcontainer.lua
50821d7af0ff7951,ui/uieditor/widgets/mp/specialisthub/hubtagbonusbutton_internal.lua
50831a716a827db9,ui/uieditor/menus/craft/paintshop/paintshopchooseicon.lua
508d36f4d80de43e,ui/uieditor/widgets/directorselect.lua
509315083cc86cb2,ui/uieditor/widgets/itemshop/blackjacksshopframesunset.lua
509a7b2bf96b27b2,ui/uieditor/widgets/mp/specialisthub/hubspecialist_characternewitem.lua
509cac54b62e901b,ui/uieditor/widgets/itemshop/reserves/reserveslootcasebutton.lua
50a2c4a319ea5353,ui/uieditor/widgets/lobby/common/fe_titlenumbrdr
50aab526bc08a2c0,ui/utility/startmenuutility.lua
50ad993eba4cc581,ui/uieditor/widgets/itemshop/reserves/reservesskiprevealprompt
50b1e89339e4b129,ui/uieditor/widgets/director/directorfullscreenblack.lua
50b9201b5b961430,ui/uieditor/widgets/reticles/tak5/tak5reticle_lockon
50b9fafbc0784b3b,ui/uieditor/widgets/vehiclehuds/vehicleholdswitchseat.lua
50be3b0c7f4b5db2,ui/uieditor/widgets/startmenu/wz/startmenu_inventorydescription.lua
50bfd1bbf6cb96ea,ui/uieditor/widgets/callingcards/callingcards_asset_pirates_flag.lua
50c6d15bf274e0fa,ui/uieditor/luielems/zm_laststand/self_revive_visuals
50c96d4b23131191,ui/uieditor/luielems/zm/zm_towers_pap_hud
50d1ddb25baaeb55,ui/uieditor/widgets/callingcards/callingcards_invasion.lua
50d208ed8856113b,ui/uieditor/widgets/zmhudwidgets/hud_zm_rushcontainer.lua
50d288f163475f28,ui/uieditor/widgets/social/social_infopane
50d6ed3ff89b4c44,ui/uieditor/widgets/director/directorverticalpartylistcustom.lua
50dc6c419dfc9b2b,ui/uieditor/widgets/mphudwidgets/scorepopup/mpscr_pluspointscontainer.lua
50e292dbaeebdb61,ui/uieditor/menus/cac/wildcardcapacity.lua
50e8dbd840828bc3,ui/uieditor/widgets/warzone/warzoneinventorymenuitem
50ee9616289f73e0,ui/uieditor/widgets/callingcards/callingcards_loot_cowboyandmonsters.lua
50eeb06681e7266d,ui/uieditor/widgets/pc/socialmenu/pcsocialmenu_playerslist.lua
510239005cc36b68,ui/uieditor/widgets/blackmarket/contracts/bm_activecontractitemrewardscontainer
5110e986e11c842b,ui/uieditor/widgets/startmenu/startmenu_options_buttonaction
5111ec5f37f9e18f,ui/uieditor/widgets/lobby/common/fe_imagea
511300c7464dd335,ui/uieditor/widgets/store/store_featuredframe
511a80a547c422c0,ui/uieditor/widgets/systemoverlays/systemoverlay_freecursor_full_layout.lua
5120be33e8db7143,ui/uieditor/widgets/emptyfocusablenoyield.lua
5121cf3ece116bc3,ui/uieditor/widgets/scoreboard/scoreboardgamestatus.lua
51227ca3bac54971,ui/uieditor/widgets/warzone/wzobituarycalloutexpandedcontainer
5125bdc86bbab0bf,ui/uieditor/widgets/aar_t8/merit/meritoverlayboardwithmedals
5127dca51df8f7c7,lua/shared/codshared
5131d34d6abd22fe,ui/uieditor/widgets/craft/paintshop/paintjobselector
51342e13a543993d,ui/uieditor/widgets/pc/socialmenu/pcsocialmenu_playersearchbox.lua
51394ddd62521a44,ui/uieditor/widgets/callingcards/callingcards_professional_master.lua
513fbd030c2dce8b,ui/uieditor/widgets/craft/slotsusedwidget.lua
514098e4f34a34cf,ui/uieditor/widgets/itemshop/supplychain/supplychainitemreveal.lua
514b0122e75045ef,ui/uieditor/widgets/callingcards/callingcards_asset_vilains
514d8c528b28bbcf,ui/uieditor/widgets/hud/mp_scorestreakwidget/scrstk_container
515141e2b88e4f39,ui/uieditor/widgets/hud/core_ammowidget/ammowidget_abilityglow.lua
5157b722cd7ed432,ui/uieditor/widgets/vehiclehuds/mothership/vhud_ms_reticlelinehostlr.lua
515940ad1a20c27c,ui/uieditor/widgets/mphudwidgets/prestigerewards/prestigerewardwidget_ui3d
515cf4f01e6aec35,ui/uieditor/widgets/barracks/specialeventprogresspip
516d23e02eaa341c,ui/uieditor/widgets/lobby/missingdlcnotification_textinternal.lua
517022aba63b05bf,ui/uieditor/widgets/startmenu/startmenu_barracks_wz_winrecordwidget.lua
5170894c2be18f57,ui/uieditor/widgets/zmhudwidgets/rush/rush_gameover_scoreboard
51713d0449f449af,ui/uieditor/widgets/vehiclehuds/agr/vhud_agr_notificationbox.lua
5172ebfa9a1d2af0,ui/uieditor/widgets/genericpopups/gp_framebackgroundt
517c02756d343654,ui/uieditor/widgets/itemshop/weaponbribepreview
517f5670b94bc258,ui/uieditor/widgets/mp/specialisthub/hubtagpreview.lua
51821ee1b0ffb828,ui/uieditor/widgets/vehiclehuds/hellstorm/vhudhellstormframealtitude.lua
5189db42984e831b,ui/uieditor/widgets/customgames/customgames_mapmodeinfo
5189eba8ab57c9c9,ui/uieditor/widgets/itemshop/reserves/blackjackreserveframe.lua
518cfde096933f27,ui/uieditor/widgets/blackmarket/contracts/bm_activecontractxpreward.lua
518ebe9084d30e20,ui/uieditor/menus/blackmarket/blackjackreservereveal.lua
519825e759c0fc6c,ui/uieditor/menus/zm/laboratory
519894a2feee315e,ui/uieditor/widgets/codcaster/codcasterplayerlistrowwidgettextinternal.lua
51a063cf71f3a1f9,ui/uieditor/widgets/warzone/warzoneinventoryunlockmissionobjectivebg
51adb7a039c010da,ui/uieditor/widgets/aar/medalstab/medalpreviewwidget
51ae3646e9c07675,ui/uieditor/widgets/craft/emblemeditor/layericon
51ae3c2676d80d4a,ui/uieditor/widgets/pc/pc_scrollup
51b66f971ffa1f09,ui/uieditor/widgets/common/commoncenteredpopup
51b6cbbf928daf6d,ui/uieditor/widgets/zmfrontend/laboratory/laboratoryoffernameanddescriptionbackground
51bb24451f208186,ui/uieditor/widgets/codcaster/codcasterloadoutprimaryattachment
51c39f4f4eece898,ui/uieditor/menus/hud/hud_mp.lua
51c537764093e4aa,ui/uieditor/widgets/itemshop/itemshopbuttonframe.lua
51c61918e91d914e,ui/uieditor/widgets/hud/core_ammowidget/ammowidgetwz_weaponimage.lua
51ca260ea6c0add3,ui/uieditor/widgets/arena/arenakillcamplayerrank.lua
51cc8dfa1272eafa,ui/uieditor/luielems/mp/ct_shared_objcounter
51ccb196749e20f5,ui/uieditor/widgets/mphudwidgets/thrustmeter/thrustmeter.lua
51cd7f68136f9cc0,ui/uieditor/widgets/zmfrontend/laboratory/zm_laboratorydescriptiondividersecondary
51cff9ab810ca0ce,ui/uieditor/widgets/social/social_rankiconandranklargecontainer
51d73cbbba52ee57,ui/uieditor/widgets/reticles/tak5/tak5reticle_internal
51db6003e50fee47,ui/uieditor/widgets/social/social_managepartyplayerbuttoninternal.lua
51e10bd8956012bd,ui/uieditor/widgets/mp/specialisthub/mpspecialisthubtags_safeareacontainer
51e49bf76681d2a3,ui/uieditor/widgets/mp/specialisthub/hubgesturebutton
51e4bb0463370c80,ui/uieditor/widgets/notifications/xp/doubleweaponxpicon.lua
51e6b0f5445ff806,ui/uieditor/widgets/cac/weaponattachmentselect/generalattachmentcontainer
51e74a768538dccd,ui/uieditor/widgets/vehiclehuds/dart/vhud_dart_frameleft.lua
51ebadca8da35c8a,ui/uieditor/widgets/systemoverlays/systemoverlay_compact_basicframe.lua
51ec0601844b8044,ui/uieditor/widgets/itemshop/supplychain/purchasehighlight.lua
51ed1b9d669b6ebc,ui/uieditor/widgets/hud/fadingskipprompt.lua
51ef1acf9b83b713,ui/uieditor/widgets/pc/startmenu/graphicsoptions/startmenu_options_pc_graphicsoptions_description.lua
51f053dca57126cf,ui/uieditor/widgets/hud/core_ammowidget/ammowidgetwzarmorshardunavailable_pc.lua
51f3dba742640cfa,ui/uieditor/widgets/health/healcooldown
51f7f0c99a2e5510,ui/uieditor/widgets/cac/loadoutclassitemcontainerzombie.lua
5200cc3723d023df,ui/uieditor/widgets/aar_t8/rewards/aarchallengereward
5201d12640c58aa7,ui/uieditor/widgets/vehiclehuds/turret/vhud_turret_reticle_center
5203538cb29e5bca,ui/uieditor/widgets/hud/core_ammowidget/ammowidget_specialistescalation
5207aa5a07da04b3,ui/uieditor/widgets/aar_t8/rewards/aarcurrencyitem
5209a8467f45b10a,ui/uieditor/widgets/scoreboard/wz/scoreboardmapwz
520a59255e4b7506,ui/uieditor/widgets/customgames/customgames_catgeorytabs
520b3eeae9b7d557,ui/uieditor/widgets/director/directormapandgametypeinternal
520fce46fd80b2ae,ui/uieditor/widgets/zmhudwidgets/inventory/zminvquestitem.lua
5210035dd09d722c,ui/uieditor/widgets/pc/footer/footerbutton_persistentrightcontainer
5210e3e84c26514b,ui/uieditor/widgets/hud/movieplayback/moviesubtitles.lua
521b9b2b12e8a7d9,ui/uieditor/widgets/systemoverlays/systemoverlay_layout_foregroundvlayout.lua
521cbd2e8fb322c5,ui/uieditor/widgets/mphudwidgets/readyevents/readyevents_scorestreaks_internal
521d6535d40a8875,ui/uieditor/widgets/aar_t8/rewards/aarrewardheader
52242872fcc6f187,ui/uieditor/widgets/callingcards/callingcards_asset_superheroes_speed_rightarm.lua
52260fedb8a3a02f,ui/uieditor/widgets/demo/democontrolsbutton
5226aaa4f7a48917,ui/uieditor/widgets/arena/arenaskillevaluationbg
522713a6efa14cf3,ui/uieditor/widgets/scoreboard/scoreboardtabs.lua
52321a5173765016,ui/uieditor/widgets/endgameflow/killcamplayerrank.lua
52393b0c0beb0275,ui/uieditor/widgets/zmfrontend/zmaarscoreboardtabinternal.lua
523a66ce4e18baa1,ui/uieditor/widgets/pc/pc_codaccount_editableoption.lua
523eb4a04efa29ae,ui/uieditor/widgets/callingcards/loot2/callingcards_loot2_circusclown_leftarm
5240f945b3b804af,ui/uieditor/widgets/freecursor/freecursorinfopanel
5241e602d11cbdae,ui/uieditor/widgets/hud/zm_ammowidgetfactory/zmammo_propfactory.lua
52482f7abdfe2e7d,ui/uieditor/widgets/tablet/tableticepickgadget_internal.lua
524ca5a8b7be5502,ui/uieditor/widgets/entitylockon/grenadewarning_internal.lua
524cdc10be6c29c3,ui/uieditor/widgets/hud/gameendscore/gameendscorecenterarrow
52510a818069af2a,ui/uieditor/widgets/pc/socialmenu/pcsocialmenu_genericbutton.lua
525674c6466a8a9d,ui/utility/playerstatsutility.lua
525c1ae2174a75d0,ui/uieditor/widgets/callingcards/loot3/ui_icon_callingcards_prestigemaster.lua
526078f55c3a4c45,ui/uieditor/menus/cac/reticleselect
52614187a845d0b9,ui/uieditor/widgets/hud/gameendscore_wz/gameendscore_headerbartip
5265eea2ab117ed1,ui/uieditor/widgets/callingcards/callingcards_steampunkwarriors
527cecba907d233b,ui/uieditor/widgets/vehiclehuds/vhud_layoutdotlinever.lua
527f7df425373735,ui/uieditor/widgets/director/directorcodcastermemberinfo.lua
52817f02a28e47f1,ui/uieditor/widgets/pc/startmenu/controlsoptions/pc_startmenu_options_controls_tabcontent_keybinding_previewbutton.lua
5285fb989965c0f0,ui/uieditor/widgets/zmhudwidgets/hud_zm_factory_safeareacontainer.lua
528607cee3824602,ui/uieditor/widgets/specialist/specialistoutfitcategory_internal.lua
528d36e0ff7a5ccc,ui/uieditor/widgets/director/directorpartyleaderonlyprompt.lua
528f767acbe4ce27,ui/uieditor/widgets/itemshop/itemshopweaponbribepreviewwidget.lua
5294f6e9017b280c,ui/uieditor/widgets/cac/weaponvariants/weaponvariantlistwidget.lua
529c33724e7b8ec0,ui/uieditor/widgets/pc/pc_achievements_totalpoints.lua
529e42c9cc052cd4,ui/uieditor/widgets/craft/paintshop/paintshopweaponselectwidget.lua
52a06893e485a08b,ui/uieditor/widgets/itemshop/contracts/contractseasonaloverlay_previewbutton.lua
52a3bc4865c54384,ui/uieditor/widgets/directorarenapregame.lua
52a95bcee633b155,ui/uieditor/menus/demo/timelineeditor
52ab039468a297e3,ui/uieditor/widgets/tabbedwidgets/basictablist.lua
52abb3dc03d38a77,ui/uieditor/widgets/director/directorzmmapselectitem
52ac4b75555f8a69,ui/uieditor/menus/pcui/pc_playeraccount
52b237fac0d237a1,ui/uieditor/widgets/craft/paintshop/paintshopblendbuttonprompt.lua
52bd11d032f8e829,ui/uieditor/widgets/fileshare/fullscreenpopup/fullscreenpopuptemplate.lua
52bec85c9cacd3a3,ui/uieditor/widgets/header/headerlinescontainer
52beee84909edb17,ui/uieditor/widgets/blackmarket/reserves/bm_reserves_charm
52c6a9873ca435ab,ui/uieditor/widgets/playercard/selfidentitybadgepreview.lua
52cb87f17df957ba,ui/uieditor/menus/charactercustomization/zmpersonalizecharacter.lua
52d9e73f9b9cfe91,ui/uieditor/widgets/challenges/challenges_summary_nearcompletionbutton
52dee1d9f1ec4c33,ui/uieditor/widgets/cac/menuchooseclass/itemwidgets/itemhinttext
52df727a3a3b6a4c,ui/uieditor/luielems/core/interactive_shot
52e10d5aa09ba962,ui/uieditor/widgets/startmenu/startmenu_options_controls_genericcontrolleritem.lua
52e308906d6dbed4,ui/uieditor/widgets/blackmarket/contracts/bm_contractdifficultyindicator.lua
52e45dcd0d5c7e8f,ui/uieditor/widgets/pc/pc_scrolldown.lua
52e541d65d064c6f,ui/uieditor/widgets/hud/map/compassgroupcontainer.lua
52ea7b95fee668fc,ui/uieditor/widgets/lobby/lobbyinspection/inspectionrankwidget.lua
52eadf3b52ed675d,ui/utility/analyticsutility.lua
52eec2299e62b6b8,ui/uieditor/widgets/theater/theater_hinttext
52f59c6702b350cb,ui/uieditor/widgets/endgameflow/killcamnemesiswidget.lua
52fa90fdb40e7a30,ui/uieditor/widgets/notifications/xp/doublexpiconsinternal.lua
52fd0247e47b60ea,ui/uieditor/widgets/gamesettings/gamesettings_zmplayer.lua
5302e7ca44ffcfa3,ui/uieditor/widgets/codcasterteamscoreboard.lua
53096a20718bc809,ui/uieditor/widgets/blackmarket/bm_iteminforarityheader
530c1a62ca1c0f66,ui/uieditor/widgets/director/directorselectbuttoninternal
531004893b3a654e,ui/uieditor/widgets/specialist/specialistdecalentry.lua
53112bc340c6d9de,ui/uieditor/menus/mp/specialisthub/mpspecialisthubtags.lua
531319dd92d58d3b,ui/uieditor/widgets/startmenu/startmenu_barracks_factioncalling_button
531a49b4e793f7de,ui/uieditor/widgets/startmenu/startmenu_imagecontainer
5320c99029649ca8,ui/utility/baseutility.lua
532524e3dee923a2,ui/uieditor/widgets/startmenu/startmenu_button_lg_internal.lua
5330e1ef77701a18,ui/uieditor/widgets/common/radialtimer
533e1a0fa33f250e,ui/uieditor/widgets/codcaster/codcaster_playlist_infobg
53444a634feecad5,ui/uieditor/widgets/startmenu/startmenu_identity_subtitle.lua
53470bfc13f5aadd,ui/uieditor/widgets/director/directorpartylist.lua
534ad2e0da673f1c,ui/uieditor/widgets/gamesettings/gamesettings_perkrestriction
534d3ad325c3e881,ui/uieditor/widgets/aar_t8/tierreward/aartierrewarditemglowanimationrare.lua
5356c165f01e5cf3,ui/uieditor/menus/mp/specialisthub/mpspecialisthubbindwheel
535dde2f09c696a7,ui/uieditor/widgets/mphudwidgets/bountyhunter/bountyhunterweaponbuy
535de3db81f90fd7,ui/uieditor/widgets/hud/zm_notiffactory/zmnotifbgb_containerfactory.lua
535eaf73aa8dc40a,ui/uieditor/widgets/callingcards/loot3/ui_icon_callingcards_stpatricks_speedlines.lua
5363fca02f9de2dc,ui/uieditor/widgets/common/commontab.lua
53649a6d0f72e5f8,ui/uieditor/widgets/pc/socialmenu/pc_battlenetfriend_sentinvite.lua
53649b2f1296c089,ui/uieditor/widgets/director/directorpregamebuttoncontainer.lua
5365c2a759ad0e85,ui/uieditor/luielems/mp/ct_recon_enemy_reinforcement
536665bf00b7a0e3,ui/uieditor/widgets/mphudwidgets/overheadnamewzcash.lua
5368cfb155043888,ui/uieditor/widgets/itemshop/reserves/reservesskiprevealpromptcontainer.lua
536b681b0430e846,ui/uieditor/widgets/hud/cancelchargeshot.lua
536e77a9b049f485,ui/uieditor/widgets/craft/emblemeditor/emblemlayercontainer
536ef4eff76e7dd5,ui/uieditor/widgets/warzone/warzoneusetimercowardsway.lua
537173835cb37646,ui/uieditor/menus/arena/leagueplaycontentrules.lua
5372a0683a198d1e,ui/uieditor/luielems/cp/full_screen_movie
5376b4bfefae220b,ui/uieditor/widgets/arena/arenafindgamedetailmodes.lua
5376d060dda641ba,ui/uieditor/widgets/hud/zm_notiffactory/zmnotifbasic
537a7cf09bdae42b,ui/uieditor/luielems/mp/ct_firebreak_multi_kill.lua
537fad1f640b1c10,ui/uieditor/widgets/scoreboard/wz/scoreboardmaprowheadingwz
537febb2086ad7e7,ui/uieditor/widgets/pc/startmenu/pc_startmenu_options_keybindmessage_stripes
5382dd2b0c0286a8,ui/uieditor/widgets/director/directorselectbuttonlinessecondary.lua
5385eb39f564e254,ui/uieditor/widgets/backgroundframes/backgroundpattern03
5385ed39f564e5ba,ui/uieditor/widgets/backgroundframes/backgroundpattern01
538716dffd7a5258,ui/uieditor/widgets/scoreboard/scoreboardgamestatusscores
5390c5b1baf978f2,ui/uieditor/widgets/zmhudwidgets/hud_zm_serverpausenotification
5391b667b0cbcc40,ui/uieditor/widgets/scoreboard/tabbedscoreboardtab
539dc941e48c6dfe,ui/uieditor/widgets/reticles/chargeshot/chargeshot_reticle
539e23f042cd063e,ui/uieditor/widgets/craft/emblemeditor/colorpicker/emblemgradientcolorbutton.lua
53a39d0a42a2ad4b,ui/uieditor/widgets/aar_t8/tierreward/aartierrewardtypeimagecontainer
53a3b7481aa116b4,ui/uieditor/widgets/common/commonpixelbackingwithtoppadding
53a872c2b961405f,ui/utility/weaponutility
53b399feeb7e83e5,ui/uieditor/widgets/zmfrontend/laboratory/laboratoryoffersheader.lua
53b9a3ccb1b76432,ui/uieditor/widgets/mphudwidgets/waypointarrow.lua
53b9fcb643fbe613,ui/uieditor/widgets/barracks/specialeventwidget
53ba523206d9dbf9,ui/uieditor/widgets/mphudwidgets/sprintmeter/sprintmeterdots.lua
53c12759cdd48c2d,ui/uieditor/widgets/notifications/notificationqueuewidgets/weaponlevelupbrackets
53cf319e54d85b71,ui/uieditor/widgets/codcaster/codcasterplayerlistinternal
53d51e4fea9ed71c,ui/uieditor/menus/craft/paintshop/paintjobweaponselect
53ec1f2fe55fe2a6,ui/uieditor/widgets/blackmarket/tag_iteminfopanel.lua
53ee845837137a5f,ui/uieditor/widgets/vehiclehuds/dart/vhud_dart_centerreticlehorizonline.lua
53f6bdef20831ebc,lua/shared/lobbydata.lua
53f77bf4255b87dd,ui/uieditor/widgets/freecursor/infopanelsubwidgets/freecursornolabelbuttonpromptcontainer
53fdb971f479eb0c,ui/uieditor/widgets/pc/freecursor/pc_tooltipspromptsbackground
5401e59513e41da9,lua/shared/luadefine
5407acf017214aee,ui/uieditor/widgets/itemshop/contracts/contractseasonaloverlay_metadatapanel.lua
5409a35a487cf004,ui/uieditor/widgets/notifications/notificationqueuewidgets/notificationrewardqueue.lua
540a3623184e7f2d,ui/uieditor/luielems/luielemimage
540a4d70b1b75ed4,ui/uieditor/menus/craft/emblemeditor/emblemselect
540b72231fbc0534,ui/uieditor/widgets/systemoverlays/systemoverlay_freecursor_genericforeground
540d45a78e94bf4d,ui/uieditor/widgets/warzone/warzoneinventorymenuitem_internal.lua
540eb50e0da4ae9d,ui/utility/scorestreakselectutility.lua
540f684babfd17a6,ui/uieditor/widgets/freecursor/infopanelsubwidgets/freecursorbuttonpromptcontainer
540feaf522651bd4,ui/uieditor/widgets/director/directorchoosegametypeframezm.lua
5411e308677d9a17,ui/uieditor/widgets/hud/scoreinfo/scoreinfohardpointobjective.lua
5414239d67d9df56,ui/uieditor/widgets/scoreboard/tabbedscoreboardrowleft.lua
541914c594804ac3,ui/uieditor/luielems/wz/wz_wingsuit_hud
5420828e8824b30b,ui/uieditor/widgets/pc/startmenu/graphicsoptions/startmenu_options_pc_graphics_game.lua
54217923ce9c1614,ui/uieditor/widgets/callingcards/callingcards_asset_graphic_burstspin
5421a7ba804db0fa,ui/uieditor/widgets/zmfrontend/zmstorytabs
542a39ee2a87a63b,ui/uieditor/widgets/callingcards/callingcards_asset_vortex.lua
542afe23d51bcfd4,ui/uieditor/widgets/director/directorstagebar
542e9560149fc926,ui/uieditor/widgets/uie_border
5430c08e2c5f0afd,ui/uieditor/widgets/cac/chooseclassslideoutinternal.lua
5434b41b922ea0ed,ui/uieditor/widgets/director/directorfindgameplaylistinfoverticallayoutmp.lua
54397d3e9a579e9c,ui/uieditor/widgets/callingcards/loot3/ui_icon_callingcards_dystopian_bodyglow
544370468ee25814,ui/uieditor/widgets/zmfrontend/zmaartrialtime.lua
544bfdac7bcde7fa,ui/uieditor/widgets/aar_t8/summary/aaraveragewidget
544ea25d6020174d,ui/uieditor/widgets/pc/socialmenu/pcsocialmenu_playersearchbox
544fd2b0d989a56d,ui/uieditor/widgets/chat/ingame/ingamechatclient
54510176d41f87fd,ui/uieditor/widgets/wzaar/wzaarchallengeorcontract.lua
54565d12133afcc3,ui/uieditor/widgets/pc_achievementdetailview
545688c6de874278,ui/uieditor/widgets/aar_t8/summary/aarperformancewidgets.lua
546349b7589a5cf8,ui/uieditor/widgets/lobby/mapvote/mapvoteitemzm
54670ea036861b35,ui/uieditor/widgets/hud/scoreinfo/scoreinfo_meter
546840c675b6e9ca,ui/uieditor/widgets/lobby/common/layoutelements/commonstripebarstencil
5475f2df13301cb1,ui/uieditor/widgets/director/directormapandgametypecontainer.lua
5477e76e9238f584,ui/uieditor/widgets/mphudwidgets/bountyhunter/bountyhunterdollars
5479d85d68e51aae,ui/uieditor/menus/codcaster/directorcodcasterteamidentitysettings
548744800ae76d6e,ui/uieditor/widgets/genericpopups/matchstartwarning
548f0ec6d3fba24f,ui/uieditor/widgets/director/directortierskipnotificationavailableinternal
5491097212c15f08,ui/uieditor/widgets/scoreboard/zm/scoreboardrowbackgroundzm
54920130f27ec879,ui/uieditor/widgets/lobby/common/fe_labelsubheadingd.lua
549206a5a0f214cf,ui/uieditor/menus/lobby/matchstart.lua
549297d254ade04b,ui/uieditor/widgets/hud/core_ammowidget/ammowidgetwzarmorshardunavailable_pc
549e0e4e7d6bf92f,ui/uieditor/widgets/scoreboard/tabbedscoreboardmapinfoboxleft
54a5097aa463512f,ui/uieditor/widgets/aar_t8/tierreward/aartierrewardslotemptycontainer
54ad93de6a0b1ca6,ui/uieditor/widgets/lobby/common/list1buttonlarge_left_nd
54af8c264308edf6,ui/uieditor/widgets/hud/inputprompt.lua
54b051e11082c27e,ui/uieditor/widgets/cpsystems/revive/bleedout/bleedoutclampedarrow.lua
54b8ea304ca5582f,ui/uieditor/widgets/lobby/common/fe_slidesubheader.lua
54bfcccc61febef6,ui/uieditor/widgets/zmfrontend/laboratory/zm_laboratorydescriptiondivider.lua
54c3a3ee87cd66f3,ui/lui/luiroot
54cde6f6585f76f0,ui/uieditor/widgets/hud/zm_ammowidgetfactory/zmammo_weaponprogressfactory.lua
54cef04ac10de7e4,ui/uieditor/widgets/lobby/lobbyinspection/inspectionemblemwidget.lua
54cf823ea8822428,ui/uieditor/widgets/callingcards/loot3/ui_icon_callingcards_dystopian
54d1acbce213ae04,ui/uieditor/luielems/mp/fail_screen
54d266b5bff40c9a,ui/uieditor/widgets/codcaster/playerportraitfocusbottom
54d2ef0dbe6fa29a,ui/uieditor/widgets/startmenu/startmenu_personalization_wz.lua
54d68240ea638ece,ui/uieditor/widgets/arena/arenarankwidgetinternal.lua
54d90108dbbf039d,ui/uieditor/widgets/craft/emblemeditor/emblemeditorheaderright
54dbe9864c8fbb18,ui/uieditor/menus/lobby/directorpersonalizecharactermp
54dc3b22114dea79,ui/uieditor/widgets/zmfrontend/directorzmtrialsinfointernal.lua
54dc5c4aa56bd569,ui/uieditor/widgets/pc/startmenu/pc_startmenu_options_list
54e00e02e26a9da7,ui/uieditor/widgets/social/social_infopane_party
54e0e602e6ad642c,ui/uieditor/widgets/zmhudwidgets/hud_zm_factory_safeareacontainer
54e6145d98d933bf,ui/uieditor/widgets/arena/arenaeventprogressbuttoninternalgauntlet.lua
54ea77c6304a0c86,ui/uieditor/widgets/social/social_managepartyplayerbutton.lua
54f24724db21e62d,ui/uieditor/widgets/startmenu/startmenu_titleheader.lua
54f5092454e5427a,ui/uieditor/widgets/health/healcooldown.lua
54f5709a60c5eb6e,ui/uieditor/menus/blackmarket/contracts/blackmarketcontractselect.lua
54f613874cac81b4,ui/uieditor/widgets/chat/chatclientchatentryplayername.lua
54fb3d8dfbccea1c,ui/uieditor/widgets/bumperbuttonwithkeymousenofocus.lua
54ff4b0d88f02661,ui/uieditor/widgets/itemshop/reserves/reservesrerollcard
5503fe83a004e58a,ui/uieditor/widgets/itemshop/shopreserveitemtall
55081aa127c65ee8,ui/uieditor/widgets/aar_t8/levelup/aarlevelupoverlay_cornerbracketinternal.lua
55092618ae381416,lua/lobby/process/nav/lobbyprocessnavwz.lua
550a430754aeee9c,ui/uieditor/widgets/startmenu/startmenu_identity
550e74bc517ea1c0,ui/uieditor/widgets/cac/menuchooseclass/itemwidgets/buttonweaponlevel
550f0340b5a8848d,ui/uieditor/luielems/core/scavenger_icon
5510c4e4042efbfe,ui/uieditor/widgets/notifications/notificationqueuewidgets/notificationrewardqueuewidgets/notificationrewardwidget.lua
5515ae49cbd78c47,ui/uieditor/widgets/warzone/warzonesplitinventory_pc_buttoncontainer.lua
5515c5caef5341f3,ui/uieditor/widgets/zmhudwidgets/inventory/zminvphaseditemscontainer.lua
55187343e453d9e6,ui/uieditor/widgets/itemshop/supplychain/supplychainitemglint
5518aeab3e405e6f,ui/uieditor/menus/fullscreenblack
5520ac0ef70d2063,ui/uieditor/widgets/blackmarket/contracts/bm_activecontractxpreward
5529465f0ae09a3a,ui/uieditor/widgets/hud/core_ammowidget/ammowidgetmp_ultimate
552f4006f691a804,ui/uieditor/widgets/startmenu/startmenu_connectionmeter_packetlossimage.lua
5532a76a0561b42e,ui/uieditor/widgets/vehiclehuds/vhud_layoutdotlinegrid.lua
55377a3310b451ba,ui/uieditor/menus/cac/weaponattachmentselect.lua
553c26ce8dfde2eb,ui/uieditor/widgets/warzone/warzonesplitinventory_pc_textbutton.lua
5543d2b49d2efc00,ui/uieditor/widgets/pc/craft/craftactionheader
554c0c90f9dc2176,ui/uieditor/widgets/hud/core_ammowidget/ammowidgetzm_mulekick
554f3e7b133e2ff2,ui/uieditor/widgets/warzone/warzonecontextualextraitems_rightalign
5550335da3d2c9b4,ui/uieditor/widgets/blackmarket/contracts/bm_activecontractrewards.lua
5551c2027c3a4c5d,ui/uieditor/widgets/hud/core_ammowidget/ammowidgetzm_weaponinfo
555761c8b639a893,ui/uieditor/menus/mp/specialisthub/mpspecialisthubgestures
5558d2cb90de2b18,ui/uieditor/widgets/warzone/warzoneinventoryitemgraybox.lua
555aca670e9903a3,ui/uieditor/widgets/startmenu/options/startmenuoptionsmaincorners
55609625e0a9984a,ui/uieditor/widgets/mphudwidgets/gametypescoreinfo/scorenotificationwaypoint_capture
5564ca313abeb19a,ui/uieditor/widgets/tablet/tak5/tabletconnectionarrow
556514720c691144,ui/uieditor/widgets/mphudwidgets/gametypescoreinfo/waypointtimercountdown.lua
55677da2fba4b1c9,ui/uieditor/widgets/zmhudwidgets/zm_title_fog
5569db342b25e6f7,ui/uieditor/widgets/wzaar/wzaar_meritcontainerinternal
556f31d30fc868f8,ui/uieditor/widgets/tablet/tableticepick_category.lua
557199119a2ab359,ui/uieditor/widgets/hud/rejackwidget/rejack.lua
5576cfbeae940cd0,ui/uieditor/widgets/codcaster/playerportraithoverbottom.lua
5578190d155ef276,ui/uieditor/widgets/callingcards/callingcards_operations_killjoys.lua
557d28c043e88c6f,ui/uieditor/widgets/warzone/wzobituaryentry.lua
557de6e946b0b2f7,ui/uieditor/widgets/vehiclehuds/mothership/vhud_ms_frametoprightxml
55829deb6251c128,ui/uieditor/widgets/director/directorselectbuttoninternalsecondary
5582e506542a85f9,ui/uieditor/widgets/vehiclehuds/vehiclemalfunctionwarning.lua
5585de5723776354,ui/uieditor/widgets/vehiclehuds/agr/vhud_agr_reticlecenterhairline.lua
55879d06ca5a4b57,ui/uieditor/widgets/arena/arenaleagueplayrubiesdynamic
558d9f9e12c62316,ui/uieditor/widgets/vehiclehuds/attackhelicopter/vhud_attack_helicopter_minigun_reticle.lua
558edad93a81edc2,ui/uieditor/widgets/aar_t8/rewards/aarcontractreward_zm
559544f457efa649,ui/uieditor/widgets/endgameflow/killcamwidgetnumbers
559a390eb7025941,ui/uieditor/widgets/common/commonitemslotlarge
559c05def3d6b04b,ui/uieditor/menus/cac/weaponaccessoriesselect.lua
559eaa41d5eed046,ui/uieditor/widgets/warzone/wzobituarycalloutcontainerdown.lua
559f7836395a97ae,ui/uieditor/widgets/vehiclehuds/agr/vhud_agr_outsideline
55a4f90d93917af8,ui/uieditor/widgets/aar_t8/tierreward/aartierrewardslotempty
55aabec65f4ae376,ui/uieditor/widgets/reticles/chargeshot/chargershot_moving_arrow
55ad4b127ef55a95,ui/uieditor/luielems/mp/mp_prop_controls
55b148190bdea241,ui/uieditor/widgets/debug/lobbyprocessqueuedebug
55b44c5df0d7ae61,ui/uieditor/widgets/zmfrontend/zmaartrialtabinternal.lua
55b83547fd586a07,ui/uieditor/widgets/vehiclehuds/mothership/vhud_ms_framebottomleft.lua
55c396528ce30caa,ui/uieditor/widgets/tablet/tak5/tablettak5_playerinfo
55c58887795e48a5,ui/uieditor/menus/challenges/challenges_operations.lua
55c96c77ee312720,ui/uieditor/widgets/pc/craft/craftactionsliderwidget
55cc77ac7f6d6b19,ui/uieditor/widgets/wzaar/wzaar_containerlist
55ce69c244067955,ui/uieditor/widgets/wzaar/wzaar_meritprogressbar.lua
55d4c4e43d0b6871,ui/uieditor/menus/arena/leagueplayendrankupanim
55ddeffbb1383765,ui/uieditor/widgets/craft/emblemeditor/emblemeditorframe.lua
55e2dccbf91b8bcf,ui/uieditor/widgets/callingcards/callingcards_asset_birds_white.lua
55e73ce7b97371ae,ui/uieditor/widgets/social/social_joinbtn
55ee2a7efbd7bef7,ui/uieditor/widgets/zmhudwidgets/inventory/zminvshielditem
55f067625bb89e44,ui/uieditor/widgets/callingcards/callingcards_asset_swordstab
55f4c0d88dc8dc4c,ui/uieditor/widgets/mphudwidgets/thrustmeter/thrustmeterchevron.lua
55f8cf56752aa71b,ui/uieditor/widgets/commonbuttonoutline
55fa35d3c5f6e788,ui/uieditor/widgets/director/directorblackmarketbuttoninternal_v2.lua
56023cffd4324342,ui/uieditor/widgets/zmhudwidgets/hud_zm_power_ups_area
5608a04210db0950,ui/uieditor/widgets/mphudwidgets/readyevents/readyevents_scorestreaks_iconcontainer
560c2e1500e11f2b,ui/uieditor/widgets/cac/loadoutclassitem
561783a7b2c4bb5e,ui/uieditor/widgets/itemshop/contracts/contractsupplychaindetails.lua
56180207311bd274,ui/uieditor/widgets/tablet/tak5/tablettak5_connectiontext
561905ce88d4fbc5,ui/uieditor/widgets/callingcards/callingcards_summer_lenseflare
561939784e7ff184,ui/uieditor/widgets/zmhudwidgets/inventory/zminventoryquestbackinginternal
561993dc49723cd3,ui/uieditor/widgets/codcaster/codcasterportraitplayerlistentrydeathmarker.lua
5620b6bac412e662,ui/uieditor/widgets/craft/emblemeditor/emblemlistframe.lua
56214c9901c9b497,ui/uieditor/widgets/arena/leagueplayleaderboardtab
56225e991e55c7d6,ui/uieditor/widgets/itemshop/supplychain/supplychaindetails_infopaneltitleanddesc
562963bd5f35a7f6,ui/uieditor/widgets/director/directorblackmarketbutton
562adff09117f331,ui/uieditor/widgets/arena/arenarubies
5632beb74bc431a9,ui/uieditor/widgets/hud/zm_notif/zmnotif1_cursorhint
563355d9a3377f1d,ui/uieditor/widgets/verticalscrollingtextbox
5635efd4f52744fe,ui/uieditor/widgets/gamesettings/gamesettings_characters.lua
563c1091944c5afc,ui/uieditor/luielems/core/multi_stage_target_lockon
563f4ca61fff21cd,ui/uieditor/widgets/lobby/common/vodpreviewwidgetimage
5642643cd68facb0,ui/utility/pcachievementsutility.lua
564d08790fc84eef,ui/uieditor/widgets/aar_t8/tierreward/aartierrewardtitle
564f4965c2a27a0f,ui/uieditor/widgets/hud/core_ammowidget/ammowidget_heroempty
5653186714d512a3,ui/uieditor/widgets/callingcards/callingcards_asset_pirate_arm
5654104fd8316604,ui/uieditor/widgets/director/directorleaderactivitybg.lua
5665072306db8376,ui/uieditor/widgets/motd/motd_bannerimageinternal
56650e87e9320a69,ui/uieditor/widgets/arena/arenaleagueeventtimer
56707e9536b7e5b5,ui/uieditor/menus/startmenu/popups/startmenu_options_privacysettings.lua
56732ef18d9876aa,ui/uieditor/widgets/scoreboard/wz/scoreboardwidgetwz.lua
5673f9da3e417444,ui/uieditor/widgets/challenges/challenges_framewidget_operations
5678ea40cc561501,ui/uieditor/widgets/clans/claninboxacceptedwidget.lua
567d0ddbbd0a1724,ui/uieditor/widgets/director/directorteammemberinfo
567fce08af6e526a,ui/uieditor/widgets/hud/map/compassawarenessringzone.lua
5683120446682173,ui/uieditor/widgets/notifications/notificationqueuewidgets/notificationrewardqueuewidgets/notification2xpblackmarketreward
56879db61d2524cd,ui/uieditor/menus/barracks/barracks_medals
568962d603cd6a56,ui/uieditor/menus/lobby/zm/directorgamemodeselectionzm
568a6ca0551910b4,ui/uieditor/menus/arena/leagueplayendrankuprewards.lua
568c10b36cac352a,ui/uieditor/widgets/callingcards/callingcards_scorestreak_airassualtmaster
568f04a982d1e342,ui/uieditor/widgets/aar_t8/tierreward/aartierrewardlootcasemeter.lua
5692fa98381d81d1,ui/uieditor/widgets/hud/mpcalloutitems
5695c69298411532,ui/uieditor/widgets/vehiclehuds/mothership/vhud_ms_modright.lua
56a604a34f9e5636,ui/uieditor/widgets/hud/zm_score/zmscr_pluspoints
56a7304a969f34bc,ui/uieditor/widgets/notifications/notificationqueuewidgets/challengesnotification
56a82c78839bab87,ui/uieditor/widgets/director/directorpregamesetupmatchcontainer
56abd28efaee4794,ui/uieditor/widgets/reticles/mp/spectrelockarrowwidgetglow01
56abd6dcfe95863d,ui/uieditor/menus/itemshop/itemshopconfirmation
56af289e25c245b4,ui/uieditor/widgets/competitive/competitiveoverviewarenarules.lua
56b5bcb37ce84b50,ui/uieditor/widgets/hud/mp_scorestreakwidget/scrstk_meterinternal.lua
56b82cbbcc13aeea,ui/uieditor/luielems/mp/laststand/mp_laststand_client.lua
56bbee780d6e63a8,ui/uieditor/widgets/vehiclehuds/agr/vhud_agr_reticlecenterhairline
56c3d775b9bb460e,ui/uieditor/widgets/codcaster/codcasterloadoutmodulesecondaryattachment
56c668cb8177c5b0,ui/uieditor/menus/startgameflow/loading_cp
56d6daa4fe5105b3,ui/uieditor/widgets/pc/utility/textbacking.lua
56d815a5421ffc3d,ui/uieditor/widgets/warzone/warzonequickinventorymenuitemsmall_internal.lua
56d874b1ace30c05,ui/uieditor/widgets/gamesettings/gamesettings_textboxbg
56d8b28cbda2f13e,ui/uieditor/widgets/notifications/notificationqueuewidgets/notificationrewardqueuewidgets/notification2xpweaponreward
56d95e04b5d181c9,ui/uieditor/widgets/aar_t8/rewards/aarrewarditem_zm
56dc9989dc7d11de,ui/uieditor/widgets/codcaster/codcasterloadoutprimaryattachment.lua
56e45386b82aea97,ui/uieditor/widgets/bumperbuttonwithkeymouse.lua
56e624bdd7619cc2,ui/uieditor/widgets/aar_t8/scoreboard/aarscoreboardtabbutton.lua
56efca540339ed2f,ui/uieditor/widgets/freecursor/infopanelsubwidgets/freecursorbuttonpromptinfo
56f67ccb81a10b6e,ui/uieditor/menus/startgameflow/loading_mp
56fbc20c8f37d3fd,ui/uieditor/widgets/startmenu/options/pc_startmenu_optionstabs.lua
56fd55bf8b90635b,ui/uieditor/widgets/arena/leagueplayleaderboardentryclanname
56ff19f931e27b1c,ui/uieditor/widgets/vehiclehuds/ground/vehicleground_centerinnerringelement
5701490c540accbb,ui/uieditor/widgets/callingcards/callingcards_operations_humiliation_unforgiving.lua
5707890ab04754be,ui/uieditor/widgets/pc/footer/footerbutton_bnetstore
570a7acb81b1b112,ui/uieditor/menus/startgameflow/loading_wz
5713ed2efa837e28,ui/uieditor/widgets/arena/arenaeventprogressbutton.lua
5714f20cfd35476c,ui/uieditor/widgets/startmenu/options/flyout/startmenu_options_settingbutton_wrapper.lua
571902fe8672a69d,ui/uieditor/widgets/barracks/specialeventsmallrewardwidget.lua
571ad3bb6fd29006,ui/uieditor/widgets/itemshop/supplychainframecontainer.lua
571b89cb81c03dc2,ui/uieditor/menus/startgameflow/loading_zm
571c42377a27db0a,ui/uieditor/widgets/warzone/wzobituarycalloutcontainerkill.lua
57257664a702bb52,ui/uieditor/widgets/health/healthbarwidgetpulseportraitlist
572e754310d35e92,ui/uieditor/menus/challenges/challenges
573331808e8b96ce,ui/uieditor/widgets/warzone/warzonedirectorstageindicator.lua
5739d17c8c6958d4,ui/uieditor/widgets/director/directorselectbuttoninternalsecondary.lua
573a5902a7a34efe,ui/uieditor/widgets/mphudwidgets/codcaster/codcasterbuttonbar
573a9d7c1ffff91e,ui/uieditor/widgets/scoreboard/wz/scoreboardmapcolumnheadings
573b6af2c5214603,ui/uieditor/widgets/vehiclehuds/turret/vhud_turret_reticle_center.lua
573c969b5dbad3ea,ui/uieditor/widgets/cac/cac_labelnew
57412e6c494ab1c8,ui/uieditor/widgets/codcaster/codcasterloadoutselectionspec
57413df676584a6b,ui/uieditor/widgets/callingcards/callingcards_asset_spinburst_container.lua
57474812afec0676,ui/uieditor/menus/cac/zmequipmentselect.lua
574a2834581ae4c5,ui/uieditor/widgets/vehiclehuds/mothership/vhud_ms_missileswidget
5750f2874ca1277f,ui/uieditor/widgets/startmenu/options/startmenu_options_codaccountbutton
57516da7c2802e05,ui/uieditor/widgets/mphudwidgets/waypointbomb.lua
575457c36668b2d3,ui/uieditor/widgets/vehiclehuds/mothership/vhud_ms_reticlelinehostur.lua
57553d3c19005336,ui/uieditor/widgets/zmfrontend/zmdoublenpwidget
57586b016f0a42fa,ui/uieditor/widgets/craft/emblemeditor/emblemgroupnew
57589d159b20010b,ui/uieditor/widgets/vehiclehuds/hawk/vhudhawkframesquare
575eac3c72f2ded7,ui/uieditor/widgets/hud/prematchcountdown/prematchcountdownminimize.lua
575ed6c1c69a4209,ui/uieditor/widgets/itemshop/contracts/contractpreviewbuttoninternal
575f6ec2f5f84abc,ui/uieditor/widgets/aar_t8/tierreward/aartierrewardshowcaseinternallegendary.lua
57610254bee05fe0,ui/uieditor/widgets/director/directorpartyleader
5762d6d85aaddd4e,ui/uieditor/menus/lobby/common/popups/liveeventviewer.lua
576b89c73379cfb5,ui/uieditor/widgets/hud/scoreinfo/scoreinfo_scorecontainer
576c14e1bc07cd98,ui/uieditor/widgets/mphudwidgets/waypointprogressring
5772a6846d311d82,ui/uieditor/widgets/itemshop/itemdetailscaseprice
57740d6a36622800,ui/uieditor/widgets/hud/mp_scorestreakwidget/support_buttonarrow
5776353027e82949,ui/uieditor/widgets/warzone/wzobituarycalloutcontainerfinish.lua
5777135ab21d4ef5,ui/uieditor/widgets/notifications/publiclobbystagenotification/stagenotificationpositioncontainer
577f839519f8a3d8,ui/uieditor/widgets/callingcards/callingcards_asset_techgunner_helicopter.lua
5784e20235922562,ui/uieditor/widgets/callingcards/loot4/ui_icon_callingcards_fairytales_flame2.lua
578537270ecdd3e4,ui/uieditor/widgets/craft/emblemeditor/emblemeditorpclegend_shortcuts.lua
578ae4ff448c6d52,ui/uieditor/widgets/warzone/warzoneusetimerdynentprogress
578b1cdf951f5003,ui/uieditor/widgets/hud/proximityalarm/proximityalarm_icon
578cf19b1eecd1e2,ui/uieditor/widgets/reticles/tak5/tak5reticle_bracket.lua
579177e5d8aa2dec,ui/uieditor/widgets/warzone/warzonegamestatusindicatordisplay
579609ae14f76f9a,ui/uieditor/widgets/challenges/challenges_framewidget_nearcompletion.lua
579a30146aa335c5,ui/uieditor/widgets/systemoverlays/featureoverlay_framevlayout
579a59ecd03626fb,ui/uieditor/widgets/blackmarket/fx_emberadd.lua
579c1e59bb4c023d,ui/uieditor/widgets/aar_t8/rewards/aarclassrewardcacpreview
579dc704f1dcb378,ui/uieditor/widgets/pc/contextualmenu.lua
57a2696d2ddbda2b,ui/uieditor/widgets/callingcards/loot4/ui_icon_callingcards_assassin.lua
57a4af8bd7568030,ui/uieditor/widgets/hud/core_ammowidget/ammowidget_ammocaliber
57af080d08bebcad,ui/uieditor/widgets/codcaster/codcasterloadoutequipmentbackground
57be803a6af1f929,ui/uieditor/widgets/endgameflow/playofthematchtitle.lua
57c3e4f26fff10b5,ui/uieditor/widgets/hud/carepackage/capturecrate.lua
57cecdf64e72b0ac,ui/uieditor/widgets/zmfrontend/zmloadoutpreviewfull.lua
57d27ab8e2f7a9d0,ui/uieditor/menus/hud/hud.lua
57d4a13c4f5e9e52,ui/utility/pcoptionsutility
57d7148d3c3d63dc,ui/uieditor/widgets/vehiclehuds/agr/vhud_agr_reticlefocusframeright.lua
57d739c130670411,ui/uieditor/widgets/genericsimplebutton
57dbdd895db59726,ui/uieditor/widgets/pc_notif.lua
57e67a053548fad1,ui/utility/vehicleutility
57ecf6b64e218e54,ui/uieditor/widgets/footer/footerbutton_segmentbacking
57ed8dcc82e16905,ui/uieditor/widgets/startmenu/startmenu_options_network_overviewpanel
57f02a0c84ffbeac,ui/uieditor/widgets/pc/togglebutton
57f2eaaf0dc29512,ui/uieditor/widgets/codcaster/codcasterfakemap
57fb8a1c653cb725,ui/uieditor/widgets/common/commonglowstandard.lua
5802b056c17c9893,ui/uieditor/widgets/backgroundframes/genericmenuframecac.lua
58061a581a061a13,ui/uieditor/widgets/warzone/warzonesplitinventory_pc.lua
5809c0509ebb6598,ui/uieditor/widgets/craft/emblemeditor/stickersetiteminternal
581a94d0fa618c2c,ui/uieditor/menus/hud/hud_mp_require.lua
58255aff174924eb,ui/uieditor/luielems/core/remote_missile_target_lockon.lua
582580983913de78,ui/uieditor/widgets/zmfrontend/zmdifficultyselectbutton
5828530ea26f894f,ui/uieditor/widgets/director/directortierskipnotification.lua
5828993443a76418,ui/uieditor/widgets/lobby/lobbyinspection/inspectionemblemwidget
583efe0a3b135aa3,ui/uieditor/widgets/itemshop/supplychain/emptystreamitem
5855e7951cc1a4ec,ui/uieditor/widgets/pc/craft/craftactionsliderwidget.lua
5857f6c026e9ea99,ui/uieditor/widgets/hud/zm_ammowidgetfactory/zmammo_particlefx
5860846ec07aaf87,ui/uieditor/widgets/hud/obituary/obituary.lua
586a1f1a7c0c4622,ui/uieditor/widgets/hud/prematchcountdown/prematchcountdown_numbers.lua
586efbc2f8bdf0be,ui/uieditor/widgets/lobby/common/fe_memberblurpanel
58708a0742fc3561,ui/uieditor/widgets/director/directorplaylistoptioninternal.lua
5871da7a85156c8a,ui/uieditor/widgets/callingcards/loot3/ui_icon_callingcards_crimewave
5873dea27d4eb8ec,ui/uieditor/widgets/vehiclehuds/ground/vehicleground_vignettecontainer.lua
5874be6f078f635e,ui/uieditor/widgets/pc/battlenet_checkout_view
5880df9be0d35a7b,ui/uieditor/widgets/callingcards/loot2/callingcards_loot2_warriorcreatures_tail.lua
588b4d51833c79f5,ui/uieditor/widgets/aar_t8/levelup/aarxpmeter
588be7ff45500b10,ui/uieditor/widgets/challenges/challenges_safeareawidget.lua
588c6f65f2dd32da,ui/uieditor/widgets/director/directorzmmapselectitemoffline_internal
588edfedbdb44b4e,ui/uieditor/widgets/reticles/uplink/uplinkballreticle
5893d5763141ed56,ui/uieditor/widgets/hud/mp_scorestreakwidget/scrstk_containerwrapper
5894e87b7bc7d9ef,ui/uieditor/widgets/mphudwidgets/readyevents/readyevents_scorestreaks.lua
58a55fc3f36cb1cf,ui/uieditor/widgets/tablet/tableticepickgadget_bgelementfui.lua
58abadff6d2c8ba9,ui/uieditor/widgets/onoffimage.lua
58aee4dce01eea2a,ui/uieditor/widgets/mphudwidgets/gametypescoreinfo/scorenotificationwaypoint_capture.lua
58af7dbdbb5365f8,ui/uieditor/widgets/warzone/wzbox9slice.lua
58b075f4e512e795,ui/uieditor/widgets/pc/startmenu/graphicsoptions/startmenu_options_pc_graphicsoptions_suboptionsnavigation
58b24c4fc6232566,ui/uieditor/menus/aar_t8/meritreport/aarmeritreportoverlay.lua
58b50f4ffe9670ca,ui/uieditor/widgets/pc/socialmenu/pc_socialmenu_friendtabcontent.lua
58b53d2ba8e4b74c,ui/uieditor/widgets/cac/cac_background_slide_panel_short
58b5f3cf53890a1a,ui/uieditor/menus/hud/hud_cp_require.lua
58c99d45d944fc89,ui/uieditor/widgets/aar_t8/rewards/aarplayerreward
58dd7cdc7561f4f0,ui/uieditor/widgets/vehiclehuds/agr/vhud_agr_reticlefocusframeright
58e17ee1f9e2bc98,ui/uieditor/luielems/wz/spectrerisingindicator
58e365157595e290,ui/uieditor/widgets/gamesettings/gamesettings_optionstextbox
58e391589163a9c7,ui/uieditor/widgets/vehiclehuds/wasp/vhud_sentinel_horizon_elements.lua
58e954fb331b89f8,ui/uieditor/widgets/hud/core_ammowidget/ammowidget_prompt
58ea9fbf3bb18e48,ui/uieditor/widgets/mp/matchsettings/startmenu_changeteam_buttoninternal
58eb7bad7c576566,ui/uieditor/widgets/hud/zm_fx/zmfx_spark2
58efa43b6672fdf2,ui/uieditor/widgets/mp/specialisthub/hubgesturebuttoninternal.lua
58f124afe0474afa,ui/uieditor/widgets/cac/weaponattachmentselect/attachmentslotcontainer
58f1b4f4284ec508,ui/uieditor/menus/arena/leagueplayendrankuprewards
58f71caf880cb975,ui/uieditor/widgets/callingcards/callingcards_asset_birds
58f92fe7a33600d7,ui/uieditor/widgets/director/directorleaderactivity
59003a16dcc2c432,ui/uieditor/widgets/startgameflow/tipwidgetlist_wz.lua
590715ebc19cf66a,ui/uieditor/widgets/vehiclehuds/ground/vehicleground_hashicon
5908c7601f41cfeb,ui/uieditor/widgets/hud/core_ammowidget/ammowidgetzm_abilityorweaponcontainer.lua
590a5d052047f6d8,ui/uieditor/menus/craft/emblemeditor/emblemselect.lua
59125448d1536f81,ui/uieditor/menus/codcaster/directorcodcastersettings
59165a1aef65c572,ui/uieditor/widgets/blackmarket/contracts/bm_smallcontractstatuscontainer
591b39f705c21da7,ui/uieditor/widgets/aar_t8/squadsummary/aarsquadrow.lua
591e949d4a711860,ui/uieditor/widgets/itemshop/contracts/contractdetailspanelbacker.lua
592b630a6698ccff,ui/uieditor/widgets/zmhudwidgets/hud_zm_trial_global_tracker
5931a1be826f3f02,ui/uieditor/widgets/warzone/wzpersonalizeweapon_itemgridbutton.lua
5932297a0c0ad05c,ui/uieditor/widgets/warzone/warzonedirectorstagespulsing
5933b90d7e9c5e70,ui/uieditor/widgets/lobby/common/vodpreviewwidget
593570b6d788fd56,ui/uieditor/widgets/common/commonwipemeterwithglow.lua
5938c973ff6ac026,ui/uieditor/widgets/lobby/lobbyinspection/inspectionplayerstats.lua
593c721febcd48d0,ui/uieditor/widgets/challenges/challenges_framewidget_career
593ca4e8356df2ad,ui/uieditor/widgets/mp/specialisthub/mpspecialisthubgesturesinternal.lua
5947b11345c2255a,ui/uieditor/widgets/itemshop/itemshopraritybackgroundstream
594d09ab7686faa8,ui/uieditor/widgets/pc/startmenu/pc_startmenu_options_glow.lua
594eb41daa294dc8,ui/uieditor/widgets/warzone/warzonecontextualextraitems.lua
59532492bc6fcfca,ui/uieditor/widgets/zmpromotional/zm_promo_banner
59552d158f0aaad5,ui/uieditor/widgets/reticles/chargeshot/chargeshot_centerreticle
5955a62c08d0393f,ui/uieditor/widgets/callingcards/callingcards_survivalist_master.lua
59590c0895bbcb95,ui/uieditor/menus/arena/leagueplayoverview
5959b3179a015708,ui/uieditor/widgets/craft/emblemeditor/decaltypebutton
596506957c8d4229,ui/uieditor/widgets/craft/emblemeditor/craftlayernumber.lua
59658b9b5e51682b,ui/uieditor/widgets/hud/mp_scorestreakwidget/support_extrabutton.lua
59704f3bed97b8ce,ui/uieditor/widgets/zmfrontend/laboratory/laboratoryplasma_listbutton_internal.lua
59799ada49f06461,ui/uieditor/widgets/codcaster/codcasterteamscoreboardcolor.lua
597ab439bf0305bd,ui/uieditor/widgets/craft/emblemeditor/stickersetitem
597b4efe5ac1b9ab,ui/uieditor/widgets/vehiclehuds/vehiclecollisionwarning.lua
597bfea26cbedda3,ui/uieditor/widgets/startmenu/options/frames/startmenu_options_frame_controls.lua
597f6b640f19d805,ui/uieditor/widgets/cacwildcardselectionanimationprimary.lua
59827c9c9d4b5a63,ui/uieditor/widgets/mphudwidgets/bountyhunter/bountyhunterbagmoney
59833b819beeecb8,ui/uieditor/widgets/pc/socialmenu/pc_socialmenu_dropdownbnetstatus
59852222774adafe,ui/uieditor/widgets/cac/classoptionswidget
5988000948eebd71,ui/uieditor/widgets/zmfrontend/zmbuttondifficultyinternal.lua
598b4302d64420a0,ui/uieditor/widgets/specialist/jumpkitbutton_internal
598ced8165a20192,ui/uieditor/widgets/zmhudwidgets/inventory/zminventory
598e888b7d3db378,ui/uieditor/widgets/hud/zm_revive/zm_reviveclampedarrow
598f747d2ca4bc2d,ui/uieditor/widgets/lobby/lists/localserverrowlist.lua
599050b5d55d5cdf,ui/uieditor/widgets/hud/core_ammowidget/ammowidget_ball.lua
5996a2344204dda2,ui/uieditor/widgets/leaderboard/playerslistactionbutton.lua
599852387867c4f4,ui/uieditor/menus/lobby/directorchoosemapandgametype
5999a1b5f6d0bb4e,ui/uieditor/widgets/abilitywheel/abilitywheel_pixel.lua
599a3197837224e6,ui/uieditor/menus/wz/wzpersonalizeweapon
59a3322799e05874,ui/uieditor/widgets/warzone/warzonequickinventorymenuitemattachmentsmall_internal.lua
59a5d78fd37b148f,ui/uieditor/widgets/zmfrontend/zmloadoutpreviewclasstabs.lua
59b6b07a37784ff3,ui/uieditor/widgets/chat/chatclientpassiveentrydisplay.lua
59b7f1f4a13a1135,ui/uieditor/widgets/store/storepricecontainer.lua
59be650a0062d524,ui/uieditor/widgets/mphudwidgets/gametypescoreinfo/waypointradialtimer
59c28dc37e755282,ui/uieditor/widgets/common/commonctobjectivebacking.lua
59cd793018bdfaac,ui/uieditor/widgets/vehiclehuds/hellstorm/vhud_hellstorm_button_layout.lua
59d0474cb8fa24b1,ui/uieditor/widgets/footer/fe_footerbuttonpromptwithcontainermain
59d282f0723473b4,ui/uieditor/widgets/hud/safeareacontainers/hud_safeareacontainer_back.lua
59d34be172f59897,ui/uieditor/widgets/systemoverlays/systemoverlay_seasonpassupsellframe.lua
59d6341918383352,ui/uieditor/widgets/itemshop/bmtallitemcontainer.lua
59da3b19d1a7e071,ui/uieditor/widgets/craft/emblemeditor/colorpicker/emblemcolorsaved.lua
59dba513915b5a12,ui/uieditor/widgets/warzone/warzonedirectorstagebar
59df5664772eeef6,ui/uieditor/widgets/mphudwidgets/codcaster/codcasterbuttonbar.lua
59df5e81013f994f,ui/uieditor/widgets/reticles/chargeshot/chargershot_brackets.lua
59e20d41fd677beb,ui/uieditor/widgets/startmenu/startmenu_button_hero.lua
59f7790271138ea3,ui/uieditor/widgets/mphudwidgets/overheadname_playernameandclantag
59ffd65b3daa3e93,ui/uieditor/widgets/mp/specialisthub/mpspecialisthubtags_tagframe.lua
5a049df55f73a770,ui/uieditor/widgets/cac/wildcardselect/wildcardslotcontainer
5a058a3a944dc9c7,ui/uieditor/widgets/hud/centerconsole/centerconsole.lua
5a0a33ed4962c6ec,ui/uieditor/widgets/hud/gameendscore/gameendscoreoutcomeffabarsmall
5a0a5b9dca620e75,ui/uieditor/widgets/vehiclehuds/tank_robot/vhud_tank_robot_target_status
5a0a8f1663892a0d,ui/uieditor/widgets/itemshop/supplychain/itemshopraritybackgroundstream_common
5a0afcf5ffd1eafa,ui/uieditor/widgets/pc/bnetstore/pc_bnetstore_itembutton_prices
5a0ca55b30183dbe,ui/uieditor/widgets/startmenu/wz/startmenu_ammolist
5a11dcc0303a7d74,ui/uieditor/widgets/aar_t8/tierreward/aartierrewardbackground_rare
5a1324b544c7555b,ui/uieditor/widgets/hud/carryinputprompt.lua
5a135329df7ebfc6,ui/uieditor/widgets/cac/classminipreview/classminipreviewtalentitem.lua
5a237c5ebcd2a423,ui/uieditor/widgets/hud/core_ammowidget/ammowidget_abilitycontainer.lua
5a24b28b508f6914,ui/uieditor/widgets/scoreboard/tabbedscoreboardfuibox
5a273b1935d95e39,ui/uieditor/widgets/pc/sliderbar_barhandle_bardetail.lua
5a3437007efeb50a,ui/uieditor/widgets/arena/arenaeventprogressbuttoninternalleagueplay.lua
5a35b6f2b5415073,ui/uieditor/widgets/pc/pc_emptywidget
5a372ecf59e72faf,ui/uieditor/widgets/startmenu/startmenu_options_sliderbar_bar.lua
5a4733827d6c5d52,ui/uieditor/widgets/startmenu/options/startmenu_options_privacysettingsmanagementform
5a4d69066248fe6b,ui/uieditor/widgets/mphudwidgets/readyevents/readyevents_scorestreaks
5a62b6491a946685,ui/uieditor/widgets/itemshop/waveglowanimloop.lua
5a723f267b8e1d67,ui/uieditor/widgets/notifications/notificationqueuewidgets/mp/reticlechallengenotification.lua
5a73693f249317cb,ui/uieditor/widgets/itemshop/timerright.lua
5a86bdd41c06859a,ui/uieditor/widgets/craft/paintshop/paintshopbuttonprompt
5a89616c2a8dc68d,ui/uieditor/widgets/lobby/common/fe_memberblurpanelcontainer
5a915d4808a49d02,ui/uieditor/widgets/pc/startmenu/pc_startmenu_options_keybindmessage
5a95173a64783ab7,ui/uieditor/widgets/vehiclehuds/turret/vhud_turret_damageicon
5a9f890241f5b6c3,ui/uieditor/widgets/callingcards/callingcards_asset_superheroes_speed_rightarm
5aa1b2447c1715a3,ui/uieditor/widgets/social/social_playerslistbutton_joinandinvitebutton
5aa5c97c296aded6,ui/uieditor/widgets/itemshop/supplychain/supplychainitem
5aaa9b2029160687,ui/uieditor/menus/lobby/common/overlays/lobbyserverbrowseroverlay.lua
5aac73e3cb2db880,ui/uieditor/widgets/barracks/barracks_timedisplaytext
5aaefcdf6bb981b7,ui/uieditor/widgets/director/directorselecttexttab
5ab8c219daf49e8a,ui/uieditor/widgets/aar_t8/tierreward/aartierrewardshowcaseinternalcoreultra
5abf415c217f0dfe,ui/uieditor/widgets/customgames/customgames_optioncategorycustomlabel.lua
5abf92c3d458d1b9,ui/uieditor/widgets/wzaar/wzaar_paintcans.lua
5ac124c9aed21bc2,ui/uieditor/widgets/footer/footercontainer_frontend_right_bg
5ac1be6f056b0dfb,ui/uieditor/widgets/startmenu/startmenu_button_emblem_internal
5ac52a13cc12e8a6,ui/uieditor/widgets/entitylockon/rocketlauncherlockon.lua
5ac7b4e6db1cf2f6,ui/uieditor/widgets/callingcards/callingcards_replacer_smoke
5acbd8c6f6d8fca1,ui/uieditor/menus/keyboardtextfield
5acbed692442191c,ui/uieditor/widgets/common/commoncornerpips02
5acbf06924421e35,ui/uieditor/widgets/common/commoncornerpips01
5aced3bd4e9072df,ui/uieditor/widgets/vehiclehuds/gunship/vhud_gunship_buttonprompt.lua
5acf5d3c21a6f225,ui/uieditor/menus/overlaysystem/featureoverlay
5ad4ce87c3378750,ui/uieditor/widgets/fileshare/fileshareoptionbutton.lua
5ad7d4586d4cd0eb,ui/uieditor/widgets/hud/gameendscore_wz/gameendscore_wz_safeareacontainer
5adbebdcaaa3e395,ui/uieditor/widgets/callingcards/callingcards_cowboybounce.lua
5af297f807168ec7,ui/uieditor/menus/demo/choosemodesidebar.lua
5af90004de91405b,ui/uieditor/widgets/hud/map/wzkillcamcompass
5af90a79c38908dd,ui/uieditor/widgets/challenges/challenges_nearcompletion_croppedimage
5af9e62614a0879b,ui/uieditor/widgets/hud/zm_ammowidgetfactory/zmammocontainerfactory
5afcd7bc959195bb,ui/uieditor/widgets/notifications/playercard/playercard_killedby.lua
5affae0b14c3bb5d,ui/uieditor/widgets/lobby/mapvote/mapvoteitem
5b0a45d0c0636583,ui/uieditor/widgets/codcaster/codcasterloadoutselectionsecond.lua
5b0cf638db063f63,ui/uieditor/widgets/lobby/lobbyinspection/inspectionplayerlevel
5b15f8a1f56f25ae,ui/uieditor/widgets/pc/pc_achievementnotification.lua
5b18266ca424bc3f,ui/uieditor/menus/charactercustomization/personalizedefaultwzcharacter.lua
5b192f2ad99871d9,ui/uieditor/widgets/fileshare/fileshareselectoritemwideinternal
5b1cc32b6a71a7ee,ui/uieditor/widgets/callingcards/callingcards_zm_survivalist
5b346bbe9dd15dcc,ui/uieditor/widgets/gamesettings/gamesettings_gamemodename
5b38ea66d478fa4c,ui/uieditor/widgets/callingcards/callingcards_asset_skelladog_eyeglow.lua
5b39944cec9529e5,ui/uieditor/widgets/arena/arenainfowidget.lua
5b3cb3de9a683c02,ui/uieditor/widgets/mphudwidgets/waypoint_textbg
5b3df56b6d23c7ac,ui/uieditor/widgets/warzone/wzcamooriginwidget
5b3ff9f106da5e7b,ui/uieditor/widgets/hud/core_ammowidget/ammowidget_cleantacos
5b4b92126dd3d9eb,ui/uieditor/luielems/mp/ct_recon_melee_vip.lua
5b544efba293ba09,ui/uieditor/widgets/aar_t8/tierreward/aartierrewarditemglowanimationultra
5b56af127bf10bec,lua/lobby/lobbyblackmarket
5b56c8950aa04555,ui/uieditor/widgets/vehiclehuds/gunship/vhud_gunship_ammo_count_internal.lua
5b5905d805906315,ui/uieditor/widgets/itemshop/supplychain/supplychaindetails
5b5939e7f354e60a,ui/uieditor/widgets/arena/arenarubyprogressfourwidget.lua
5b5b3ef3d5271a8d,ui/uieditor/widgets/mphudwidgets/gametypescoreinfo/sddemobjectivenotification_bombplanted.lua
5b69bdba9db8189b,ui/uieditor/widgets/hud/gameendscore_wz/gameendscore_teamranking.lua
5b6cf094702f4d53,ui/uieditor/widgets/itemshop/shoptimer.lua
5b80cece450dba73,ui/uieditor/widgets/cac/supportselectiondescription
5b847051512a72a7,ui/uieditor/widgets/pc/hud/hud_keypromptframe_ability.lua
5b88d5ec270824ec,ui/uieditor/widgets/arena/arenamapandgametype.lua
5b8be9fbe1e45774,ui/uieditor/widgets/zmhudwidgets/hud_zm_laststand_bleedout_perk_bar_item.lua
5b8bf3ea28c5f8d1,ui/uieditor/widgets/vehiclehuds/gunship/vhud_gunship_multi_reticle.lua
5b8d257093c460e7,ui/uieditor/widgets/endgameflow/codcasterteamflare
5b8f1a4c6201c978,ui/uieditor/widgets/aar_t8/tierreward/aartierrewardbackground_rare.lua
5b9207e6d938aec0,ui/uieditor/widgets/hud/core_ammowidget/ammowidgetmp_clipcontainernew.lua
5b934bb48ed3be32,ui/uieditor/widgets/pc/startmenu/pc_startmenu_options_description_textbacking
5b949f55f55b3271,ui/uieditor/widgets/social/social_playerslistbuttonwithcheckbox.lua
5b9cd912f366305f,ui/uieditor/widgets/pc/pc_battlenet_expanderbutton
5b9dcdcd0c9aba25,ui/utility/arenaleagueplayutility.lua
5ba16ddb08f9b95c,ui/uieditor/widgets/pc/socialmenu/pc_battlenetfriend_nameandrealid.lua
5ba1840fbd23c6bb,ui/uieditor/widgets/blackmarket/contracts/bm_availabecontractiteminternal
5ba4b39ed33f09b0,lua/lobby/lobbyarena
5ba63fcdf8e98717,ui/uieditor/widgets/aar_t8/tierreward/aartierrewardshowcaseinternalultra.lua
5ba6fd9ae97a92b3,ui/uieditor/widgets/zmhudwidgets/hud_zm_laststand_decorativebginternal.lua
5ba787a86ea3a26d,ui/uieditor/widgets/notifications/notificationqueuewidgets/mp/camochallengenotification.lua
5babb2a505cdaccf,ui/uieditor/widgets/zmhudwidgets/hud_zm_rush_point_award
5bb0bf039b835f66,ui/uieditor/widgets/pc/theater/pc_theater_keyboard_shortcut_container.lua
5bb8ec87eb71ff2f,ui/uieditor/luielems/zm/zm_game_timer.lua
5bbbdf370351d3bc,ui/uieditor/widgets/codcaster/codcasterobjectivestatuscontrolsite
5bc13c53db3fea62,ui/uieditor/widgets/codcaster/codcasterobjectivestatus.lua
5bc18c646d0673e4,ui/uieditor/widgets/wzaar/wzaarmeritbreakdownlarge.lua
5bc19d383573effd,ui/utility/inspectionutility
5bc22715ccac339a,ui/uieditor/widgets/zmfrontend/laboratory/laboratoryplasma_listbutton
5bca1ea30c053ddd,ui/utility/lobbyutility.lua
5bceefc58a6d5969,ui/uieditor/widgets/arena/arenadailybonuslabel
5bd903a3334d255c,ui/uieditor/widgets/lobby/common/vodpreviewwidget.lua
5be31f09d26ee76c,ui/uieditor/widgets/zmfrontend/zmdirectorgamemodesafearea
5be8099ad0789c2a,ui/uieditor/widgets/prompt_arrow.lua
5be811794932364b,ui/uieditor/widgets/hud/mp_scorestreakwidget/support_button
5beb1a8ab6b0af23,ui/uieditor/widgets/challenges/challenges_framewidget_scorestreaks
5bef7e101bf9de8a,ui/uieditor/widgets/freecursor/freecursorinfopanelcontainer
5bf5e4205df0e688,ui/uieditor/widgets/pc/bnetstore/pc_bnetstore_keyart.lua
5bfb9ca4947026a0,ui/uieditor/widgets/itemshop/supplychain/dupeindicator
5bfdb5df2cebf5b2,ui/uieditor/widgets/craft/paintshop/paintjobweaponselectsafeareacontainer
5bfe383ae6141728,ui/uieditor/widgets/mphudwidgets/bountyhunter/bountyhunterplayermoney.lua
5c01e459dac4a2e5,ui/uieditor/widgets/aar_t8/levelup/aarleveluprank.lua
5c0483a1299dc84f,ui/uieditor/widgets/pc/dropdown_list_leftalign.lua
5c0887595cfb6bb1,ui/uieditor/widgets/pc/notifications/pc_notif_container
5c0b3945b47bf29c,ui/uieditor/widgets/notifications/perks/notification_perks
5c0e24f3dd0285d0,ui/uieditor/widgets/itemshop/contracts/contractdetailspanelinfo
5c1175f3afd36cdd,ui/uieditor/widgets/startmenu/startmenu_button_emblem
5c17be2f019c8296,ui/uieditor/widgets/cac/menuchooseclass/chooseclassoverlay.lua
5c1aa959c151780b,ui/uieditor/widgets/itemshop/supplychain/streamitembonuswidget.lua
5c1c051c71207acb,ui/uieditor/widgets/keyboardtextfieldinputcontainer
5c23f7217f33f15c,ui/uieditor/widgets/craft/paintshop/paintshopchoosepaintside
5c2c0f2f2a0aac9a,ui/uieditor/widgets/itemshop/reserves/reserveslootcratebutton.lua
5c2d086c37ac58ee,ui/uieditor/widgets/mphudwidgets/bountyhunter/bountyhunterhealthcount.lua
5c2f68d4f3cd7e74,ui/uieditor/widgets/itemshop/contracts/contractseasonalbacker.lua
5c34d1c191f5e4e1,ui/uieditor/widgets/wzaar/wzaar_igr_background.lua
5c380b9fd0695f96,ui/uieditor/widgets/challenges/challenges_callingcardwidget.lua
5c43bfbb0693281f,ui/uieditor/widgets/scoreboard/tabbedscoreboardmapinfographic.lua
5c43d705003ae706,ui/uieditor/widgets/demo/demopip.lua
5c46d9902ea5afaf,ui/uieditor/widgets/startmenu/options/startmenu_options_privacysettingsbutton
5c4c9faffd86dd35,ui/uieditor/widgets/aar_t8/summary/aarwinlosemessage.lua
5c4e9b2973a44e58,ui/uieditor/widgets/craft/emblemeditor/emblemeditorlayerproperties.lua
5c5412d93b9c5c17,ui/uieditor/widgets/store/upsellbanner
5c56b1e49074706b,ui/uieditor/widgets/checkbox
5c5a6e384aebf98f,ui/uieditor/widgets/mp/specialisthub/hubspecialist_character_internal.lua
5c5c727d431fdab3,ui/uieditor/widgets/vehiclehuds/mothership/vhud_ms_frametoprightxml.lua
5c619d0067ddb1e8,ui/uieditor/widgets/hud/core_ammowidget/ammowidgetwz_equipmentempty.lua
5c639873d65eb1c5,ui/uieditor/widgets/startmenu/wz/startmenu_attachmentlist.lua
5c654dd6298985af,ui/uieditor/widgets/common/commonbuttongenericinternal
5c71cc377cbe1949,ui/uieditor/widgets/zmhudwidgets/inventory/zminvchallengesbackinginternal.lua
5c75fdf36c4c4dbb,ui/uieditor/widgets/hud/buttonprompt3dcpzm.lua
5c7e4cced3f3826e,ui/uieditor/widgets/pc/socialmenu/pcsocialmenu_playerlistitem_playerinfos_acceptinvitebutton.lua
5c8285898a8a11d2,ui/uieditor/widgets/pc/startmenu/dropdown/optiondropdown.lua
5c8403b9025a2b53,ui/uieditor/widgets/challenges/challengesnearcompletionwidget.lua
5c8ea1c1f103c9fe,ui/uieditor/widgets/mphudwidgets/waypoint_nobackplate.lua
5c90f69db9618f2a,ui/uieditor/widgets/freecursor/tooltiparchetypes/tooltipactionprompt.lua
5c91cce0f79f8559,ui/uieditor/widgets/zmfrontend/zmloadoutpreview
5c9e21a52a2e4b44,ui/uieditor/widgets/store/storeheader
5ca4ab91cfb7b68f,ui/uieditor/widgets/pc/startmenu/graphicsoptions/startmenu_options_pc_graphics_game
5ca4bb1608aa5174,ui/uieditor/widgets/cac/loadoutclassitemcontainersecondary.lua
5ca8a90b26ab0e1b,ui/uieditor/widgets/chat/frontend/frontendchatclient.lua
5cae4d15235f0d1e,ui/uieditor/widgets/vehiclehuds/ground/vehicleground_abilitiesandammo.lua
5caea96c5773ca4d,ui/uieditor/widgets/warzone/warzonequickinventorymenuitemsmall_internal
5caeed7c6382f633,ui/uieditor/widgets/challenges/challenges_framewidget_prestige.lua
5cb348578b6c0890,ui/uieditor/widgets/director/directorfindgameplaylistinfodescriptionpanel.lua
5cb70809b5e60da3,ui/uieditor/luielems/wz/vehicleturretoverheat
5cce6c43b2d5d5b7,ui/uieditor/widgets/director/directorlobbyclanandmembername.lua
5cd4a942309c019a,ui/uieditor/widgets/challenges/challenges_framewidget_nearcompletion
5cdc688bdb4d43ad,ui/uieditor/luielems/wz/prototype_hud.lua
5ce23fb50b951bb4,ui/uieditor/widgets/zmfrontend/zmloadoutpreviewindexitem.lua
5cef384640cb1b64,ui/uieditor/widgets/startmenu/wz/startmenu_resourcelist.lua
5cf53dbd3f334318,ui/uieditor/widgets/itemshop/contracts/contractprogressbar.lua
5cf5be000450821a,ui/uieditor/widgets/mp/specialisthub/hubstatsbuttoninternal
5d02c9828335c78a,ui/uieditor/widgets/zmfrontend/zmloadoutpreviewordered.lua
5d0643abdc83fec7,ui/uieditor/widgets/gamesettings/gamesettings_attachmentrestriction
5d085ca092d117e3,ui/uieditor/widgets/social/social_infopane_trial
5d1208b91c3fff1e,ui/uieditor/widgets/health/healthdot.lua
5d179a5fecd52fff,ui/uieditor/widgets/arena/arenarubyunit
5d228e345f027bac,ui/uieditor/widgets/zmfrontend/laboratory/laboratorylistitemnebuliumplasmadiscount_internal
5d26595bfd6c49b5,ui/uieditor/widgets/vehiclehuds/ground/vehicleground_hashtextinternal
5d2bdfed7fb279ee,ui/uieditor/widgets/lobby/common/safeareacontainer_lobbyserverbrwoseroverlay.lua
5d2d7f10867ce8e3,ui/uieditor/widgets/debug/lobbydebugoverlay
5d3c62e12dd6ef83,ui/uieditor/widgets/common/commonheaderbg.lua
5d4071a13d3c3323,ui/uieditor/widgets/aar_t8/levelup/aarlevelupoverlay_leveluptextinternal.lua
5d4a0e411c595898,ui/uieditor/widgets/mp/firsttimeflow/firsttimebrightnesspreview
5d4b411ca93c494a,ui/uieditor/widgets/cac/customizeclasssignatureitem.lua
5d5101de353b0ea9,ui/uieditor/widgets/codcaster/codcasterloadoutmoduleequipment
5d57b004b57d33dd,ui/uieditor/widgets/mp/specialisthub/mpspecialisthubgesturesinternal
5d5b03c451ceb6e8,ui/uieditor/widgets/startmenu/options/startmenu_options_accountmanagementform
5d613352c9a43403,ui/uieditor/widgets/cac/cacbackgroundslidepanelwildcards.lua
5d666752a44e7fa5,ui/uieditor/widgets/lobby/entitlementlistcontainer.lua
5d705ab885782def,ui/uieditor/widgets/warzone/warzonesplitinventory_pc_textbutton
5d70dffca5f57ab0,ui/uieditor/widgets/aar_t8/tierreward/aartierrewardshowcaseinternalcore
5d7a5c3c600baead,ui/uieditor/widgets/hud/core_ammowidget/ammowidgetwz_abilityitem_heal
5d7cd4f0b40cd0a3,ui/uieditor/widgets/tablet/tabletlocationselector_messageprompt_planemortar.lua
5d83bfcc93279126,ui/uieditor/widgets/vehiclehuds/mothership/vhud_ms_gunnerinternal
5d84c9d58592525a,ui/uieditor/widgets/hud/zm_score/zmscr_portrait
5d862d271acf8d1c,ui/uieditor/widgets/store/storecommontextbacking.lua
5d8885b7d3569958,ui/uieditor/widgets/pc/verticalstripes.lua
5d8954dabf937655,ui/uieditor/widgets/challenges/challengessummarydarkops_internal
5d977165692978ee,ui/utility/metricsutility
5d9e782569c0e53a,ui/uieditor/widgets/aar_t8/arena/aar_leagueplayladderentry.lua
5d9f50cbf0f7d3ee,ui/uieditor/widgets/blackmarket/bm_goldbarlarge.lua
5d9f954e90da2752,ui/uieditor/widgets/blackmarket/contracts/bm_smallcontractstatuscontainer.lua
5da622980c9a8593,ui/uieditor/widgets/mphudwidgets/waypointprogressbar
5dacf6ce288bd283,ui/uieditor/widgets/callingcards/callingcards_wz_darkops_master.lua
5db2330a5cdd63e8,ui/uieditor/widgets/zmfrontend/zmaartrialtab
5db4b72e7fcf4b55,ui/uieditor/widgets/lobby/entitlementlistcontainer
5db979ea6ce31f38,ui/utility/specialeventutility.lua
5dbcc9c3ede1372e,ui/uieditor/widgets/pc/pc_classoptionrenamebox.lua
5dc3b4a1cf4d3610,ui/utility/entitlementutility.lua
5dc694c5048be1b8,ui/uieditor/menus/pcui/pc_ui_test_menu.lua
5dc71b733813f7c1,ui/uieditor/widgets/hud/compassminimapoverlay.lua
5dd174396a47a721,ui/uieditor/widgets/store/storecategorybutton.lua
5dd3b98f1565fb91,ui/uieditor/widgets/arena/arenainfotabpastevents
5dd48978fd331996,ui/uieditor/widgets/endgameflow/killcamplayercard.lua
5dd8054bb8dbc19a,ui/uieditor/widgets/zmfrontend/laboratory/laboratoryplasma_listbutton.lua
5dd90405b817027f,ui/uieditor/widgets/codcaster/codcaster_announcementhighlight
5dd9edb55dc03abb,ui/uieditor/widgets/hud/core_ammowidget/ammowidget_ball
5ddaa512fdbb7ef6,ui/uieditor/widgets/zmhudwidgets/inventory/zminvquestitem
5ddf764f2a04eb1a,ui/uieditor/widgets/callingcards/callingcards_set_blackmarket.lua
5de300fef8ebd61f,ui/uieditor/widgets/hud/zm_notiffactory/zmnorif_backlines02rotation.lua
5de3ff7bca816d83,ui/uieditor/widgets/aar_t8/rewards/aarclassrewarditempreview.lua
5de9094801b2bcf4,ui/uieditor/widgets/reticles/mp/tempestreticle_ui3d_internal
5de9e0a106439c01,ui/uieditor/widgets/zmfrontend/laboratory/laboratorymixagainbutton
5df1637f3c8cfb9c,ui/uieditor/widgets/zmfrontend/zmaaralltimeperfwidget
5df74eb6f7a902b4,ui/uieditor/widgets/tablet/tableticepickgadget_itemblock
5df91fc92e77a5bb,ui/uieditor/widgets/challenges/challengesstickerbook
5dfb809f79d256de,ui/uieditor/widgets/hud/killcam/killcamkilledbyequipmentitem.lua
5e02e8803e76c5ed,ui/uieditor/widgets/challenges/challenges_category_title.lua
5e052e688418d530,lua/lobby/lobbyblackmarket.lua
5e059c9156c81777,ui/uieditor/widgets/barracks/specialeventwidget.lua
5e0fb1c5ee5c0772,ui/uieditor/widgets/zmfrontend/armory/armory_attachmentinfocontainer
5e103328ff371239,ui/uieditor/widgets/lobby/common/fe_buttonfocus.lua
5e15556f3da6d4d1,ui/uieditor/widgets/codcaster/codcasterobjectivestatusctf.lua
5e1e503ce9b0a05e,ui/uieditor/widgets/itemshop/reserves/reserveslootbribebuttoncontainer.lua
5e1f3b81a1b6e1c1,ui/uieditor/widgets/notifications/perks/perkinfo
5e22785e62b39696,ui/uieditor/widgets/callingcards/callingcards_asset_steampunkwarriors_gunshoteffect.lua
5e23b3aefa9e0861,ui/uieditor/widgets/lobby/common/layoutelements/commonbglayoutelement02.lua
5e23fb70b85f3bec,ui/uieditor/widgets/craft/emblemeditor/decalpreview.lua
5e28a3944519d7d8,ui/uieditor/widgets/pc/startmenu/graphicsoptions/startmenu_options_pc_graphics_video.lua
5e2d86a79557d4d7,ui/uieditor/widgets/mp/specialisthub/mpspecialisthubbindwheelinternal
5e2e617d93312ca5,ui/uieditor/widgets/itemshop/cardglowcorners.lua
5e2ee2b571f1056e,ui/uieditor/widgets/callingcards/callingcards_operations_precision_master.lua
5e3e07a40c41859f,ui/uieditor/widgets/blackmarket/fx_emberadd
5e42789264332e65,ui/uieditor/widgets/vehiclehuds/mothership/vhud_ms_damagesidecontainer.lua
5e46f3ea0ad594fc,ui/uieditor/widgets/vehiclehuds/hellstorm/vhudhellstormframeright
5e48db10b258584b,ui/uieditor/menus/cac/scorestreakovercapacity
5e4fdb5b78df5cca,ui/uieditor/widgets/itemshop/supplychain/discountdetailswidget.lua
5e5789686f9ce588,ui/uieditor/widgets/challenges/challengescallingcardprofilercombattraining
5e5b86ddd4395fa4,ui/uieditor/widgets/director/directorpregamebuttonleftjustified.lua
5e5cf19562ded8be,ui/uieditor/menus/wz/wzpersonalizeweapon.lua
5e66fa2f5953d295,ui/uieditor/widgets/itemshop/itemshoppreviewbuttoncontentimage.lua
5e68223d2ab6e6a1,ui/uieditor/widgets/specialist/specialistextraitemsspacerentry
5e6b26605fb6b80c,ui/uieditor/widgets/hud/mp_scorestreakwidget/support_earningbar
5e6e3518dcccc72f,ui/uieditor/widgets/social/social_options_slidernarrowbutton.lua
5e734517ef9a8f64,ui/utility/upsellutility.lua
5e7c6d1eaa3e1eeb,ui/uieditor/widgets/warzone/warzonequickconsumeslotpc.lua
5e7e09fa9ddc2b84,ui/uieditor/menus/startmenu/startmenu_main
5e8514dee0f6b117,ui/uieditor/widgets/cac/supportselectionoptioninternal
5e8e522d028bff36,ui/uieditor/widgets/zmfrontend/laboratory/laboratoryelixirlabel
5e92bbb6cf7249e8,ui/uieditor/widgets/showhideimage
5e99aeaa7fa4d692,ui/uieditor/widgets/challenges/challengesglobalstickerbook
5e9ea9b16de1842b,ui/uieditor/widgets/callingcards/loot3/ui_icon_callingcards_invasion_ufowbeam
5ea7f6e58e3ff3df,ui/uieditor/widgets/zmfrontend/cac/zmitemgridbuttonsmall.lua
5eab40f398bbf5a3,ui/uieditor/widgets/hud/abilitycallout/abilitycallout_internal
5eac8fd14bda5d60,ui/uieditor/menus/social/social_main.lua
5eae785b5338418f,ui/uieditor/widgets/mphudwidgets/waypointhardpoint_coloricon
5eb2be6535e5c73b,ui/uieditor/widgets/aar_t8/rewards/aarclassrewardcacpreview_zm
5eb572c175e8a0a6,ui/uieditor/widgets/itemshop/reserves/reservescratecarousel.lua
5eb5a6b4c6030823,ui/uieditor/luielems/luielemtext.lua
5eb9f5c184b63b32,ui/uieditor/widgets/hud/killcam/killcamheader.lua
5ebb9f711d489cde,ui/uieditor/widgets/pc/hud/pc_seekermine_text
5ebde6c3b508c1cc,ui/utility/prestigeutility
5ebfe24f09f3e978,ui/uieditor/menus/zm/purchaseplasma
5ecbf752995858a0,ui/uieditor/widgets/itemshop/reserves/reservesbribestacktall.lua
5ece842c4afe4971,ui/uieditor/widgets/pc/footer/footerbutton_player.lua
5ecf89e904487ede,ui/uieditor/widgets/itemshop/itemshopslottimer.lua
5ed08db6bc172b67,ui/uieditor/widgets/director/directorgamerulescontainer
5ed854bb894eee4b,ui/uieditor/menus/lobby/matchstart
5eda3c59d915dd99,ui/uieditor/widgets/warzone/warzonemapkeyitemwithmarker
5edc0771252f0eb7,ui/uieditor/widgets/hud/zm_perks/zmperkvaporphdslidereffect
5edc865de5fd7c3f,ui/uieditor/widgets/scoreboard/tabbedscoreboardffastatbox
5ee6ec46f90a9851,lua/shared/ddlutils.lua
5ee7363d63c8b45c,ui/uieditor/menus/leaderboards_playerslist.lua
5ee9671e737af574,ui/uieditor/widgets/hud/mp_voipwidget/voip_entry
5eea6c6640e7445b,ui/uieditor/widgets/footer/fe_leftcontainer_notlobbypc.lua
5eec001c52aa82b2,ui/uieditor/widgets/entitylockon/rocketlauncherlockon_internal.lua
5efcc4f6f419a2c2,ui/uieditor/widgets/button_internal
5f02e7ebda1a9b10,ui/uieditor/menus/arena/leagueplayladderresults.lua
5f0cb19cecb2d1bc,ui/uieditor/widgets/itemshop/blackjacksshopframe
5f188e4a3f3e2a81,ui/uieditor/widgets/hud/mp_scorestreakwidget/scrstk_meterpanel.lua
5f19df4c314ec548,ui/uieditor/widgets/callingcards/callingcards_prestige_efficiency_master.lua
5f1dfab67c514d78,ui/uieditor/widgets/codcaster/codcaster_player_portraittop_team2.lua
5f2154b9f56cff8f,ui/uieditor/widgets/vehiclehuds/mothership/vhud_ms_framebottomcenter.lua
5f22906fc6e4cae1,ui/uieditor/widgets/startmenu/startmenu_options_button.lua
5f2a1f2b4bc1c1b7,ui/uieditor/menus/lobby/directorchangecharacter
5f2a72f136d96fc7,ui/uieditor/widgets/codcasterteamscoreboard
5f2b216a966a9eea,ui/uieditor/menus/charactercustomization/wzpersonalizecharacter
5f2b682f28d27631,ui/uieditor/widgets/challenges/challengessummarycategory
5f2bd426dadf2c18,ui/uieditor/menus/craft/emblemeditor/emblemchooseicon
5f32d325330c30cd,ui/uieditor/widgets/lobby/common/liveeventviewerstreamercount
5f33efbc6766c5f5,ui/uieditor/widgets/notifications/notificationqueuewidgets/rankupnotification.lua
5f36454e4aa0e1bb,ui/uieditor/widgets/zmfrontend/cac/zmitemgridbuttonsmall
5f3b71d7ea8417f2,ui/uieditor/widgets/director/directorlobbyclientgamertag
5f3eb09b19232a73,ui/uieditor/widgets/itemshop/contracts/contractraritytypebackground.lua
5f40e6f31a5f483e,ui/uieditor/widgets/notifications/outofbounds/outofbounds.lua
5f411be39ec133d3,ui/uieditor/luielems/zm/zm_red_challenges_hud.lua
5f462be313197e13,ui/uieditor/widgets/director/directorzmtutorialselectitem.lua
5f5310ecbf485f8c,ui/uieditor/widgets/vehiclehuds/genericvhudhealthandradar.lua
5f6221719896efc4,ui/utility/baseutility
5f6ee69da04dead6,ui/uieditor/widgets/hud/proneblocked
5f755d7a805a070c,ui/uieditor/widgets/zmfrontend/laboratory/zm_laboratorydescriptiondividersecondary.lua
5f7752bc6bc12c4c,ui/uieditor/widgets/zmfrontend/laboratory/laboratorylistitemnebuliumplasmadiscount
5f791681246fe2b6,ui/uieditor/widgets/itemshop/contracts/contractseasonaloverlay_metadatapanel
5f792a7ef58d5981,ui/uieditor/widgets/cac/cac_background_slide_panel
5f79b83563883b29,ui/uieditor/menus/pcui/pc_battlenet_checkout
5f7a27cd81266e39,ui/uieditor/widgets/hud/abilitycallout/abilitycallout_queue
5f7bc9293b1ac99b,ui/uieditor/widgets/itemshop/contracttall.lua
5f7fb954782f35dc,ui/uieditor/widgets/callingcards/callingcards_replacer_cars2
5f7fbc54782f3af5,ui/uieditor/widgets/callingcards/callingcards_replacer_cars1
5f80b257840a3155,ui/uieditor/widgets/common/commontabbar.lua
5f814384f69ecea3,ui/uieditor/widgets/gamesettings/gamesettings_attachmentrestriction.lua
5f82e80882a4dd63,ui/uieditor/widgets/director/directorcontractsbuttoninternal
5f86663e68104a22,ui/uieditor/widgets/social/social_managepartyplayerbuttonrankdetailswithrubies.lua
5f92452a4c90b3ea,ui/uieditor/widgets/vehiclehuds/hellstorm/vhud_hellstorm_proximitywarning.lua
5f94c92ca68ec385,ui/uieditor/widgets/craft/craftgradientbutton
5f959ece93d21954,ui/uieditor/widgets/codcaster/codcasterbomba.lua
5f972eaff8ad48b6,ui/uieditor/widgets/callingcards/callingcards_prestige_prestige_badass.lua
5f986cb8a709e587,ui/uieditor/widgets/cac/cac_varienttitlepanel.lua
5f9a3b11d5a51171,ui/uieditor/widgets/pc/startmenu/graphicsoptions/pc_startmenu_options_safeareaborder_vert
5f9e504ad8b2d1e7,ui/uieditor/widgets/vehiclehuds/lightningstrike/vhud_lightningstrike_ambientgadget
5fa77b4b9e7997ad,ui/uieditor/widgets/arena/arenaeventprogressbuttoninternal
5faa5e2f0fd53709,ui/uieditor/widgets/itemshop/reserves/reserveslootcratebuttoncontainer
5fad001ea43e54df,ui/uieditor/widgets/hud/buttonprompt3dcpzm
5fb2f8e9c1dae9b9,ui/uieditor/widgets/codcaster/codcasterbombb.lua
5fb699942b1a4ab4,ui/uieditor/widgets/scoreboard/zm/scoreboardrowbackgroundzm.lua
5fb98cebe86f4aa7,ui/uieditor/widgets/wzaar/wzaar_challenge
5fb9d9901b113614,ui/uieditor/widgets/wzaar/wzaarcontractreward
5fba429cdc7392ca,ui/uieditor/widgets/scrollbars/horizontalcounterverticalspace
5fc013534a3acfaf,ui/uieditor/widgets/hud/mp_scorestreakwidget/support_extrabutton
5fc0f7412b0fb282,ui/uieditor/menus/itemshop/purchasebribestack
5fc4b916e71c9ca9,ui/lui/luigridlayout
5fcad163c453bd82,ui/uieditor/widgets/hud/core_ammowidget/ammowidgetmp_clipcontainerhero.lua
5fcbd8f5a2b2577f,ui/uieditor/widgets/footer/fe_leftcontainer_notlobbypc
5fd24c921a536ec2,ui/uieditor/widgets/codcaster/codcasterplayerlistheaderobjectivecolumn
5fd3c2877a11ff5b,ui/uieditor/menus/itemshop/purchasecontractconfirmation.lua
5fd51e83e2e6dbd1,ui/uieditor/widgets/onoffimage
5fd773d306b4ca26,ui/uieditor/widgets/vehiclehuds/vhud_centerframeleft
5fd78273d16b7e69,ui/uieditor/widgets/hud/mp_scorestreakwidget/scrstk_meterpanel
5fdcf757fc81f74e,ui/uieditor/luielems/core/lower_message
5fdf08ef90a64a74,ui/uieditor/widgets/mp/matchsettings/startmenu_changeteam_buttoninternal.lua
5fdf709d8ce27b9a,ui/uieditor/menus/lobby/zm/directorzmtrialsinfo.lua
5ff0ba3ebdcd89f0,ui/uieditor/widgets/onoffimageanimated
5ffa4895b0d22816,ui/uieditor/widgets/aar_t8/summary/aardamagewidget
5ffbe81759c2e860,ui/uieditor/widgets/blackmarket/contracts/bm_contractsframe.lua
6003e7363f43bb91,ui/uieditor/widgets/lobby/common/fe_buttonpanelshadercontainer
6009583ae1e21ae4,ui/uieditor/widgets/gamesettings/gamesettings_selectediteminfo
600be3c9e26c5dea,ui/uieditor/widgets/zmhudwidgets/rush/rush_gameover_score_entry
600c5ae077f4fcfe,ui/uieditor/widgets/startmenu/startmenu_options_pc_gamepadcontrols
60129f66df095b7d,ui/uieditor/widgets/hud/mpgametypes/mp_hardcoreinventorywidget.lua
60130f2ebc5a7460,ui/uieditor/widgets/codcaster/codcasterobjectivestatuscontrolsite.lua
601fb1396c5a3f3f,ui/uieditor/widgets/customgames/customgames_settingsliderlist.lua
6021fcf5356b3c30,ui/uieditor/widgets/footer/fe_rightcontainerwithoutrightboxes.lua
602592480ec6fb20,ui/uieditor/widgets/vehiclehuds/ground/vehicleground_vignettecontainer
6026a47811f4155e,ui/uieditor/widgets/specialist/specialistoutfitentry
60274ffd50903046,ui/uieditor/widgets/pc/socialmenu/pcsocialmenu_framedbutton.lua
6028b9d228fa33b0,ui/uieditor/widgets/zmfrontend/armory/armory_attachmentupgradeslotcontainer
602cead40e45cc85,ui/uieditor/widgets/common/commonlistbuttonleftinternal.lua
602e8bda03f367af,ui/uieditor/widgets/hud/prematchcountdown/prematchcountdown_numbersinternal
60344aa9531a8152,ui/uieditor/widgets/mphudwidgets/waypointarrow
60353fedd804c5d3,ui/uieditor/widgets/warzone/warzoneusetimerbeingrevived
603b68ed35430fa8,ui/uieditor/widgets/arena/arenaprogressionrubies.lua
603c366c0bbc2cdb,ui/uieditor/menus/demo/deletefilesharefile.lua
6041d7d26e075290,ui/uieditor/widgets/itemshop/supplychain/currenttier.lua
604388b630d35560,ui/uieditor/widgets/callingcards/callingcards_asset_party1
60438bb630d35a79,ui/uieditor/widgets/callingcards/callingcards_asset_party2
604c92cc196d160f,ui/uieditor/widgets/itemshop/reserves/reservesbribestack.lua
6052d9fda821e4db,ui/uieditor/widgets/arena/arenarubyunit.lua
60543fba707c6b07,ui/uieditor/widgets/startmenu/startmenu_options_pc_keybindertooltip
60563fb7a595cf17,ui/uieditor/widgets/startmenu/startmenu_button_sm
60564c9cf7981f90,ui/uieditor/widgets/systemoverlays/featureoverlay_button_mouseonly.lua
6058c4fe386e9365,ui/uieditor/widgets/backgroundframes/identitybadgeupperrightsafe.lua
60590d679ed983da,ui/uieditor/widgets/arena/arenarubyprogressredbar.lua
605be072bd539a5e,ui/uieditor/widgets/common/commonwipemeterwithglow
605d0368b3e2f29d,ui/uieditor/widgets/aar_t8/tierreward/aartierrewarditemunlocked.lua
605db42d004315e7,ui/uieditor/widgets/director/directorcharacterdynamic.lua
605dce6d5c00fd11,ui/uieditor/widgets/director/directortierskipnotificationcompleteinternal.lua
605f4d99916f6c43,ui/uieditor/widgets/cac/equippedmarker
605f956420e83938,ui/uieditor/widgets/zmfrontend/zmaartrialtabroundlist
605fbe70e46e0edb,ui/uieditor/widgets/pc/bnetstore/pc_bnetstore_itembutton.lua
60600c7aafb49d51,ui/uieditor/widgets/zmfrontend/zmaartrialtabroundlistinternal.lua
606031ed99dc74ca,ui/uieditor/widgets/director/directorplaylistheaderb.lua
6068b2a6c3fddb1a,ui/uieditor/widgets/zmfrontend/armory/armory_attachmentslotcontainer.lua
6072e057f1619d71,ui/uieditor/widgets/mphudwidgets/prestigerewards/prestigerewardwidget_v2.lua
60766c616ef9d623,ui/uieditor/widgets/callingcards/callingcards_asset_falconfly
6078d9663be3f826,ui/uieditor/widgets/common/common_tabbar_center
60810ae5389ec6d7,ui/uieditor/widgets/mphudwidgets/bountyhunter/bountyhunteropenprompt
6082e387545f8073,ui/uieditor/widgets/aar_t8/rewards/aarchallengeitem.lua
60888675f0490913,ui/uieditor/widgets/hud/blackcell/horizontalcompassblackcell
608bedfbf79b6886,ui/uieditor/widgets/vehiclehuds/ground/vehicleground_buttonprompts_left_internal.lua
6096bd1be2b119a9,ui/uieditor/widgets/notifications/notificationqueuewidgets/mp/gameupdatenotification.lua
60972e1c98329093,ui/uieditor/widgets/mp/specialisthub/mpspecialisthubbindwheelinternal.lua
60996ba7df5e0cb4,ui/uieditor/widgets/pc/socialmenu/pc_battlenetfriend_online.lua
60a1295ffce06997,ui/uieditor/widgets/vehiclehuds/wasp/vhud_sentinel_notificationline
60a30c8c5e357a72,ui/uieditor/widgets/hud/cp_damagewidget/damagewidgetmp_panelcontainer
60a5a237b6384eb7,ui/uieditor/widgets/hud/gameendscore_wz/gameendscore_wz
60a7fb2b79f756e3,ui/uieditor/widgets/aar_t8/squadsummary/aarsquadrow
60aceb4896b7e1ae,ui/uieditor/widgets/blackmarket/contracts/bm_smallcontractprogress
60ad020dd057d975,ui/uieditor/widgets/warzone/warzonecontextualextraitemsarrow.lua
60b8558b5956d158,ui/uieditor/widgets/scoreboard/tabbedscoreboardlayouttopline
60b93010c9898757,ui/uieditor/menus/zm/zmtalismanselect
60ba943b96e09571,ui/uieditor/widgets/warzone/wzobituarycalloutcontainerfinish
60bdbe58cb92efc7,ui/uieditor/widgets/motd/motd_mediumtext_mediumimage
60bffd00ef1fc082,ui/uieditor/widgets/specialist/specialistoutfitcategory_internal
60c049b7a5f07c1e,ui/uieditor/widgets/startmenu/startmenu_button_lg
60c17adab3d84d51,ui/uieditor/widgets/zmfrontend/zmloadoutpreview.lua
60c22b5c8a2a7ab2,ui/uieditor/widgets/leaderboard/leaderboard_safeareatabs.lua
60c926437e6209de,ui/uieditor/widgets/utilities/imageprompt_internal
60ce7f7f6abb8b87,ui/uieditor/widgets/tabbedwidgets/basictablist
60d297bcb2563a5d,ui/uieditor/widgets/craft/paintshop/paintjobselectoritem
60d4c8cee5d16862,ui/uieditor/widgets/craft/emblemeditor/emblemlistframe
60d4e72be4df3c8a,ui/uieditor/widgets/craft/emblemeditor/stickersetbonusitem.lua
60d9d6dd0b66edb7,ui/uieditor/widgets/startmenu/options/startmenuoptionsheader.lua
60e27b70e4e9a228,ui/uieditor/widgets/hud/core_ammowidget/ammowidgetzm_specialist
60e35917a0c3528c,ui/uieditor/widgets/hud/mp_scorestreakwidget/scrstk_meterinternal
60e65f98731c82aa,ui/uieditor/widgets/pc/sliderbar_slider
60f01937b7d02dae,ui/uieditor/widgets/director/directorfeaturedpip.lua
60fac0b574673bfb,ui/uieditor/widgets/cac/newbreadcrumb.lua
60fe5982d27a41c8,ui/uieditor/widgets/director/directorselectbuttonmode
60fe61418119efa8,ui/uieditor/widgets/aar_t8/squadsummary/aarsquadplayer
60feb800653dc2ab,ui/uieditor/widgets/codcaster/codcasterplayerlistrowwidgettext.lua
6103d565b59f1a18,ui/uieditor/widgets/cac/mark2bonusexplongbadge
61050435571d4e58,ui/uieditor/widgets/vehiclehuds/agr/vhud_agr_reticleoutsideline
6109133faf781676,ui/utility/gameendscoreutility
610997e7a91958ce,ui/uieditor/widgets/warzone/wzjumpkitselectorinternal.lua
610ec777f197de3f,ui/uieditor/widgets/startmenu/startmenu_theater
6111bc4dc3edf9d6,ui/uieditor/widgets/startmenu/options/pc_startmenu_optionstabs_background.lua
611f08b5bd417765,ui/uieditor/widgets/health/healthbarpulse
61252eda05b163c3,ui/uieditor/widgets/hud/mp_voipwidget/voip_container.lua
612a0cccb845a999,ui/uieditor/widgets/arena/arenamapandgametypeinternal.lua
612a692cf6c196d1,ui/uieditor/widgets/common/commonitemslotwide
612b40e2260842cd,ui/uieditor/widgets/hud/obituary/obituaryentry.lua
612b4bc8b9d0b461,ui/uieditor/widgets/hud/core_ammowidget/ammowidget_cleantacoscounttext
612c2c83a0059738,ui/uieditor/widgets/zmhudwidgets/hud_zm_flare_multiplier
612f5cba9a7fafab,ui/uieditor/widgets/challenges/challengesframewidgetoperationswz.lua
6131b51676141877,ui/uieditor/widgets/director/directorleaderactivityselect
6133cd3533c44c34,ui/uieditor/widgets/startmenu/startmenu_button_callingcards
61365e0ef8cf18f9,ui/uieditor/widgets/pc/startmenu/graphicsoptions/startmenu_options_pc_graphics_tabcontent.lua
6137536a88aabf64,ui/uieditor/widgets/vehiclehuds/mothership/vhud_ms_lockbox
613b9bf106d9b31c,ui/uieditor/luielems/mp/ct_shared_desc.lua
6140a9e79e58215c,ui/uieditor/widgets/itemshop/contracts/contractactivebannerbacker.lua
61479cf262a6bf6d,ui/uieditor/widgets/callingcards/loot2/callingcards_loot2_vikingbattles_righthand.lua
6147ecf7de98f429,ui/uieditor/widgets/callingcards/callingcards_cardwidgetinternal.lua
6148e07461e9b88f,ui/uieditor/widgets/callingcards/callingcards_asset_astromonkey.lua
6149018bcfd2e7a1,ui/uieditor/widgets/common/commoncenteredpopup.lua
614a642527764da5,ui/uieditor/widgets/endgameflow/killcamwidget
614acbde4348bf2e,ui/uieditor/widgets/zminventory/ritual/ritualitem
6150c1f7c70d7a59,ui/uieditor/widgets/pc/footer/footerbutton_persistent.lua
61540e27d933255b,ui/uieditor/widgets/pc/dropdownlistsmaller
615643d3ecc9b190,ui/uieditor/widgets/zmfrontend/laboratory/laboratorylistitemnebuliumplasmadiscount.lua
6156d841adc02c80,ui/uieditor/widgets/loadinganimation/spinnerloadinganimation
61574a047c3c50c6,ui/uieditor/widgets/freecursor/infopanelsubwidgets/freecursornolabelbuttonprompt.lua
6163ae1497736852,ui/uieditor/widgets/hud/killcam/killcamheader
6166c7ee3493578f,ui/uieditor/widgets/codcaster/codcasterloadoutprimary.lua
616839327b099be7,ui/uieditor/widgets/hud/core_ammowidget/ammowidget_stockammopip
616ae4f8b22eab70,ui/uieditor/widgets/hud/scoreinfo/scoreinfoescortbar.lua
616c6437bed7e38a,ui/uieditor/luielems/wz/prototype_defend_timer.lua
616ddaa2c2d0a3de,ui/uieditor/widgets/aar_t8/merit/meritboarditem
616e5e63878c9fa9,ui/uieditor/widgets/cac/restricteditemwarningtext.lua
616fe29fc7b21004,ui/uieditor/widgets/gamesettings/gamesettings_weaponrestriction.lua
6171f5990ce3e60a,ui/uieditor/widgets/callingcards/loot3/ui_icon_callingcards_invasion_lamb3.lua
6172f7e360acc313,ui/uieditor/widgets/lobby/common/vodviewermovieandbackground.lua
617353e08310bbae,ui/uieditor/widgets/itemshop/reserves/reservesspecialcontractprogressbar.lua
6173a7d7f1b8ec27,ui/uieditor/luielems/full_screen_black.lua
6174f0fb9f1f7e0d,ui/uieditor/widgets/mphudwidgets/bountyhunter/bountyhunterammobuy
6174f2b412760fd3,ui/uieditor/widgets/director/directorlobbyclanandmembername
6178af5a2395f900,ui/uieditor/widgets/zmfrontend/zmaarscoreboardtab.lua
617b3b575f73537c,ui/uieditor/widgets/hud/core_ammowidget/ammowidget_clipcontainervalue.lua
617d3422e33a0d58,ui/uieditor/widgets/director/directorpregamebuttonleftjustified
618124770d67afa4,ui/uieditor/widgets/pc/socialmenu/pc_battlenet_expander.lua
61827e15981384e2,ui/uieditor/widgets/cac/itemnamedescunlocktext
61845c3416695820,ui/lui/luiwheellayout
618839db83d2cd93,ui/uieditor/widgets/vehiclehuds/buttons/vhud_button_backing_lines
618b05ce56241b9a,ui/uieditor/widgets/pc/socialmenu/pcsocialmenu_dropdown_itemlist.lua
618d0f1d27af0e76,ui/uieditor/widgets/hud/zm_ammowidgetfactory/zmammofactory
618dc11de922fa85,ui/uieditor/widgets/director/directorcodcastermemberinfo
618f2ffefddcc1ab,ui/uieditor/widgets/aar_t8/tierreward/aartierrewardslotemptycontainer.lua
6193addd21eecdda,ui/uieditor/widgets/codcaster/codcastersettingssidebarsettingstext
619bb7ce476cd0cb,ui/uieditor/widgets/pc/startmenu/pc_startmenu_options_keybindmessage_background
619c1945d2e472b0,ui/uieditor/widgets/store/storecommontextbacking
619d4650d1e198c8,ui/uieditor/widgets/challenges/challenges_mastercallingcardwidget.lua
61a3b69bd03db661,ui/uieditor/widgets/vehiclehuds/mothership/vhud_ms_frametopleft.lua
61a4e34b4805b325,ui/uieditor/widgets/commonbuttonoutlinelocked
61a71b419cb0bde7,ui/uieditor/widgets/pc/battlenetfriendlist/pc_battlenet_friendrequestpopup.lua
61a71c371e9b9fd9,ui/uieditor/widgets/callingcards/callingcardsstickerbook.lua
61a7a4bf5283c774,ui/uieditor/widgets/pc/contextualmenu
61af7aa35be9f493,ui/uieditor/widgets/pc/pc_smallturnoffnotifbutton.lua
61b2bc9c0e3776a9,ui/uieditor/widgets/mphudwidgets/waypoint
61b85b932bf6c1d3,ui/uieditor/widgets/startmenu/options/startmenubuttonsmcontainer
61b920b227070d1a,ui/uieditor/widgets/vehiclehuds/agr/vhud_agr_reticlehairlinebottom
61ba8ff07da90f6c,ui/uieditor/widgets/zmfrontend/armory/armory_attachmentpip.lua
61ba9f25e364b71a,ui/uieditor/widgets/clans/clanoptionswidget
61bad392dbf8a314,ui/uieditor/widgets/cac/loadoutclassitemequipmenttaketwo
61c4fedc75fc1177,ui/uieditor/widgets/notifications/notificationqueue
61c7b1234e765fdf,ui/uieditor/widgets/warzone/warzone_emp_compass
61c93db0e1141875,ui/utility/locationselectorutility
61cb861bc950b9a8,ui/uieditor/widgets/codcaster/codcasterbomba
61cb891bc950bec1,ui/uieditor/widgets/codcaster/codcasterbombb
61dfd3104c8b4871,ui/uieditor/widgets/zmhudwidgets/hud_zm_trial_shame.lua
61e1b8fb32894b84,ui/uieditor/widgets/vehiclehuds/agr/vhud_agr_internal.lua
61e254eddb8d040f,ui/uieditor/menus/aar_t8/arena/aar_rankedplayrankchange.lua
61ed6b7657686bce,ui/uieditor/widgets/systemoverlays/systemoverlay_savepaintjobframe.lua
61f253af5b383fa8,ui/uieditor/widgets/itemshop/contracts/contractpreviewbutton
61f5a503b828a520,ui/uieditor/widgets/arena/gauntlet/arenagauntlettierprogressinactive.lua
61fa72a99d0875ff,ui/uieditor/widgets/callingcards/callingcards_snakegods_asset_snakehead
61fd9cab40ef3acf,ui/uieditor/widgets/cac/menuselectscreen/weaponnamewidget
6206a8a760a18275,ui/uieditor/widgets/scoreboard/scoreboardgamestatusplayername.lua
62085c7508126617,ui/uieditor/widgets/vehiclehuds/hcxd/vhud_hcxd_timebar
6209fcd1d5d17896,ui/uieditor/widgets/social/social_inbox.lua
620b37094f173c9c,ui/uieditor/widgets/aar_t8/levelup/aarleveloverlay_levelupdisplay.lua
621a3ca9a40980c0,ui/uieditor/widgets/itemshop/contractframeinternal
6227636f70aeab6c,ui/uieditor/widgets/callingcards/loot2/callingcards_loot2_surrealistlandscapes_ball.lua
6234e26dc8c8c1f3,ui/uieditor/widgets/hud/prematchcountdown/prematchcountdownminimize
62355cfa3c330a74,ui/uieditor/menus/itemshop/quartermastermenu.lua
6236a1f6987019dc,ui/uieditor/widgets/callingcards/callingcards_support_master
623bb03cf8078030,ui/utility/zmperkutility
623c6c22e0ead55b,ui/uieditor/widgets/zmfrontend/armory/armory_uberattachmentslot
623dea29cbb018b2,ui/uieditor/menus/overlaysystem/systemoverlay_full
623e4e6cdded6211,ui/uieditor/widgets/scoreboard/tabbedscoreboard.lua
62450770e9c61536,ui/utility/storeutility
625497e0eb30b2b4,ui/uieditor/widgets/reticles/mp/tempestreticle_ui3d
6260c7a8e3737127,ui/uieditor/widgets/director/directorlobbyposemembers
626280302b3be581,ui/uieditor/widgets/pc/startmenu/graphicsoptions/startmenu_options_pc_graphics_tabcontent
6262d0aefdc18620,ui/uieditor/widgets/arena/leagueplayendrankupplacement
626538605b2b518b,ui/uieditor/widgets/zmhudwidgets/gameover/zm_hud_gameover_smokebackground.lua
626ab91fda342c97,ui/uieditor/luielems/zm/zm_red_challenges_hud
6273a334b0e4446f,ui/uieditor/widgets/challenges/challengesframewidgetcareerwz.lua
6274c9722eababf5,ui/uieditor/widgets/zmfrontend/cac/zmattachmentslotsmall.lua
6277736d6c11a9b6,ui/uieditor/widgets/callingcards/callingcards_asset_grunt_gun
627d58cfb8220372,ui/uieditor/widgets/callingcards/callingcardsset_blackmarketwidgetinternal
627dd926b7869ad8,ui/uieditor/menus/aar_t8/aar_t8_mp.lua
628072a22bff171e,ui/uieditor/widgets/warzone/wzobituaryattacker.lua
628c578e1d09361f,ui/uieditor/widgets/pc/startmenu/voiceoptions/startmenu_options_pc_voice_voice.lua
628c9dcd1b595e46,ui/uieditor/widgets/social/social_managepartyplayerbuttonrankdetails.lua
6291b6999870ab8d,ui/uieditor/luielems/zm/zm_build_progress
629205f7f485f09d,ui/uieditor/widgets/startmenu/startmenu_quitbuttonfitted
629b5ea8d06cf08f,ui/uieditor/widgets/hud/core_ammowidget/ammowidget_overheatmeter.lua
629f207cf031690d,ui/uieditor/widgets/director/directorselectbuttonimageinternal.lua
62a518d2492c1197,ui/uieditor/widgets/zmhudwidgets/hud_zm_trial_round_failed
62aa8b95f24dfbb4,ui/uieditor/menus/zm/zmpersonalizecharactermain
62b390c8152e424d,ui/uieditor/widgets/hud/compassminimapitems
62b50a828d0671c3,ui/uieditor/widgets/vehiclehuds/lightningstrike/vhud_lightningstrike_ambientgadget_square.lua
62c65f12853233d0,ui/uieditor/widgets/scoreboard/tabbedscoreboardheadertopbar
62ca80e57d10b842,ui/uieditor/widgets/callingcards/callingcards_code_cc
62cc2c5b13552602,ui/uieditor/widgets/hud/core_ammowidget/ammowidgetwz_storageslot
62cf4ad39ea2c548,ui/uieditor/widgets/itemshop/itemshopbackgroundblur
62d0c3ab47b56fc3,ui/uieditor/widgets/callingcards/loot4/ui_icon_callingcards_assassin_bentarm
62d7f3c1a4919725,ui/uieditor/widgets/reticles/chargeshot/chargeshot_centerreticle.lua
62d7fb8ef55c1922,ui/uieditor/widgets/zmhudwidgets/inventory/zminventorylistbackinginternal
62ddcac99acf8248,ui/uieditor/widgets/itemshop/contracts/contractseasonalbacker
62de753be1859e71,ui/uieditor/widgets/vehiclehuds/buttons/vhud_generic_key_mouse_layout.lua
62e0d905bf8bc9a5,ui/uieditor/widgets/systemoverlays/systemoverlay_freecursor_full_basicframe
62e4baaae5c258f3,ui/uieditor/menus/lobby/common/popups/liveeventviewerqualities
62e5afd343c94561,ui/uieditor/widgets/cac/chooseclassslideoutbacking.lua
62e5fad781fe9ed9,ui/uieditor/menus/hud/hudelementimage.lua
62ecc2b88720c028,ui/uieditor/widgets/genericpopups/matchstartwarning_timerbkgd.lua
62f07b81004b3844,ui/uieditor/widgets/playercard/callingcard.lua
62f2a70c58600680,ui/uieditor/widgets/callingcards/loot3/ui_icon_callingcards_dystopian_character
62f48341d0fd505e,ui/uieditor/widgets/vehiclehuds/hawk/vhudhawkinternal
62fee9745f6e9de3,ui/uieditor/actions
62fffefea131705b,ui/uieditor/widgets/itemshop/bmstackpips
6301dadc9491523e,ui/uieditor/widgets/warzone/warzoneinventorycalloutgesturehinttext
63079302e190afb9,ui/uieditor/widgets/itemshop/supplychain/itemshopraritybackgroundstream_legendary.lua
6308a9caa8800c7d,ui/uieditor/widgets/aar_t8/tierreward/aartierrewardcontraband
630ac041e3b1a60a,lua/lobby/lobbytheater.lua
630b2820ea392c93,ui/uieditor/widgets/hud/core_ammowidget/ammowidget_abilitytext.lua
6310a25e996d432a,ui/uieditor/widgets/zmfrontend/zmloadoutpreviewordered
6316d9549bc3144a,ui/uieditor/widgets/codcaster/codcaster_color_element
6321511f84c87d83,ui/uieditor/widgets/scoreboard/tabbedscoreboardrank
63228103f8507257,ui/uieditor/widgets/codcaster/codcaster_keyboard.lua
6326aa7fbfe95759,ui/uieditor/widgets/pc/separationline_vertical.lua
632c076ecc568e2e,ui/uieditor/widgets/notifications/notificationqueuewidgets/mp/mpchallengenotification.lua
6341c1b90abc5f01,ui/uieditor/widgets/zmfrontend/directorzmtrialsinfointernal
6341ce33d59fafd1,ui/uieditor/widgets/cac/restricteditemwarningtext
63469f382bcf1889,ui/main
6346d2bf5ef9d12a,ui/uieditor/widgets/scoreboard/tabbedscoreboardheaderscoreenemy
634a5eda5a37725f,ui/uieditor/widgets/aar_t8/squadsummary/aarsquadstat
634bb592d9d25989,ui/uieditor/widgets/zmhudwidgets/hud_zm_arcade_heart.lua
634cd2d86af1385e,ui/uieditor/widgets/hud/core_ammowidget/ammowidgetmp_abilityitem
6354767fb9bb7b62,ui/uieditor/widgets/startmenu/startmenu_options_controls_genericcontrolleritem
635ab9497d58d08a,ui/uieditor/widgets/gamesettings/gamesettings_zmplayer
63604ff12ef30ae2,ui/uieditor/widgets/cac/itemnamedescunlocktext.lua
6360db17a60fb520,ui/uieditor/widgets/demo/demo_options_slider.lua
636b45a05d9aefc3,ui/uieditor/widgets/demo/democontrolsbuttonlightmanparameters
636e7c791467400a,ui/utility/modelutility.lua
636eac97d208251e,ui/uieditor/widgets/cac/zmstorylistbutton
6372d536b6381b44,ui/utility/bitutility
637332351c85a822,ui/uieditor/widgets/aar_t8/aarcommonbacking.lua
637c17dc9dd913d9,ui/uieditor/widgets/systemoverlays/systemoverlay_full_layout
6382df5efc337f5e,ui/uieditor/widgets/cac/menuchooseclass/categoryheader
63863141f8b496f8,ui/uieditor/widgets/pc/startmenu/graphicsoptions/pc_startmenu_options_safeareaborder_horiz
6389aed84d504e5f,ui/uieditor/widgets/pc/startmenu/audiooptions/startmenu_options_pc_audiooptions_suboptionsnavigation
6389ec743fb4d75f,ui/uieditor/widgets/genericpopups/toast_container_texts.lua
6395c63182187e85,ui/uieditor/widgets/zmfrontend/cac/zmtalismanslotinternal
63a326d1ca77ebd8,ui/uieditor/luielems/mp/laststand/mp_revive_prompt.lua
63a6f78fa6060013,ui/uieditor/widgets/blackmarket/contracts/bm_contractsslotbutton
63aab74cf4035660,ui/uieditor/widgets/craft/paintshop/paintshopcolorlayerinfo.lua
63aafe748c812429,ui/uieditor/widgets/hud/mp_scorestreakwidget/scrstk_meter
63b3df21c470faa9,ui/uieditor/widgets/craft/emblemeditor/decallistframe
63b67ce93166e913,ui/uieditor/widgets/zmfrontend/cac/zmitemslotwide
63c07c47aa48fdcf,ui/uieditor/widgets/pc/startmenu/gameplayoptions/startmenu_options_pc_gameplayoptions_suboptionsnavigation.lua
63c2cb58ce9ca97e,ui/uieditor/widgets/itemshop/contracts/contractrarityheadertile.lua
63c4583284d092d8,ui/uieditor/widgets/hud/safeframe_playercard.lua
63cb9c7a5d216d8f,ui/uieditor/widgets/aar_t8/rewards/aarrewarditem
63cc932d9389bc48,ui/uieditor/widgets/warzone/warzonequickinventorymenuitemattachmentsmall_internal
63ccd19e61f0c8e7,ui/uieditor/widgets/director/trialcountdownsmallwidget.lua
63d1e009fd6c6d8e,ui/utility/spawnselectionutility
63d48c1c929c93eb,ui/uieditor/widgets/aar_t8/tierreward/aartierrewardtitle.lua
63d814452510a1d6,ui/uieditor/widgets/aar_t8/rewards/aarstepitem
63d8548f06aa40c9,ui/uieditor/widgets/hud/ingametalkerswidget.lua
63d98f305b9c4314,ui/uieditor/menus/gamesettings/gamesettings_main
63e25c2bb91944f2,ui/uieditor/widgets/warzone/warzonecontextualarmorstashitems
63e7ebf45e5503d6,ui/uieditor/luielems/core/multi_stage_friendly_lockon.lua
63f2c65c3cfd2373,ui/uieditor/widgets/demo/lightmancolorelement.lua
63f432bfea89d457,ui/uieditor/widgets/zmhudwidgets/inventory/zminvsentinelartifact.lua
63f8d02e27085774,ui/uieditor/widgets/pc/listitemnocategory.lua
63fe5d59fd03ebe7,ui/uieditor/widgets/social/social_playerslistbutton_joinandinvitebutton.lua
640bc6e5cf998522,ui/uieditor/widgets/itemshop/contracts/contractdetailspanelsunset
640e70dea3532a08,ui/uieditor/widgets/competitive/competitiveoverviewarenarules
6411c67bc6862fe4,ui/uieditor/menus/craft/emblemeditor/emblemchooseicon.lua
641458f4916e4161,ui/uieditor/widgets/common/commontooltipbacking.lua
6418c603e13e58f2,ui/uieditor/widgets/demo/democontextpanel
641977e95588aab6,ui/uieditor/widgets/chat/chatclientchatentryscrollview
642130825ee4aad2,ui/uieditor/widgets/hud/safeareacontainers/hud_mp_safeareacontainer
64229b57c8cee184,ui/uieditor/widgets/theater/theater_hinttext.lua
6427d0a609f07edf,ui/uieditor/widgets/buttonicon.lua
642dc2a477003ece,ui/uieditor/widgets/lobby/common/layoutelements/commonbglayoutelement03.lua
64375d7f763f4320,ui/uieditor/widgets/endgameflow/codcasterteambasebarcolor
643b65b64b2fc4f8,ui/uieditor/widgets/hud/mp_scorestreakwidget/scrstk_meterkarat
643d6553bf59ab5f,ui/uieditor/widgets/blackmarket/bm_lock.lua
6441bc6f2a69665d,ui/uieditor/widgets/zmfrontend/laboratory/laboratoryoffernameanddescriptionbackground.lua
644a41a27de2fe75,ui/uieditor/widgets/hud/map/compassawarenessringsegment.lua
644a49ecc643103f,ui/uieditor/widgets/pc/startmenu/interfaceoptions/startmenu_options_pc_interfaceoptions_suboptionsnavigation.lua
64524928197a8b5d,ui/uieditor/widgets/specialist/specialistoutfititementry_internal.lua
6456659c0f1187f9,ui/uieditor/menus/cac/perktalentselect
64570724bf64052b,ui/uieditor/widgets/vehiclehuds/ground/vehicleground_modt2.lua
6458166a08ee8cce,ui/uieditor/widgets/cac/weaponselect/signatureweapongriditem
645929cda9678f24,ui/uieditor/widgets/common/commonlistbuttongenericshort.lua
646063811da9de9e,ui/uieditor/menus/aar_t8/tierreward/aartierreward
646076c8feaace8b,ui/uieditor/widgets/pc/pc_scrolldown
6462f6212c31b7e1,ui/uieditor/widgets/aar_t8/tierreward/aartierrewarditemglowanimation.lua
646fa4015e14fa27,ui/uieditor/widgets/aar_t8/rewards/aarclassrewarditempreview
6470b85501e5f24a,ui/uieditor/widgets/zmfrontend/cac/zmperkslotinternal
64727a20d4539bf0,ui/uieditor/widgets/callingcards/loot2/callingcards_loot_cuteanimals.lua
6472f3d8b96b551a,ui/uieditor/widgets/zmhudwidgets/hud_zm_trial_medal
64753bcb091a4e1f,ui/uieditor/widgets/warzone/warzoneinventory.lua
64753e4c4133046d,ui/uieditor/widgets/specialist/specialistoutfititementry_internal
6476e7ff55130568,ui/uieditor/widgets/craft/emblemeditor/colorpicker/emblemeditorcolorswatchcontainer
647c2a986ea1cfa7,ui/uieditor/widgets/debug/lobbydebugoverlay.lua
648122ac454c9ca2,ui/uieditor/widgets/systemoverlays/systemoverlay_prestige
648482bc7ab37779,ui/uieditor/widgets/zmfrontend/laboratory/laboratorymixagainbutton.lua
648caaf1fed19249,ui/uieditor/widgets/hud/gameendscore/gameendscoreenemybacker
648e52ff7500d53a,ui/uieditor/widgets/chat/frontend/frontendchatclientcontainer.lua
6492fb6285c88d11,ui/uieditor/widgets/zmfrontend/zmloadoutpreviewclasspippc.lua
64992ad54ae5d057,ui/uieditor/widgets/vehiclehuds/hellstorm/vhudhellstormframeleft.lua
649e1a53810a92ee,ui/uieditor/widgets/chat/chatclientchatentryscrollview.lua
64a036dcbd675fe7,ui/uieditor/widgets/hud/scoreinfo/scoreinfo_scorebarwidget
64a13bda140eaf98,ui/uieditor/widgets/cac/loadoutclassitemequipmenttaketwo.lua
64a180f5634c21b7,ui/uieditor/widgets/warzone/wzreinsertionpassengercount.lua
64a284194bedf298,ui/uieditor/widgets/wzaar/wzaarcontractreward.lua
64a37b379b98ff50,ui/uieditor/widgets/common/commonlistbuttonleft.lua
64a41f318bc01aae,ui/uieditor/widgets/codcaster/codcasterteamidentityinformationpanel
64a77cc9e54ee57c,ui/uieditor/widgets/codcaster/codcasternonteambasedplayerlistinternal.lua
64a9e7aa5f043016,ui/uieditor/luielems/mp/ct_progressbar_status.lua
64b16cf8cd201950,ui/uieditor/widgets/vehiclehuds/ground/vehicleground_hashtext.lua
64b28d9c20f73458,ui/uieditor/widgets/pc/footer/footerbutton_frontend_pc_left.lua
64c000bf9cd4daa4,ui/uieditor/widgets/cac/weaponcacpersonalizationname
64c121bb14813ef5,ui/uieditor/widgets/hud/map/compassawarenesscontainer.lua
64cd8ba7c21513da,ui/uieditor/widgets/hud/zm_score/zmscr_portrait.lua
64cee61320cd1f1b,ui/uieditor/widgets/startmenu/startmenu_codpoints
64d25869f40413aa,ui/uieditor/widgets/lobby/common/layoutelements/commonstripebarstencil.lua
64d2fb01d6a3b697,ui/uieditor/widgets/arena/leagueplay_aar_pointpanel.lua
64d8565bd863e709,ui/uieditor/widgets/footer/fe_footerbuttonpromptwithcontainermain.lua
64d8f254fa8cc0a6,ui/uieditor/widgets/zmfrontend/laboratory/laboratorylistiteminternaliconandtext.lua
64db54fb39b873d3,ui/utility/weaponattachmentsutility
64dcea505f400846,ui/uieditor/widgets/arena/arenakillcamvictimrank.lua
64de77cd235c97f1,ui/uieditor/widgets/notifications/xp/doublexpcardiconsrightaligned.lua
64e05f39ce617d18,ui/uieditor/widgets/genericpopups/loot_bonustoastgenericbacking.lua
64e2da269453191d,ui/uieditor/widgets/hud/mp_hacked/hud_hacked_ammo_widget
64e305ae5efd943d,ui/uieditor/widgets/scoreboard/zm/scoreboardrush
64e9f6792df8cfce,ui/uieditor/widgets/tablet/tak5/tablettak5
64eb3d9feda3ad66,ui/uieditor/widgets/itemshop/reserves/reservespreviewcontainer
64ee9841626515f3,ui/uieditor/widgets/mp/specialisthub/hubtagbonusbutton.lua
64ef91bc306473ff,ui/uieditor/widgets/gamesettings/gamesettings_optionscontainer
64f1efb7b87e6992,ui/uieditor/widgets/callingcards/loot2/callingcards_loot2_circusclown_fire01.lua
64f4fc49e6fd6b14,ui/uieditor/widgets/director/directorplaylistoption.lua
64fd781f7e506216,ui/uieditor/widgets/pc/contextualmenuaction
650279cd666ce7ee,ui/uieditor/widgets/director/directorpartybar
650979a1b08775c4,ui/uieditor/widgets/zmfrontend/zmdifficultyselectbutton.lua
650c19d6544affbc,ui/uieditor/widgets/itemshop/reserves/reserveslootpurchasebundlebutton.lua
650e60b40beb8896,ui/uieditor/widgets/common/commonfocusbrackets.lua
6519613da8cda634,ui/uieditor/menus/main
651cb89ab7a8399b,ui/uieditor/widgets/zmfrontend/laboratory/laboratoryelixirraritylabel
653652795356fa2e,ui/uieditor/widgets/hud/zm_ammowidgetfactory/zmammofactory.lua
653dd3afce6c5c69,ui/uieditor/widgets/aar_t8/tierreward/aartierrewarditemglowanimationrare
6548c1a69675098f,ui/uieditor/widgets/director/directorlobbymember.lua
654b57c3a78edc83,ui/uieditor/widgets/pc/footer/footer_bg.lua
6551bad30d5d02a9,ui/uieditor/widgets/aar_t8/rewards/aarspecialeventitem
655574c330da3d6e,ui/uieditor/widgets/aar_t8/summary/aarwinlosehistory
6556f545189e42ad,ui/uieditor/widgets/director/directorexpandedlobbymemberwarnings
655e14960d347b38,ui/uieditor/widgets/vehiclehuds/hellstorm/vhud_hellstorm_centerreticlewidget.lua
655ee06bf4bb5305,ui/uieditor/widgets/pc/dropdownlist
6565777d401d7115,ui/uieditor/widgets/startmenu/startmenu_barracks_factioncalling_button_internal
6568374bbf371ee1,ui/uieditor/menus/challenges/challenges_career.lua
6576272121dd3b0b,ui/uieditor/widgets/hud/core_ammowidget/ammowidget_equipmentempty.lua
657662d978a93248,ui/uieditor/widgets/lobby/spinner
6581a8f14ddb0a85,ui/uieditor/widgets/hud/core_ammowidget/ammowidget_powerbasedcount.lua
658d4fce5d3d555e,ui/uieditor/widgets/notifications/xp/doublexpcardiconsleftaligned
6593c55211eb5d58,ui/uieditor/widgets/pc/socialmenu/pc_battlenet_expander
659b0f981c5a11f4,ui/uieditor/widgets/pc/socialmenu/pc_battlenetfriend_sentinvite
659dc3206b584e36,ui/uieditor/widgets/mphudwidgets/overheadname_playernameandclantagglow.lua
65a068f4fb6e3407,ui/uieditor/widgets/callingcards/loot2/callingcards_loot2_surrealistlandscapes_stairs.lua
65a80a5001fdb28e,ui/uieditor/widgets/callingcards/loot3/ui_icon_callingcards_dystopian_headglow
65a9851f540ce2e6,ui/uieditor/widgets/hud/zm_perks/zmperkvaporitem.lua
65b16900a0e4c2b2,ui/uieditor/widgets/pc/hud/pc_killcamhint.lua
65b2c7a9dc688cbd,ui/uieditor/widgets/itemshop/contracts/contractseasonaloverlay_infopanel.lua
65bb312e0b745e73,ui/uieditor/widgets/reticles/tak5/tak5reticle_range.lua
65c09de9ff8964b9,ui/uieditor/widgets/pc_achievementprogressbar.lua
65c3516344ad0272,ui/uieditor/widgets/startmenu/options/startmenu_options_signinform
65c6cb421bf79a22,ui/uieditor/datasources.lua
65cdcabb2e805544,ui/uieditor/widgets/hud/zm_ammowidgetfactory/zmammo_bgbcarouselfactory.lua
65d0b66cd827a2c0,ui/uieditor/widgets/cac/selectedclassminipreview.lua
65e3a2795c098049,ui/uieditor/widgets/callingcards/loot2/callingcards_loot2_vikingbattles_blood01
65e51140a7a9b3c0,ui/uieditor/widgets/systemoverlays/featureoverlay_layout.lua
65e60188a1a651f5,ui/uieditor/widgets/callingcards/callingcards_summer_lenseflare.lua
65e92c71fe0e5747,ui/uieditor/widgets/challenges/challenges_callingcardprofiler
65e944fd43dbf64e,ui/uieditor/widgets/pc/contextualmenuaction.lua
65ecf9112947c9a1,ui/uieditor/widgets/pc/startmenu/dropdown/optiondropdownitem.lua
65f52f313dfd0fe8,ui/uieditor/widgets/mphudwidgets/bountyhunter/bountyhunterammobuyinternal
65f74ee71e1ed6da,ui/uieditor/widgets/borderbakedsolid
660dc315731f21af,ui/uieditor/widgets/callingcards/loot4/ui_icon_callingcards_assassin
661022b7a3037aeb,ui/uieditor/widgets/callingcards/callingcards_asset_vilains.lua
6610f1cbdaca5c76,ui/uieditor/widgets/director/directorreadybutton.lua
662039a6cc3468f0,ui/uieditor/widgets/callingcards/callingcards_asset_robotdawg.lua
6624cda7f88e1032,ui/uieditor/widgets/warzone/warzoneusetimerdynentprogress.lua
662519ad7f43450b,ui/uieditor/widgets/pc/startmenu/accessibilityoptions/startmenu_options_pc_accessibilityoptions_suboptionsnavigation.lua
6630a6ba25483f07,ui/uieditor/widgets/scoreboard/scoreboardgamestatusmapmask.lua
66370e14bd58d656,ui/uieditor/widgets/pc/socialmenu/pc_battlenetfriend_offline.lua
6639d94981411c94,ui/uieditor/menus/fullscreencolorunderhud
663b91cfe9b99991,ui/uieditor/widgets/lobby/lobbyinspection/inspectionweaponstats.lua
663c9cda3c54e774,ui/uieditor/widgets/health/healthboostnotificationcontainer.lua
663df596f375dffd,ui/uieditor/luielems/core/scavenger_icon.lua
6642c85ab8750f38,ui/uieditor/menus/zm/zmpersonalizecharactermain.lua
6643f45e363768db,ui/uieditor/widgets/gamesettings/gamesettings_optionscontainer.lua
66446f666d8827d8,ui/uieditor/widgets/tablet/tak5/tablettak5_healthbonus.lua
6649cddfc53e6a32,ui/uieditor/widgets/craft/emblemeditor/decalstickersetframe
665054b8f0650c5d,ui/uieditor/widgets/vehiclehuds/genericvhuddamagearea
6653024a9cec3179,ui/uieditor/widgets/leaderboard/autoaddfriendsbutton.lua
6662f6fb666c9c15,ui/uieditor/widgets/mp/specialisthub/hubinfostripe.lua
6668aaadc6f89bb5,ui/uieditor/widgets/director/directorlobbytierskipnotification.lua
66733462913727bd,ui/uieditor/widgets/vehiclehuds/attackhelicopter/vhud_attack_helicopter_flare_counter
667573b97d8b7900,ui/utility/codaccountutility.lua
667bfe852d8fd6d4,ui/uieditor/widgets/social/social_infopane.lua
667e83207dd9414e,ui/uieditor/widgets/arena/arenaeventbuttoninternal.lua
667ea1b2c881e70d,ui/uieditor/widgets/callingcards/callingcards_game_victories.lua
668134a2760441d1,ui/uieditor/widgets/fileshare/fileshareselectoritemwideinternal.lua
6687850e3c8c6215,ui/uieditor/widgets/notifications/playercard/playercard_nameandclantag_internal
668a5b22b99f0040,ui/uieditor/widgets/systemoverlays/systemoverlay_democustomizehighlightreel_layout
668d7c6123742d10,ui/uieditor/widgets/hud/gameendscore/gameendscoretitleframe
668e8f00efa22b76,ui/uieditor/widgets/hud/scoreinfo/scoreinfoctf
66947112378e931b,ui/uieditor/widgets/warzone/wzobituarycalloutcontainerdamagedealt
6694f27873251c6b,lua/lobby/lobbymerge.lua
669723f90383a43c,ui/uieditor/widgets/startmenu/options/flyout/startmenu_options_settingbutton
669bda84dd8d6c51,ui/uieditor/widgets/aar_t8/summary/aarsinglestat.lua
669c4c4ed0ad30a4,ui/uieditor/widgets/vehiclehuds/agr/vhud_agr_reticleoutsideline.lua
66a0b9c4e9b05e86,ui/uieditor/widgets/hud/scoreinfo/scoreinfo_scorebarroundpip.lua
66a2a17f84942bee,ui/utility/lootcontractsutility.lua
66a718a43d4ac984,ui/uieditor/luielems/zm/zm_game_over.lua
66ab452057c47fbd,ui/uieditor/widgets/startmenu/startmenu_contracts
66b0420f22198166,ui/uieditor/widgets/common/commonidentitywidgetstreamlinedsafeareacontainer.lua
66b11efc66400035,ui/uieditor/widgets/codcaster/directorcodcasterquicksettings.lua
66b2576bbd0d96fc,ui/uieditor/widgets/pc/pc_scrollbar_container.lua
66b727030f343bc3,ui/uieditor/widgets/hud/safeareacontainers/hud_mp_codcaster_safeareacontainer
66b89e031471ce27,ui/uieditor/widgets/lobby/lobbyinspection/inspectionplayerlevel.lua
66b97f57b408f41d,ui/uieditor/widgets/director/directorchoosegametypeframe.lua
66bc78104fdabeed,ui/uieditor/widgets/director/directorfeaturedaccentcarousel
66bf61737a7f3ed9,ui/uieditor/widgets/codcaster/codcasterloadoutmodulesecondarywildcard.lua
66c1792a17aa7111,ui/uieditor/widgets/cac/loadoutclassitemzombie.lua
66c2d0068c093e84,ui/uieditor/widgets/blackmarket/fx_ember
66c84b7a62ffb479,ui/uieditor/widgets/codcaster/codcasterportraitplayerlistentryextra.lua
66c8f4d6a699a554,ui/uieditor/widgets/codcaster/codcaster_settings_categorytabs.lua
66cb3870b4c898db,ui/uieditor/widgets/zmfrontend/laboratory/laboratorybottlelabellist
66cebf5e7d0d5c7d,ui/uieditor/widgets/cac/weaponvariants/weaponvariantpip
66cf3186a2428424,ui/uieditor/widgets/cac/chooseclassslideout
66d00856fffb788b,ui/uieditor/widgets/hud/killcam/killcamkilledbyweapon
66d05cd68c11a855,ui/uieditor/widgets/itemshop/cardglowcorners
66db622826b55f4f,ui/uieditor/widgets/pc/startmenu/pc_startmenu_options_keybindmessage_background.lua
66dc120936c9584d,ui/uieditor/widgets/freecursor/freecursoridentitypanel.lua
66dd809487cc5a76,ui/uieditor/widgets/lobby/common/fe_listheader.lua
66de64d3a1766ba8,ui/uieditor/widgets/craft/emblemeditor/emblemsafeareacontainer.lua
66e0bc9731e71f89,ui/uieditor/widgets/zmhudwidgets/inventory/zminvwonderweaponcomponent.lua
66e2a57a578a85e4,ui/uieditor/widgets/codcaster/codcastersupportbutton
66ea1f9cd6ef9c46,ui/uieditor/widgets/hud/zm_ammowidgetfactory/zmammo_bgbcarouseliteminternalfactory.lua
66ec1f13cff1c856,ui/uieditor/widgets/hud/zm_roundwidget/zmrnd
66eee5926f63b60b,ui/uieditor/menus/core_frontend_require
66ef0714faafa0ca,ui/uieditor/widgets/vehiclehuds/wasp/vhud_sentinel_reticle.lua
66effd94e52018cf,lua/lobby/matchmaking/lobbymatchmakingzm.lua
66f28821b90063e7,ui/uieditor/widgets/hud/mp_voipwidget/voip_container
66f694d60ec64699,ui/uieditor/widgets/aar_t8/tierreward/aartierrewardshowcaseinternalcontraband
66f731b7a2ec9c60,ui/utility/playerroleutility.lua
66f8582a91aa0db1,lua/shared/codlootshared.lua
66fa8f91f73aa441,ui/utility/surveyutility.lua
66fd6b1c6e7fd305,ui/uieditor/widgets/wzaar/wzaar
66fe8e87c3a6babf,ui/uieditor/widgets/vehiclehuds/gunship/vhud_gunship_recticle_40mm
66fe92076e537c27,ui/uieditor/widgets/arena/arenainfotabliveevents.lua
67036950a4f907a2,lua/lobby/lobbyclans
670bb87168d85d61,ui/utility/ammowidgetutility
670c573d51e562ce,ui/utility/cputility
670e4f77413f836d,ui/uieditor/widgets/vehiclehuds/genericvhudtimebar.lua
670eb1e8c63559c4,ui/uieditor/widgets/cac/customization/cacgenericbutton.lua
6710a1570ed235b2,ui/uieditor/widgets/notifications/perks/notificationperkscontainer
6712dce670d1ed7c,ui/uieditor/widgets/scoreboard/zm/scoreboardrowzm.lua
67139dde30490cc8,ui/uieditor/widgets/hud/zm_perks/zmperkvaporicon
6721942f7dad2d12,ui/uieditor/widgets/callingcards/callingcards_zm_zombie_hunter_08
6722479b00d6ae68,ui/uieditor/widgets/aar_t8/squadsummary/aarsquadplacement
6723c41f6b2dfcdf,ui/uieditor/widgets/aar_t8/rewards/aarspecialeventreward_zm.lua
6725eee4981551ee,ui/uieditor/widgets/zmfrontend/zmplaylistselected.lua
6730a2fde3110a47,ui/uieditor/widgets/callingcards/loot3/ui_icon_callingcards_robber_laser
67323f389161595d,ui/uieditor/widgets/facebuttonwithkeymouse
6732ef5e833e059e,ui/uieditor/widgets/vehiclehuds/dart/vhud_dart_internal
6735e1f1e9ff57b5,ui/uieditor/widgets/pc/dropdownlist.lua
673be12d4ce44ac1,ui/uieditor/widgets/callingcards/callingcards_robbery.lua
673ff064d16a0105,ui/uieditor/menus/startmenu/popups/startmenu_options_privacysettings
6741bc55b9feb47d,ui/uieditor/widgets/itemshop/supplychain/purchasetiers.lua
67421a04fcf58b84,ui/uieditor/widgets/mphudwidgets/waypointhardpoint_timer.lua
6748414a8aaa9b21,ui/uieditor/widgets/health/healthbarwidgetpulse.lua
674b4b413bc42b3f,ui/uieditor/widgets/cac/loadoutclassitemcontainerinternal.lua
674c83d1a47c54d2,ui/utility/arenainvitationalutility.lua
674d045268eb6203,lua/lobby/lobbypaintjobs
674f939c5384ff11,ui/uieditor/widgets/aar_t8/tierreward/aartierrewardshowcaseinternalcontraband.lua
674fa4297c066b6a,ui/uieditor/widgets/arena/arenaprogresswidget.lua
6758e3a951fb5d07,ui/uieditor/widgets/pc/bnetstore/pc_bnetstore_purchasebutton.lua
675e553bec904d39,lua/shared/codlootshared
675f58849e183c1f,ui/uieditor/widgets/callingcards/callingcards_zombieapocalypse
67601f1446ca254a,ui/uieditor/widgets/hud/core_ammowidget/ammowidget_clipcontainerpress.lua
67629ec7b99348f8,ui/uieditor/widgets/mphudwidgets/waypoint_textbgtraining
6764072a8b023151,ui/uieditor/widgets/endgameflow/playofthematchtitle
676511006ba8d45c,ui/uieditor/widgets/startgameflow/loadingscreenloadbar_wz
6766f5a3e4b0c884,ui/uieditor/widgets/callingcards/callingcards_ground_assault_master
6767cc8f4a0a1bc3,ui/uieditor/widgets/hud/core_ammowidget/ammowidget_stockammopip.lua
676f82c814686c59,ui/uieditor/widgets/challenges/challengescallingcardprofilerglobal
677308f8cf1e4f7c,ui/uieditor/widgets/scoreboard/wz/scoreboardmaprowheadingwz.lua
677998529ad1c6ed,ui/uieditor/widgets/vehiclehuds/dart/vhud_dart_reticle.lua
6779ab587392c59d,ui/uieditor/widgets/reticles/mp/ripperlockreticle
677fa938ff05fe02,ui/uieditor/widgets/callingcards/callingcards_asset_rotated_black_smoke
67845859b7f01317,ui/uieditor/widgets/aar_t8/rewards/aarcurrencyitem.lua
678468bc6cb102a0,ui/uieditor/widgets/menuspecificwidgets/scriptdebugmenulistwidget.lua
678acec075e04d68,ui/uieditor/widgets/callingcards/loot2/callingcards_loot2_warriorcreatures_character.lua
678aed3de3472820,ui/uieditor/luielems/core/multi_stage_target_lockon.lua
678b9b7d920a0a01,ui/uieditor/widgets/aar_t8/merit/meritreportwidget.lua
67935bd4c2250126,ui/uieditor/widgets/itemshop/contracts/contractrarityheadertile
679b9b7e79131af5,ui/uieditor/widgets/leaderboard/leaderboard.lua
67a2e403287c6522,ui/uieditor/widgets/mphudwidgets/waypointcentersimple
67adf082c3b0b238,ui/uieditor/widgets/startmenu/options/flyout/startmenu_options_settinginfo.lua
67b14c4575b81ffe,ui/uieditor/widgets/social/social_partysettingsbuttoninternal.lua
67b29be6d79555b6,ui/uieditor/widgets/hud/zm_score/zmscoreinfo
67b56e2e7c950903,ui/uieditor/widgets/social/social_infopane_party.lua
67c2267365fd2a91,ui/uieditor/menus/gamesettings/gamesettings_cacrestrictionsettings.lua
67c6bc93c499ae6e,ui/uieditor/widgets/zmhudwidgets/inventory/zminvsentinelartifactlarge
67cd60243d970f2c,ui/uieditor/widgets/callingcards/loot2/callingcards_loot_cuteanimals
67d20ae3d9c1ab2a,ui/uieditor/widgets/mphudwidgets/bountyhunter/bountyhuntertierbacking.lua
67d82a756b04896a,ui/uieditor/widgets/scoreboard/wz/scoreboardmapwz.lua
67da870d26d08025,ui/uieditor/widgets/vehiclehuds/attackhelicopter/vhud_attack_helicopter_rocket_counter.lua
67e82c855df95ad7,ui/uieditor/widgets/hud/scoreinfo/scoreinfo_meterline
67eae7e01ceb7358,ui/uieditor/widgets/callingcards/callingcards_mp_100percent.lua
67eb861ad644af31,ui/uieditor/widgets/zmhudwidgets/hud_zm_arcade_heart
67ec83d585bc77b3,ui/uieditor/widgets/tablet/tabletlocationselector_internal
67efaf2f566c4e95,ui/uieditor/widgets/backgroundframes/identitybadgeupperrightsafe
67f5d82ee0ad504b,ui/uieditor/widgets/cac/weaponattributesemptybar
67f7542d50fa0bce,ui/uieditor/widgets/specialist/specialistpersonalizationbuttonoption.lua
67ff401ae1e9bf7e,ui/uieditor/menus/pcui/formation/pc_ui_formationmenu.lua
680088c433c4049b,ui/uieditor/widgets/scoreboard/tabbedscoreboardffastatbox.lua
680295cd0836c57b,ui/uieditor/widgets/callingcards/callingcards_asset_grunt_radio_container.lua
68034b632ce7f3e4,lua/lobby/lobbyleaderboard
680588206b0326aa,ui/uieditor/widgets/craft/craftauthorinfo.lua
680eb9706d854cc4,ui/uieditor/widgets/mp/specialisthub/hubweaponsbuttoninternal
680ecf97a57686e4,ui/uieditor/widgets/endgameflow/codcasterteambasegradient.lua
680fb3c94aea8c31,ui/uieditor/menus/lobby/zm/directorgamemodeselectionzmoffline.lua
6811ee964fb8cc5a,ui/uieditor/widgets/warzone/warzoneinventorylinearrow.lua
6814c085d0bdb54a,ui/uieditor/widgets/aar_t8/rewards/aarrewardsdynamicxp
6820895a12ec8cca,ui/utility/ctutility
68231275885574b6,ui/uieditor/menus/scriptdebugmenu.lua
6825b3d102933abc,ui/uieditor/widgets/common/commonplasmacurrency.lua
682d3d6a7440fd8e,ui/uieditor/widgets/cac/attachmentloadoutclasslistitem.lua
6839c93885a2fed8,ui/uieditor/widgets/reticles/chargeshot/chargershot_4corner_bracket
683fdf4983fb5894,ui/uieditor/widgets/genericpopups/loot_bonustoastgenericbacking
68400b672024e311,ui/uieditor/widgets/hud/zm_ammowidgetfactory/zmammo_particlefx.lua
684a65387ed01e9b,ui/uieditor/widgets/hud/core_ammowidget/ammowidgetvehiclereloadmeter
684c4bb68b501261,ui/uieditor/widgets/director/directorconfigbutton.lua
684d15a1a872a4f7,ui/uieditor/widgets/codcaster/codcasterlivescount.lua
684fdc7f0e59007a,ui/uieditor/luielems/mp/ct_shared_objcounter.lua
6852e2707273b3e5,ui/uieditor/widgets/vehiclehuds/hellstorm/vhud_hellstorm_button_all
6856c082282252d7,ui/uieditor/widgets/hud/obituary/obituaryblurbacking.lua
68585507a17a3569,ui/uieditor/widgets/aar_t8/tierreward/aartierrewarditemempty.lua
686277e9366d72be,ui/uieditor/widgets/tablet/tableticepickhackdetectionbar.lua
686d9e93b177b8c2,ui/uieditor/widgets/pc/socialmenu/pcsocialmenu_playerlistitem_playerinfos.lua
6872d33ac7f932f7,ui/uieditor/widgets/startmenu/startmenu_changespecialist_ct
6877966f09b2444c,ui/uieditor/widgets/hud/map/compassawarenessringbacker
687cb9f30e25526f,ui/uieditor/widgets/vehiclehuds/tank_robot/vhud_tank_robot_framesquare
6885895df59805c8,ui/uieditor/widgets/buttonprompt.lua
6887151a5a73109b,ui/uieditor/widgets/vehiclehuds/agr/vhud_agr_reticlefocusframeleft.lua
688771219179e0e9,lua/lobby/lobbypartyprivacy
6889ad21cadbbce1,ui/uieditor/widgets/director/directortierskipnotificationcontractavailableinternal.lua
6889e6abaea2a560,ui/uieditor/widgets/codcaster/codcasterteamidentityinformation
688a4793bcdc6806,ui/uieditor/widgets/itemshop/reserves/reserveslootbribebuttoncontainer
688ce8b3bcd25260,ui/uieditor/widgets/itemshop/blackjacksshopframe.lua
689fc0f6a75e4aa8,ui/uieditor/luielems/zm/zm_location.lua
68ac955f87a41a32,ui/codroot.lua
68ad6caf7657a396,ui/uieditor/widgets/leaderboard/playerslistcountandmax
68b479de2ac36886,ui/uieditor/widgets/mphudwidgets/outofbounds/outofbounds_sidebar
68bffa67adecd788,ui/uieditor/widgets/pc/startmenu/voiceoptions/startmenu_options_pc_voice_voicebar_recordbutton.lua
68c63b46dae5a66f,ui/uieditor/widgets/codcaster/codcasterportraitplayerlistentryequipment
68c6d453a61a9fec,ui/uieditor/widgets/director/directorstageindicator.lua
68cd770250906213,ui/uieditor/widgets/cac/cac_buttonboxlrginactive
68d1adc2235d1aa2,ui/uieditor/widgets/hud/core_ammowidget/ammowidget_stockammo
68d32b03e55ea065,ui/uieditor/widgets/startmenu/options/frames/startmenu_options_frame_network.lua
68d830475c06a62e,ui/uieditor/widgets/zmhudwidgets/hud_zm_trialscontainer.lua
68d904e1e00a279d,ui/uieditor/widgets/challenges/challenges_category_title
68d9203449623ab5,ui/uieditor/widgets/aar_t8/summary/aarstattypetabheader
68dfca5bbae8349e,ui/uieditor/widgets/mphudwidgets/bountyhunter/bountyhunterpreviewdollars.lua
68e62d3d85240c40,ui/uieditor/menus/lobby/director
68e7d1dd5b99e669,ui/uieditor/widgets/cac/customclasstabs.lua
68ebe551764f08b5,ui/uieditor/widgets/warzone/warzonedeathcamlineaccents
68f1ac3edb5adbab,ui/utility/feedutility
68f8cac1072cb4f9,ui/uieditor/widgets/startmenu/startmenu_identity_subtitle_bg
68fce3af6abb2bba,ui/uieditor/widgets/lobby/common/list1buttonlarge_ph_internal.lua
68fd38b89728974a,ui/uieditor/widgets/aar_t8/merit/challengecoin
69016adbc7432770,ui/utility/colorutility.lua
6904c54778dfc3a5,ui/uieditor/widgets/common/common_cappedline.lua
69052afdd42d6865,ui/uieditor/widgets/hud/helpmessagecontainer
6906749ab0d5bbee,ui/uieditor/widgets/social/social_managepartyplayerbuttonrankdetails
690b38fa8435cbbf,ui/uieditor/widgets/chat/chatcliententrycontainer
690c5cee147893f1,ui/uieditor/widgets/warzone/warzonestreamhider
691768ddaf4d2bca,ui/uieditor/menus/pcui/pc_store_refund_korea
691ca97d252d48bc,ui/utility/jobfeedutility
691ee3f5c466ea3a,ui/uieditor/widgets/systemoverlays/systemoverlay_prestigerewards
691f33f1e8d7d723,ui/lui/luihorizontallist.lua
69220087c645f831,ui/uieditor/widgets/hud/zm_perks/zmperkvaporcooldownpulse
692cfe3ba42fff31,ui/uieditor/widgets/motd/motd_bannercontainer.lua
693a361833ecf4c3,ui/uieditor/widgets/reticles/scanner/scannerreticle_ui3d.lua
693e1dc6a383520d,ui/uieditor/widgets/vehiclehuds/attackhelicopter/vhud_attack_helicopter_flare_counter.lua
694351d2574826e8,ui/uieditor/widgets/blackmarket/fx_ember.lua
694d9caca5260629,ui/uieditor/widgets/callingcards/callingcards_robbery
694dab3a4d2d79b2,ui/uieditor/widgets/hud/corner9slice
6952393f78dcd7fa,ui/uieditor/widgets/itemshop/reserves/reserveslootbundlecratebutton.lua
6952f1906b7b2488,ui/uieditor/widgets/vehiclehuds/mothership/vhud_ms_buttonwidget.lua
69560feeaeef0ec6,ui/uieditor/widgets/mphudwidgets/waypointhardpoint.lua
6958bc76203db6b1,ui/uieditor/widgets/zmhudwidgets/inventory/zminvchallengeprogress.lua
695d27f6a0761cf2,ui/uieditor/widgets/codcaster/codcasterloadoutmoduleprimaryattachment
6960b8d226c888d2,ui/uieditor/widgets/mphudwidgets/waypointcapturedpercentmessagecontainer
6964bf9868b052f9,ui/uieditor/widgets/pc/openbutton_button.lua
69654476742bdb0f,ui/utility/pcbattlenetutility
69672b41f76ff7ba,ui/uieditor/widgets/notifications/weaponlevelup/weaponlevelupnotification_footerlabel01.lua
69679faabe7638d9,ui/uieditor/widgets/vehiclehuds/gunship/vhud_gunship_multi_reticle
696839bd6f46147f,ui/uieditor/widgets/cac/weaponattachmentselect/attachmentslot
696f1ebc5966e605,ui/uieditor/widgets/zmfrontend/laboratory/laboratoryoffernameanddescription.lua
697483b442684eeb,ui/uieditor/widgets/itemshop/reserves/reservesspecialcontractinternal
697f890129ee9bb3,ui/uieditor/widgets/hud/scoreinfo/scoreinfohardpointobjective
698643364c4fd6c1,ui/uieditor/widgets/callingcards/callingcards_asset_pirates_sword
69882d5cfd382409,ui/uieditor/widgets/startmenu/startmenu_options_checkboxoption
698d22bfae1f6d16,ui/uieditor/widgets/freecursor/infopanelsubwidgets/freecursorpartyleader.lua
698d241729e33751,ui/uieditor/widgets/hud/zm_roundwidget/zmrnddigitsint
698e5c0e20bc3a34,ui/uieditor/menus/startmenu/popups/startmenu_options_codaccount_signin.lua
699010b266eeb183,ui/uieditor/widgets/hud/gameendscore_wz/gameendscore_deathcam.lua
6998f71c212fcd7c,ui/uieditor/widgets/menuspecificwidgets/scriptdebugmenulistwidget
699cb10f69425489,ui/uieditor/widgets/arena/arenaeventtimersmallstartsin.lua
699e7576eaf0080d,ui/uieditor/widgets/hud/mpgametypes/mp_hardcoreinventorywidget
699f5b7717800f77,ui/uieditor/widgets/mphudwidgets/thrustmeter/thrustmeterchevronthin.lua
69a3c499ade70829,ui/uieditor/widgets/startmenu/options/flyout/startmenu_options_settingslider_wrapper.lua
69a6e7401d3653e9,ui/uieditor/widgets/cacwildcardselectionanimation.lua
69aab8cc9bba9c21,ui/uieditor/widgets/hud/zm_score/zmscr_arcade
69afce68b741846d,ui/uieditor/widgets/warzone/warzonecollapseprogress.lua
69b0dc90c4c75e4d,ui/uieditor/widgets/pc/socialmenu/pcsocialmenu_playerlistitem_playerinfos_acceptinvitetoparty
69ba9452c4301cf4,ui/uieditor/widgets/cac/cac_buttonboxlrgidle.lua
69bf4161fe672a21,ui/uieditor/widgets/wzaar/wzaarchallengereward
69c202ce339fe865,ui/uieditor/widgets/itemshop/itemshoppreviewbuttoncontentimage
69ceded122936b46,ui/utility/metricsutility.lua
69d631a7a85e5f82,ui/uieditor/widgets/entitylockon/grenadewarning_internal
69d94022a5b73d44,ui/uieditor/menus/startmenu/popups/pc_startmenu_options_codaccount_signin.lua
69e51fe2aebfe469,ui/uieditor/widgets/pc/craft/craftactionbutton.lua
69e7742c310891a9,ui/uieditor/widgets/hud/mpcalloutitems.lua
69e9198b8b1a81d5,ui/uieditor/widgets/pc_simplevscrolllist
69f0c909fb4316e9,ui/uieditor/widgets/scoreboard/tabbedscoreboardlayoutsideelements
69f6d8335d2f9eed,ui/uieditor/widgets/startmenu/startmenu_quitbuttonfitted.lua
6a01846a6b51ad5a,ui/uieditor/luielems/wz/prototype_self_revive.lua
6a023f0f055deb55,ui/uieditor/menus/hud/hudelementtimer.lua
6a035599c7380abd,ui/uieditor/widgets/lobby/common/liveeventviewerstreamercount.lua
6a04278fafbdb4cb,ui/uieditor/widgets/itemshop/contracts/contractraritybackground.lua
6a0839447c306e11,ui/utility/aarutility
6a096a04b0ce686d,ui/uieditor/widgets/hud/scoreinfo/scoreinfo_timer
6a0fe74cf3b9cdb5,ui/uieditor/widgets/startmenu/startmenu_options_network_overviewpanel.lua
6a1631e91978f556,ui/uieditor/widgets/callingcards/loot4/ui_icon_callingcards_fairytales_finger2.lua
6a1e3458734c429b,ui/uieditor/menus/startmenu/startmenu_options_main
6a1ff7509168a421,ui/uieditor/menus/aar_t8/arena/aar_leagueplaydivplacement
6a2891301cec59a6,ui/uieditor/widgets/mphudwidgets/waypoint_nobackplate
6a2dc061b5f62aca,ui/uieditor/widgets/itemshop/itemshopbuttonframe
6a36f59f783725c4,ui/uieditor/widgets/lobby/common/liveeventviewermovieandbackground
6a3a4f3b51153287,ui/uieditor/widgets/lobby/mapvote/mapvotenodemoselected
6a40f39fe052cf54,ui/uieditor/widgets/callingcards/loot3/ui_icon_callingcards_crimewave_criminalcar.lua
6a41a376325c5207,ui/uieditor/widgets/hud/zm_revive/zm_revive.lua
6a47cd3554c96cbe,ui/uieditor/widgets/motd/motd_imagetexttile.lua
6a4bd87dd06cc0c7,ui/uieditor/widgets/scoreboard/tabbedscoreboardrank.lua
6a5345e91e58dd3b,ui/uieditor/widgets/aar_t8/arena/aar_leagueplay_placementpip
6a550abac220aafe,ui/uieditor/widgets/hud/equipment/blackhat/hackingbar
6a563ef7d1bc8f60,ui/uieditor/widgets/genericpopups/loot_toastframebackground.lua
6a57bfc635e074e7,ui/uieditor/widgets/mphudwidgets/overheadname_playernameandclantag.lua
6a58d363c8bf7eab,ui/uieditor/widgets/hud/deadspectate/deadspectate_spectatingmode
6a5e5b699e3c7636,ui/uieditor/menus/overlaysystem/systemoverlay_messagedialog
6a603c2adaeb0c17,ui/uieditor/widgets/competitive/competitiveaardivisionrankawardplaces.lua
6a66b25a146b0455,ui/uieditor/menus/challenges/challenges_operations
6a68f4a37f2218c4,ui/uieditor/widgets/zmhudwidgets/inventory/zminvobjectiveprogressitem
6a6a317daadcf9c6,ui/uieditor/widgets/startmenu/startmenu_gameoptions_zm
6a7614e453911704,ui/uieditor/widgets/notifications/xp/tierboostambientglow.lua
6a7c061a3bdce820,ui/uieditor/widgets/vehiclehuds/ground/vehicleground_modt3.lua
6a80e0ed0ab980c9,ui/uieditor/widgets/hud/prematchcountdown/prematchcountdown_numberssmall.lua
6a8541f4e26649c1,ui/uieditor/widgets/mphudwidgets/thrustmeter/thrustmeterdots.lua
6a8c141ed4ad57ad,lua/lobby/matchmaking/lobbymatchmakingcustom
6a8d56a316c6ad40,ui/uieditor/widgets/vehiclehuds/genericvhudhealthandradar
6aa4a875e6d01dd8,ui/uieditor/widgets/callingcards/loot4/ui_icon_callingcards_fairytales_armgroup
6aa8f00e2107f186,ui/uieditor/widgets/reticles/chargeshot/chargershot_4corner_line
6aad8c6cb8c21870,ui/uieditor/widgets/arena/arenaskillevaluationwidget
6aaef876b26d3283,ui/uieditor/menus/arena/leagueplayrankrules.lua
6ab5064c82e044a7,ui/utility/arenarankedplayutility.lua
6ab6874427430d62,ui/uieditor/widgets/hud/map/compassgroupmpsmoke
6abcd0f4f616b618,ui/uieditor/widgets/footer/fe_rightcontainermain
6ac518d39094b662,ui/uieditor/widgets/warzone/wzobituarycalloutcontainerkillconfirm.lua
6ac786b98d23afea,ui/uieditor/widgets/pc/socialmenu/pc_socialmenu_friendtabcontent
6aceddb5fd7dedae,ui/uieditor/widgets/mphudwidgets/bountyhunter/bountyhunterpackagetierseparator.lua
6acf3eac79f2b2d0,ui/uieditor/widgets/codcaster/codcasterminimap.lua
6acf56119b835592,ui/uieditor/widgets/cac/list1buttonchooseclass.lua
6ada91e3a9782108,ui/uieditor/widgets/social/pc_socialmenu_addfriendtextbox.lua
6ade951b2d8c4d9a,ui/uieditor/menus/lobby/zm/directorzmtrialsinfo
6ae2cf5ba65e8174,ui/uieditor/widgets/vehiclehuds/mothership/vhud_ms_notificationbox
6aeebd84ee6620e5,ui/uieditor/widgets/reticles/mp/ripperlocklinewidget.lua
6af9591d8aa7b385,ui/uieditor/widgets/codcaster/directorcodcasterquicksettings
6afb0fdb9191a2d2,ui/uieditor/widgets/startmenu/wz/startmenu_inventorydescription
6afe0e7b144ea5a6,ui/uieditor/widgets/vehiclehuds/vhud_layoutdotline.lua
6afefbd837379597,ui/uieditor/widgets/pc/socialmenu/pcsocialmenu_playerlistitem_playerinfos_removebutton.lua
6aff9824c5dec3ee,ui/uieditor/widgets/hud/wzholdbuttonprompt.lua
6b03fceb8b47de49,ui/uieditor/widgets/vehiclehuds/agr/vhud_agr_reticleoutsidedotsur.lua
6b05c0560a46ef7d,ui/uieditor/widgets/warzone/warzoneusetimerplayericon
6b062cc95c4f444b,ui/uieditor/widgets/startgameflow/tipwidgetbacking.lua
6b071c30ce3723db,ui/uieditor/widgets/lobby/mapvote/mapvoteofficial.lua
6b0f8ead593f0378,ui/uieditor/widgets/pc/battlenetfriendlist/battlenetaddfriendpopup
6b150ccaafe5c2cb,ui/uieditor/widgets/hud/core_ammowidget/ammowidgetwzcontainer.lua
6b152949a6c31669,ui/uieditor/widgets/vehiclehuds/wasp/vhud_sentinel_centerreticle.lua
6b157ebcd8b4adcc,ui/uieditor/widgets/challenges/challenges_safeareawidget
6b1a5ff64a609f41,ui/uieditor/widgets/lobby/common/fe_buttonfocus
6b1afd5994a3a964,ui/uieditor/widgets/mphudwidgets/waypointprogressring.lua
6b1ff8a968d4152d,ui/uieditor/widgets/wzaar/wzaar_meritflare
6b22de913522a151,ui/uieditor/widgets/pc/dropdown.lua
6b26353d9b8d1cf7,ui/uieditor/widgets/vehiclehuds/gunship/vhud_gunship_flare_dock.lua
6b30db0298f2803c,ui/uieditor/widgets/callingcards/loot3/ui_icon_callingcards_crimewave_wheelspin02.lua
6b3216c1e0be9717,ui/uieditor/menus/challenges/challenges_expert
6b34a1785fca272a,ui/uieditor/widgets/vehiclehuds/gunship/vhud_gunship_recticle_25mm
6b40a50c0581f80a,ui/uieditor/widgets/zmhudwidgets/hud_zm_trial_objective
6b457950783a31db,ui/uieditor/widgets/store/storefeaturedcenterbuttoninternal.lua
6b510337ce785cf4,ui/uieditor/menus/demo/demosavesegmentpopup
6b66155f91d2abd0,ui/uieditor/widgets/pc/freecursor/pc_tooltipspromptsbackground.lua
6b691ea0d02579e4,ui/uieditor/widgets/reticles/mp/ripperlockarrowwidget.lua
6b70b2b5baf6201d,ui/uieditor/widgets/zmhudwidgets/hud_zm_laststand_bleedout_perk_bar_item_perk.lua
6b74057f7884b1f5,ui/uieditor/widgets/startmenu/startmenu_challengescareertab
6b74a28cf56c198b,ui/uieditor/widgets/mp/specialisthub/hubspecialist_character_internal
6b7ab102736f70ed,ui/uieditor/widgets/pc/hud/hud_keypromptframe_scorestreak
6b865e3d4b6e6448,ui/uieditor/widgets/tabbedwidgets/basictablist_trigger.lua
6b9363c1b28d579c,ui/uieditor/widgets/arena/arenaeventprogressbuttondailybonus
6b99de1de2ead39c,ui/uieditor/widgets/vehiclehuds/gunship/vhud_gunship_105mm_ammocounter.lua
6b9b77d02a6c15ce,ui/uieditor/widgets/pc/pc_achievementdetailedview_points.lua
6b9cf45d45561f20,ui/uieditor/widgets/hud/safeareacontainers/hud_wz_safeareacontainer_back.lua
6b9e6f65062f67af,ui/utility/feedutility.lua
6ba0ffcc60b61842,ui/uieditor/widgets/store/storespinner.lua
6ba1becb5559b00c,ui/uieditor/widgets/hud/fx/emp_weaponinfo
6bad5476bc0399eb,ui/uieditor/widgets/zmfrontend/zmloadoutpreviewselectclass
6bada5168620c5fe,default
6bb27790d93ab0fb,ui/uieditor/widgets/lobby/common/liveeventviewerstatuswidget.lua
6bb378a3693ada71,ui/uieditor/widgets/craft/paintshop/paintjobeditorsafeareacontainer.lua
6bb5f80d1f1d612d,ui/utility/scorestreakselectutility
6bb6802b829c217b,ui/uieditor/widgets/scoreboard/tabbedscoreboardmapinfographic
6bba64c07ae98683,ui/uieditor/widgets/callingcards/callingcardsset_blackmarketwidget
6bbef582d3f4c268,ui/uieditor/widgets/mp/specialisthub/hubtagbutton_internal.lua
6bc056d2e072518c,ui/uieditor/widgets/scoreboard/tabbedscoreboardstripe.lua
6bc225fb093abaa1,ui/uieditor/widgets/itemshop/contracts/contractpreviewbuttoninternal.lua
6bc6e2379d2241fb,ui/uieditor/widgets/common/commonidentitywidgetstreamlined
6bcf248fb7e53dd8,ui/uieditor/widgets/startmenu/options/frames/startmenu_options_frame_graphics
6bd79293b7df49eb,ui/uieditor/widgets/callingcards/callingcards_futureracing_asset01.lua
6bd993eb9f8429b0,ui/uieditor/widgets/lobby/missingdlcnotification_textinternal
6bda9dc9c42ba19a,ui/uieditor/widgets/cac/newbreadcrumblarge
6bdc4956715f81d7,ui/uieditor/widgets/pc/cyclinglist_arrow
6bde7cf80961a07b,ui/uieditor/widgets/zmhudwidgets/inventory/zminvchallenges.lua
6bde7e9bf93c339a,ui/uieditor/widgets/craft/paintshop/paintshopbuttonprompt.lua
6be2e311a92b8846,ui/uieditor/widgets/cac/weaponattachmentselect/attachmentdescriptionheader.lua
6be9912d842f222c,ui/uieditor/widgets/hud/grapple_reticle
6becb90ed07d829e,ui/uieditor/widgets/endgameflow/playofthematchgamertagbacking.lua
6bf00e8eeee2ec92,ui/uieditor/widgets/customgames/customgames_settingbutton_internal.lua
6bf4ee01acdb2b9c,ui/uieditor/widgets/mp/matchsettings/startmenu_changeteam
6bf673c16d77fa4a,ui/uieditor/widgets/hud/core_ammowidget/ammowidgetmp_ultimate_progress_fill_player_portrait.lua
6c0067945f88edf8,ui/uieditor/menus/startmenu/popups/pc_startmenu_options_codaccount_signin
6c0abf34d34172ee,ui/uieditor/widgets/vehiclehuds/dart/vhud_dart_frameright.lua
6c0b0349d3432457,ui/uieditor/menus/mp/specialisthub/mpspecialisthub.lua
6c1288beaac15ba8,ui/uieditor/menus/zm/zmperkselect
6c12ed5921ee2f5d,ui/uieditor/widgets/hud/scoreinfo/scoreinfo_timer.lua
6c22220d6fcfcca7,lua/shared/luautils.lua
6c263c83a3d77b56,ui/uieditor/widgets/hud/core_ammowidget/ammowidgetmp_abilityitem.lua
6c272fc87cab0c0d,ui/uieditor/widgets/pc/pc_achievement_container
6c2c146142c6b6c4,ui/uieditor/widgets/vehiclehuds/mothership/vhud_ms_statuswidgetright.lua
6c2d581688fcdcba,ui/uieditor/widgets/pc/socialmenu/pcsocialmenu_playersfiltertab.lua
6c2eeaa4e731c73f,ui/uieditor/widgets/pc/notifications/pc_notif_keyprompt_container
6c2ef150edc05149,ui/uieditor/widgets/cac/chooseclassslideoutbacking
6c3376eb25a0a12d,ui/uieditor/widgets/craft/paintshop/paintjobselectoritem.lua
6c354b0a26f3b5f9,ui/uieditor/widgets/startmenu/startmenu_smalltierlevel
6c38998062edc4fa,ui/uieditor/widgets/social/social_party
6c39acda87d5a335,ui/uieditor/widgets/cacwildcardselectionanimationprimary
6c438d75d63d852f,ui/uieditor/widgets/playercard/selfidentitybadgepreview
6c46d12ae973a083,ui/uieditor/widgets/hud/scoreinfo/scoreinfoescortbarprogress.lua
6c4f83d83f45f77a,ui/uieditor/widgets/zmfrontend/zmtrialmedal.lua
6c5031fde3726237,ui/uieditor/widgets/codcaster/codcasterobjectivestatuslifecount
6c55b707438f4ac1,ui/uieditor/widgets/hud/core_ammowidget/ammowidgetmp_helditem
6c5c748f3094a4f5,ui/uieditor/widgets/arena/arenaleagueplaybg.lua
6c5fe80bd7d95f92,ui/uieditor/widgets/craft/emblemeditor/decalstickersetframe.lua
6c68e35524efc8d1,ui/uieditor/widgets/mphudwidgets/waypointarrowcontainer
6c6c3d15b56ae634,ui/uieditor/menus/pcui/pc_ui_test_menu
6c6ef78156e73aaf,ui/uieditor/widgets/hud/scoreinfo/scoreinfo_ticketsystemlife.lua
6c7a70f5004ad7ac,ui/uieditor/widgets/common/commoncheckbox
6c7abbbccd696c39,ui/uieditor/widgets/common/commonitemslotlarge.lua
6c883c8eb787dc0c,ui/uieditor/widgets/cac/menuchooseclass/itemwidgets/buttonweaponlevel.lua
6c8dd08c25e06d91,ui/uieditor/widgets/mphudwidgets/waypoint_zmtrialarcade.lua
6c8f44477e40f994,ui/uieditor/widgets/callingcards/callingcards_asset_vilains_fire
6c9125b19ebaf3d8,ui/utility/bountyhunterutility
6c913d33df1b57a6,ui/uieditor/widgets/startgameflow/loadingscreenheader.lua
6ca069531cd2c330,ui/uieditor/widgets/callingcards/callingcards_asset_racoonarm_r.lua
6ca1c04ff7a4cf59,ui/uieditor/widgets/hud/buttonprompt3d/namelabel
6ca3931328278a0b,ui/uieditor/widgets/hud/corner9slicezm.lua
6caf3cedd5ac4996,ui/uieditor/widgets/pc/pc_achievementdetailedview_points
6cb0851c93993dc4,ui/uieditor/widgets/hud/obituary/obituarycalloutcontainerplayerkilled.lua
6cb40786e0290864,ui/uieditor/luielems/wz/spectrerisingindicator.lua
6cba35583c7c9038,ui/uieditor/widgets/hud/mp_scorestreakwidget/scrstk_meterkaratinner
6cbbcf27600cb7a1,ui/uieditor/widgets/gamesettings/gamesettings_gearrestriction.lua
6cbc3d81e3f40cac,ui/uieditor/widgets/genericpopups/toast_container
6cbc3f2d1c9436dd,ui/uieditor/widgets/callingcards/callingcards_asset_vilains_sky
6cc6b2941dd7c030,ui/uieditor/widgets/hud/gameendscore/gameendscoreoutcomeffabarsmall.lua
6cc747eea5e62c70,ui/uieditor/widgets/common/commoncheckbox.lua
6cc9ca892a619096,ui/uieditor/widgets/blackmarket/bm_iteminfocompactpanel
6ccd687a331e7a31,ui/uieditor/widgets/arena/arenaeventtimersmallstartsin
6ce3604433342b41,ui/uieditor/widgets/pc/sliderbar_barhandle_bardetail
6ce70b402442139b,ui/uieditor/widgets/common/commonheadertext
6ce8704116c6f3e1,ui/uieditor/widgets/startmenu/options/frames/startmenu_options_frame_voice.lua
6ce91c6f91e31fb5,ui/uieditor/widgets/itemshop/reserves/reservespromointernal.lua
6cefce5f74c04cd9,ui/uieditor/widgets/hud/prematchcountdown/prematchcountdown_2xpweaponbadge.lua
6cf90a501f0cd8ba,ui/uieditor/widgets/hud/core_ammowidget/ammowidgetmp_healcooldown
6cf9f29b4710db46,ui/uieditor/widgets/aar_t8/rewards/aarcontractreward.lua
6cfcc2981f1a9e47,ui/uieditor/widgets/pc/footer/footerbutton_persistentleftcontainer.lua
6cfe7c48edbc2e71,ui/uieditor/widgets/hud/core_ammowidget/ammowidget_sdbomb.lua
6cffe63547e8848b,ui/uieditor/widgets/hud/gameendscore/gameendscoretitle
6d019ee604df7ce4,ui/uieditor/widgets/buttonprompt
6d09f425310f4086,ui/uieditor/widgets/mphudwidgets/armoroverlaycontainer.lua
6d1cee118c5359e4,ui/uieditor/widgets/footer/fe_rightcontainermain.lua
6d2ae5c0940c61a9,ui/uieditor/widgets/startmenu/startmenu_button_hero_internal.lua
6d36b0d44ede5f65,ui/uieditor/luielems/mp/mp_prop_controls.lua
6d38e3b99b0767fe,ui/uieditor/widgets/freecursor/infopanelsubwidgets/freecursorbuttonpromptcontainer.lua
6d3a4ea4e0cd3f22,ui/uieditor/widgets/callingcards/callingcards_blackmarket_set_widgetinternal.lua
6d40af79e3974f35,ui/uieditor/widgets/demo/demorenametextbox.lua
6d436ebcab0de9e3,ui/uieditor/widgets/reticles/mp/bowlauncherreticle_l4
6d4371bcab0deefc,ui/uieditor/widgets/reticles/mp/bowlauncherreticle_l1
6d4373bcab0df262,ui/uieditor/widgets/reticles/mp/bowlauncherreticle_l3
6d4374bcab0df415,ui/uieditor/widgets/reticles/mp/bowlauncherreticle_l2
6d4429bcf6580c74,ui/uieditor/widgets/itemshop/purchasedcontractsmenucontainer
6d44c4cf5da5f302,ui/uieditor/widgets/mphudwidgets/codcaster/codcastertimer.lua
6d4550113ea4f7d2,ui/uieditor/widgets/entitylockon/rocketlauncherlockon_internal
6d4b42e5473c513d,ui/uieditor/widgets/wzaar/wz_aarchallengecontainerinternal.lua
6d4fd2cff476eaae,ui/uieditor/widgets/genericiconbutton_container
6d5504359f8c0fcd,ui/uieditor/widgets/startmenu/options/flyout/startmenu_options_settingslider
6d58642f40ad6e08,ui/uieditor/widgets/blackmarket/contracts/bm_activecontractrewards
6d596b8a923ef2ce,ui/uieditor/widgets/craft/emblemeditor/colorpicker/emblemeditorcolormixer
6d5b07693679e0b6,ui/uieditor/widgets/director/directorfeatureditem
6d6084d285dc1ae8,ui/uieditor/widgets/director/directorplaylistoption
6d658bd3fc76b148,ui/uieditor/menus/wz/wzpersonalizecharactermain.lua
6d684cd1c9bf004f,ui/uieditor/widgets/cac/weaponattachmentselect/attachmentflyoutcontainer.lua
6d69f65024f3f205,ui/uieditor/widgets/arena/leagueplayleaderboard_infopanewinstreak
6d6cd6768e5bf2a9,ui/uieditor/widgets/debug/lobbyprocessqueuedebugitemtext.lua
6d6e81f620bbe35c,ui/uieditor/widgets/codcaster/codcasterloadoutperks.lua
6d6f270af29a0a26,ui/uieditor/widgets/cpsystems/revive/bleedout/bleedoutclampedarrow
6d717612533034a4,ui/uieditor/widgets/callingcards/callingcards_asset_cold_breath
6d72b72bc4de143f,ui/uieditor/widgets/hud/core_ammowidget/ammowidget_weaponimage
6d7d132556bdd847,ui/uieditor/widgets/pc/socialmenu/pc_socialmenu_partyinvitestab.lua
6d84ca5c64009f49,ui/uieditor/widgets/hud/prematchcountdown/prematchcountdown_beginsin.lua
6d86f9171b1308cc,ui/uieditor/widgets/startmenu/wz/startmenu_inventorylist.lua
6d89c903f1eb145b,ui/uieditor/widgets/startmenu/options/startmenu_options_codaccountbutton.lua
6d90671b853a008e,ui/utility/cacutility
6d94df24ac2c85bb,ui/uieditor/widgets/director/directorlobbymemberneverexpand.lua
6d9555af6faa42f8,ui/uieditor/widgets/hud/scoreinfo/scoreinfo_ticketsystemteam
6d988b567be037bc,ui/uieditor/widgets/itemshop/contracts/contractdetailspanelbacker
6d994426b8af60f8,ui/uieditor/menus/demo/demosavesegmentpopup.lua
6d9acc80d127472d,ui/uieditor/widgets/scorestreaks/scorestreaks_titlebox
6da2c234e72fb090,ui/uieditor/widgets/tablet/tabletlocationselector_hinttext.lua
6da5a8b2900f9042,ui/uieditor/widgets/rankupnotificationtile
6da6a537c2db090f,ui/uieditor/widgets/hud/core_ammowidget/ammowidget_ctfflag.lua
6da9394bb967c4a6,ui/uieditor/widgets/director/directordraftselectloadout.lua
6daaae409cbd851a,ui/uieditor/widgets/callingcards/callingcards_set_blackmarket
6dbdc73a4a6c0b46,ui/uieditor/widgets/director/directorzmlobbysettinglist
6dbdcaf71c56394d,ui/uieditor/widgets/warzone/warzoneusetimerplayericon.lua
6dc0fc4f12ef5abe,ui/uieditor/widgets/fileshare/filesharecategorycontentlist
6dc5a03802e24fe6,ui/uieditor/widgets/director/directorcontractsbutton.lua
6dc89ff6e8dddf28,ui/uieditor/menus/callingcards/callingcards_blackmarket.lua
6dcda6a8989beaf5,ui/uieditor/luielems/wz/wz_revive_prompt.lua
6dce010b48b2535d,ui/uieditor/widgets/itemshop/blackjacksshopframenopreview.lua
6dd5005861478647,ui/uieditor/widgets/hud/zm_notiffactory/zmnotif1factory.lua
6dd6d09fed6d9eea,ui/uieditor/widgets/startmenu/options/startmenuoptionsbackground.lua
6de1e931405ce8e5,ui/uieditor/widgets/health/healthboostnotification.lua
6de842edb006f204,ui/uieditor/widgets/callingcards/loot2/callingcards_loot2_surrealistlandscapes
6dea64c9af2db31f,ui/uieditor/widgets/arena/leagueplayleaderboard_infopane.lua
6deaa59a39898617,ui/uieditor/widgets/aar_t8/rewards/aarrewardcontractdesc.lua
6deb4c6e391aa750,ui/uieditor/widgets/notifications/notificationqueuewidgets/notificationrewardqueuewidgets/iconrewardwidget
6def6a654efe7944,ui/uieditor/widgets/arena/arenaeventprogressbutton
6defbbdae0614938,ui/uieditor/widgets/zmfrontend/zmtabbedscoreboardstatbox.lua
6df0353f94832f63,ui/uieditor/widgets/startmenu/startmenu_options_pc_keybindertooltip.lua
6df9162dceac3de8,ui/uieditor/widgets/blackmarket/contracts/bm_activecontractitemreward.lua
6dfb12dfe108941d,ui/uieditor/widgets/hud/core_ammowidget/ammowidgetwz_abilityitem_heal.lua
6dfdf2f9639c3f7b,ui/utility/zombiescallingsutility
6e052cdb9757d51a,ui/uieditor/widgets/director/directorbuttonadd.lua
6e11293fad636881,ui/uieditor/menus/cac/equipmentselect
6e12ddba2d13fc72,ui/uieditor/widgets/onoffvoip
6e14b250c889b1c3,ui/uieditor/widgets/vehiclehuds/lightningstrike/vhud_lightningstrike_ambientgadget.lua
6e1b6065122832d3,ui/uieditor/widgets/director/directorcustomizeclasszm
6e2584bb9d362575,ui/uieditor/menus/overlaysystem/systemoverlay_freecursor_full.lua
6e26b55c0d1094c0,ui/uieditor/widgets/hud/gameendscore_wz/gameendscore_gamestatusplayerkills
6e2bc66057e20f01,ui/uieditor/widgets/mphudwidgets/scorepopup/mpscrfeeditem.lua
6e2be45d0343a8c3,ui/uieditor/widgets/hud/core_ammowidget/abilityholdtoactivatezm
6e36567066cc63e8,ui/uieditor/menus/startmenu/startmenu_main.lua
6e3d567c3c19cb8b,ui/uieditor/widgets/reticles/mp/ripperlockreticletemp.lua
6e3fbf24cbcafdec,ui/uieditor/widgets/mphudwidgets/bountyhunter/bountyhunterpackagetieritem
6e44d4ee75261cd2,ui/uieditor/widgets/zmhudwidgets/inventory/zminvquests
6e4c6510b87c3614,ui/uieditor/luielems/zm/zm_arcade_keys
6e4da61ab1729cd7,ui/uieditor/widgets/aar_t8/medals/medalsgriditeminternal.lua
6e4fee79c080ccb9,ui/uieditor/widgets/chat/chatclientchatentrystaticview
6e539eb3c3e1e639,ui/uieditor/widgets/zmhudwidgets/inventory/zminvchallengeprogress
6e59f88bc0f16b1b,ui/uieditor/widgets/startmenu/startmenu_connectionmeter
6e6168a1610696be,ui/uieditor/widgets/mphudwidgets/codcaster/codcasterbuttons.lua
6e61d541ada7b2a1,ui/uieditor/widgets/aar_t8/tierreward/aartierrewarditemglowanimationultra.lua
6e6316db56ce8fb5,ui/uieditor/widgets/common/commonlistbuttonleftinternal
6e6833c1ee2f94f3,ui/lui/luilist.lua
6e68d3e2d131562b,ui/uieditor/widgets/aar_t8/scoreboard/aarnemesis.lua
6e6d551ed7584fc9,ui/uieditor/widgets/social/social_playercard.lua
6e6df4068375d284,ui/uieditor/widgets/director/directorgenericbutton
6e6e8451f342f4c7,ui/utility/optionsutility.lua
6e6e998e69bb521f,ui/uieditor/widgets/hud/obituary/obitinfofeedcontainer
6e78f25fc8658278,ui/uieditor/widgets/cac/customization/cacgenericbutton
6e7a761dc5bd83bd,ui/uieditor/widgets/callingcards/callingcards_blackmarketmastercardwidget
6e7e67e8df1bf8bc,ui/uieditor/widgets/itemshop/contracts/contractdetailspanelinfo.lua
6e80204599f61b79,lua/lobby/lobbymapvote
6e8162651ccb6603,ui/uieditor/luielems/wz/insertion_passenger_count
6e83ff1effe38ef5,ui/uieditor/widgets/reticles/blackcell/timer
6e8557c096837ea5,ui/uieditor/widgets/specialist/jumpkitselected.lua
6e88d568b3a84470,ui/uieditor/widgets/callingcards/callingcards_heavymetal.lua
6e8c9585bd4d7a5e,ui/uieditor/widgets/mphudwidgets/waypoint_textwithbg
6e8d22374215bbc8,ui/uieditor/widgets/systemoverlays/systemoverlay_full_basicframe_prestige
6e8f58aebd0f9757,ui/uieditor/widgets/craft/emblemeditor/emblemlayernumber.lua
6e8fbdebfc99b5c5,ui/uieditor/widgets/zmfrontend/cac/zmattachmentslotsmall
6e9502b110907a96,ui/uieditor/widgets/competitive/competitiveaardivisionrankawardcontainer
6e95436bf279d160,ui/uieditor/widgets/vehiclehuds/hellstorm/vhud_hellstorm_button_layout
6e957c51009ff684,ui/uieditor/widgets/aar_t8/levelup/aarlevelupoverlay_cornerbracketinternal
6e95c2762ac5b4eb,ui/uieditor/widgets/vehiclehuds/attackhelicopter/vhud_attack_helicopter_internal
6e9893935abbf230,ui/uieditor/luielems/wz/vehicleturretdurability
6e99ff0aea3f40ee,ui/uieditor/widgets/aar_t8/tierreward/aartierrewardshowcaseinternalcorecontraband.lua
6e9afa4e6cd8ba2b,ui/uieditor/widgets/reticles/infinite/lmginfinitereticle_ui3d.lua
6e9c15c04a7cade7,ui/uieditor/widgets/minimap/minimapdetected.lua
6e9cfc3cb5356fa5,ui/uieditor/widgets/common/commontabbar
6ea09598a387175f,ui/uieditor/widgets/startmenu/startmenu_barracks_factioncalling_button.lua
6ea90fbad5e07e48,ui/uieditor/widgets/pc/startmenu/graphicsoptions/startmenu_options_pc_graphicsoptions_sidebuttonexpendablelist
6eaa6ef43d3c78de,ui/uieditor/luielems/core/multi_stage_friendly_lockon
6eab3384bb7b4900,ui/uieditor/widgets/itemshop/supplychain/supplychaindetails_infopanel.lua
6eaf9a4bfb066b1b,ui/uieditor/widgets/vehiclehuds/gunship/vhud_gunship_recticle_40mm.lua
6eb3f278af43a9d7,ui/uieditor/menus/mp/specialisthub/mpspecialisthubbindwheel.lua
6eb5f71d1692cef1,ui/uieditor/widgets/scoreboard/tabbedscoreboardcolheaders
6ebe55ae6be92868,ui/uieditor/widgets/hud/centerconsole/centerconsoletext.lua
6ecf324448f71f57,ui/uieditor/widgets/cac/classminipreview/classminipreviewattachmentpip.lua
6ed41a515e8ae48d,ui/uieditor/menus/cac/weapontabbedaccessoriesselect.lua
6ed4399571a36766,ui/uieditor/luielems/zm/zm_towers_challenges_hud
6ee191186621ccf9,ui/uieditor/widgets/cac/cac_background_slide_panel.lua
6ee1f2d6740c51d1,ui/uieditor/widgets/startmenu/startmenu_button_hero_internal
6ee57f1194687f12,ui/uieditor/widgets/lobby/common/fe_buttonpanelshader
6ee8144a2947c93a,ui/uieditor/widgets/aar_t8/scoreboard/aarscoreboardtab
6ee9f35305c1c0f1,ui/uieditor/widgets/startmenu/startmenu_identity_subtitle_bg.lua
6eec067af00d4e5b,ui/uieditor/widgets/demo/democontrolsbuttondollycameratimescale
6eef578dc6c7eb0b,ui/uieditor/widgets/warzone/warzonequickinventoryitem
6eef8dcfe7b2aafc,lua/lobby/lobbyevents
6efa7fad77f5e3f1,ui/uieditor/widgets/startmenu/options/startmenu_options_registrationform.lua
6efbe61c47df35f4,ui/uieditor/widgets/pc/notifications/pc_notif_timechoicebutton
6efce9ac22be8e9f,ui/uieditor/widgets/endgameflow/top3playerscoreblurbox
6f0b833f778848c1,ui/uieditor/widgets/hud/mp_scorestreakwidget/scrstk_meter.lua
6f10adbfcdc07f8d,ui/uieditor/widgets/cac/chooseclassslideoutinternal
6f1259b8b773d765,ui/uieditor/widgets/notifications/playercard/playercardmenu
6f164b5c2cf85da0,ui/uieditor/widgets/reticles/tak5/tak5reticlebracketboxes.lua
6f16f2b409bf7b6c,ui/uieditor/widgets/mp/specialisthub/hubshowcasecheckbox.lua
6f1777c23eb8e841,ui/uieditor/widgets/callingcards/callingcards_asset_truckwheelanimation.lua
6f1ba750269f9d18,ui/uieditor/widgets/codcaster/codcasterplayerlistheaderwidgetcontainer
6f1e8b13ffafda55,ui/uieditor/widgets/specialist/jumpkitselected
6f1eca93cd34eccf,ui/uieditor/menus/lobby/singleplayerinspection
6f26e61036f85224,ui/uieditor/widgets/director/directorblackmarketbuttoninternal_v2
6f2a39fa4fd0066b,ui/uieditor/widgets/callingcards/callingcards_asset_steampunkwarriors_shoulder
6f2ec54a282a3222,lua/lobby/lobbyclans.lua
6f315f285d876794,ui/uieditor/menus/social/social_playerdetailspopup
6f3d0ec96fa6ea75,ui/uieditor/menus/cac/reticleselect.lua
6f46104faa3702c9,ui/uieditor/widgets/aar_t8/tierreward/aartierrewardparticle
6f4f7efec9bbee3c,ui/uieditor/widgets/endgameflow/finalkillcamplayerinfo.lua
6f51c31e46f6cd6d,ui/uieditor/widgets/callingcards/loot2/callingcards_loot2_vikingbattles
6f52167eaf5dc054,ui/uieditor/widgets/zmfrontend/zmgenericsummarystatwidget
6f57bac23cc6a855,ui/uieditor/menus/challenges/challengescareerwz.lua
6f5cf8edd5ecee41,ui/uieditor/widgets/hud/zm_notif/zmnotif1_cursorhint.lua
6f5fe4b9649ecee1,ui/uieditor/widgets/mp/specialisthub/hubweaponsbutton
6f65b3780508b5c7,ui/uieditor/widgets/buttonprogressring
6f6e81a6a7a7675f,ui/uieditor/widgets/aar_t8/arena/aar_leagueplay_placementpip.lua
6f6ffffbea858c2c,ui/uieditor/widgets/callingcards/callingcards_asset_robotdawg
6f72d4606ccc678a,ui/uieditor/widgets/notifications/notificationqueuewidgets/notificationrewardqueuewidgets/notification2xpreward
6f75d2c69a5727ba,ui/uieditor/widgets/craft/emblemeditor/stickersetbonusdecal
6f76d24ca4263dc4,ui/uieditor/widgets/itemshop/contracts/contractitemempty
6f7b83520db15771,ui/uieditor/widgets/zmfrontend/laboratory/laboratoryspecialoffers.lua
6f850c5d44f3d423,ui/uieditor/widgets/pc/startmenu/chatoptions/startmenu_options_pc_chatoptions_suboptionsnavigation.lua
6f8513ede47186a2,ui/uieditor/widgets/systemoverlays/systemoverlay_layout_groups
6f8dbda083901ad4,ui/uieditor/widgets/zmfrontend/cac/zmsignatureweaponitemgridbutton.lua
6f9d0663ea7b5188,ui/uieditor/widgets/vehiclehuds/wasp/vhud_sentinel_timebar
6f9f518d6b1f96da,ui/uieditor/widgets/itemshop/itemshopraritybackgroundstream.lua
6fa4beaf76beb5ef,ui/uieditor/widgets/craft/emblemeditor/stickersetframe
6fb4ac1597b7dda8,ui/uieditor/widgets/vehiclehuds/vehicleholdbuttonprompt
6fb86694570c7e50,ui/uieditor/widgets/aar_t8/tierreward/aartierrewarditemhighlight
6fb947c9ddba02e9,ui/uieditor/widgets/director/directorchoosemapframe.lua
6fc364981803c3de,lua/lobby/lobbylaunch
6fc4c3dc5d489f9b,ui/uieditor/widgets/startmenu/startmenu_barracks_wz_winrecordwidget
6fc87ab662077203,ui/uieditor/menus/gamesettings/gamesettings_attachmentrestrictionsettings.lua
6fc970d1abadf32e,ui/uieditor/widgets/warzone/warzoneinventoryequipped.lua
6fce63782cae60aa,lua/lobby/matchmaking/lobbymatchmakingasync
6fd01a46a0e352c9,ui/uieditor/menus/challenges/challenges_career
6fd03d7ed3b54e89,ui/uieditor/luielems/zm/zm_towers_crowd_meter.lua
6fd6432d26a0a682,ui/uieditor/widgets/aar_t8/tierreward/aartierrewardshowcaseinternalepic
6fd7d47c64b87ee4,ui/uieditor/widgets/pc/pc_achievementdetailedview_points_bg
6fda45231af81f63,ui/uieditor/widgets/director/directormapgametypeanddifficulty
6fdb58b739b97895,ui/uieditor/widgets/pc/battlenetfriendlist/pc_battlenet_addfriend_information_description
6fe1159ce8fa444b,ui/uieditor/widgets/aar_t8/arena/aarladderpoints
6fed80f8bacb80c6,ui/uieditor/widgets/mphudwidgets/waypointclosemessage
6ff0d00d9a1d13cf,ui/uieditor/menus/demo/timelineeditorfilmoptions
6ff3f371ba869eda,ui/uieditor/widgets/social/social_infopaneright
6ff8e2bee4582626,ui/uieditor/widgets/tablet/tak5/tablettak5.lua
6ff936e9bc4df392,ui/uieditor/widgets/director/directortutorialmapselectitem_internal
6ffb36a8a6ad6541,ui/uieditor/widgets/callingcards/callingcards_asset_bomber_plane.lua
700657c628b7f7ea,ui/uieditor/widgets/callingcards/callingcards_asset_truck
700713f90349e538,ui/uieditor/widgets/social/social_missingdlcnotification_internal.lua
7007ff08c6d95a4c,ui/uieditor/widgets/loadinganimation/spinnerloadinganimation.lua
700b72b11da51ac4,ui/uieditor/widgets/hud/zm_revive/zm_reviveclampedarrow.lua
700d5687ea000a7c,ui/uieditor/widgets/callingcards/callingcards_humiliation_master.lua
700e2a08ff7c0b7b,ui/uieditor/widgets/arena/gauntlet/arenagauntletlosstracker.lua
7014313bfac1a2ac,ui/utility/colorutility
70190d4212b0e1cb,ui/uieditor/widgets/cac/weaponattachmentselect/attachmentflyoutcontainer
701bdfa28f98a09c,ui/uieditor/widgets/reticles/chargeshot/chargershot_active_center.lua
701d48ed62e33003,ui/uieditor/widgets/gamesettings/gamesettings_zmsystems
701f9b16b8524156,ui/uieditor/widgets/arena/gauntlet/arenagauntletprogressbar.lua
70218890762b209b,ui/uieditor/widgets/specialist/specialistoutfitentryicon
702352848a3a3cbb,ui/uieditor/widgets/buttonicon
7029b109c0cac539,ui/uieditor/widgets/debug/lobbyprocessqueuedebug.lua
7029e401d8a9827e,ui/uieditor/widgets/vehiclehuds/vhud_centerframeleft.lua
702b59b873dcd88d,ui/uieditor/menus/itemshop/itemshopconfirmation.lua
703466c3db0dd943,ui/uieditor/widgets/itemshop/supplychain/streamlevel.lua
703605d9b9f8c945,ui/uieditor/widgets/pc/startmenu/controlsoptions/pc_startmenu_options_controls_tabcontent_dropdownpresetkeybindings.lua
70373061ed793fbf,ui/uieditor/widgets/zmfrontend/laboratory/laboratoryelixirraritylabel.lua
703ab95527d1d578,ui/uieditor/widgets/aar_t8/tierreward/aartierskipnotification
703b3f564e4b422b,ui/uieditor/widgets/mp/matchsettings/ingameplayerlistrow
703f6c87f55ffe27,ui/uieditor/widgets/hud/gameendscore_wz/gameendscore_deathcam
703fe9229739d3d5,ui/uieditor/widgets/hud/equipment/emp/emprebootelectromagneticwidget
703fef929658734a,ui/uieditor/conditions.lua
7045d3f72ead42e2,ui/uieditor/menus/blackmarket/reservesspecialcontractmenu.lua
70480fe25dad584f,ui/uieditor/widgets/scoreboard/scoreboardgametypespecificstat.lua
7048e5990537e7ed,ui/uieditor/widgets/scrollbars/horizontalcountertriggerprompts.lua
704edd6d02630ced,ui/uieditor/widgets/vehiclehuds/gunship/vhud_gunship_button_all.lua
7051aeca9a27ea9b,ui/uieditor/menus/overlaysystem/systemoverlay_freecursor.lua
705472dea320e309,ui/uieditor/widgets/vehiclehuds/mothership/vhud_ms_statuswidgetbottom
705780e00f862b14,ui/utility/bgbutility.lua
705a873e109fe152,ui/uieditor/widgets/startgameflow/tipwidgetlist_wz
7063a34b1fa1a4b9,ui/uieditor/widgets/challenges/challenges_tiericon.lua
7064b5fb4985b256,ui/uieditor/widgets/cac/menuchooseclass/categoryheader.lua
706baca9bcf151fc,ui/uieditor/widgets/pc/startmenu/controlsoptions/pc_startmenu_options_controls_listcontainer
7077dff2fa3cd321,ui/utility/gametypeutility
707a5216c5a646b1,ui/uieditor/widgets/mp/mpdamagefeedback_predictedindicator
707b03cd64ad0a79,ui/uieditor/widgets/hud/core_ammowidget/ammowidget_sdbomb
707b22f584852cb0,ui/uieditor/widgets/demo/demo_options_slider_control_item
7081eb7f6c38380f,ui/uieditor/widgets/craft/emblemeditor/decalgroupslistframepaintshop.lua
7084662ffcdea628,ui/uieditor/widgets/pc/utility/optioninfowidget
7085cb5e06caa068,ui/uieditor/menus/callingcards/callingcards
7086032b1d01da41,ui/uieditor/widgets/aar_t8/tierreward/aartierrewardcolumnheaderhighlighted
7089e281a3d8979b,ui/uieditor/widgets/playercontextualmenu
709c48ab786bfd26,ui/uieditor/widgets/director/directorzmmapselectiteminternal.lua
70a27a62f07ee599,ui/uieditor/widgets/common/commonlistbutton.lua
70a434ef3a41c44e,ui/utility/pckoreautility
70acba4fe1c0f20b,ui/uieditor/widgets/cac/loadoutclassitemsecondary.lua
70b4c9da758844c0,ui/uieditor/widgets/warzone/warzonekilleridentity.lua
70b4f58a0ac6d431,ui/uieditor/luielems/zm/zm_towers_crowd_meter
70b7de20fce59ea0,ui/uieditor/widgets/motd/motd_imagetext_tiles
70ba72b08fda6493,ui/uieditor/widgets/pc/pc_smallclosebutton
70bad6a4b63b546c,ui/uieditor/widgets/motd/motd_imagetext_tiles.lua
70bb626ce5d7a2e6,ui/uieditor/widgets/systemoverlays/systemoverlay_alertstatusbar.lua
70c0ed8e2b521ab0,ui/uieditor/widgets/startmenu/startmenu_options
70ccda226110a5e1,ui/uieditor/widgets/hud/prematchcountdown/prematchcountdown_2xpweaponbadge
70e7a3aff580bf07,ui/uieditor/widgets/cac/equippedmarker.lua
70e879c1139dd0c2,ui/uieditor/widgets/systemoverlays/systemoverlay_layout_genericforeground_full.lua
70e99196b904ad18,ui/uieditor/widgets/codcaster/codcastersettingfooter
70f38330bc80b7c6,ui/uieditor/widgets/aar_t8/summary/aarwinlosehistory.lua
70f64a16f3daec0d,ui/uieditor/widgets/blackmarket/contracts/bm_contractdetailsinternal
70f6c421adfbccaa,ui/uieditor/widgets/scrollbars/horizontalcounterverticalspace.lua
70f6c91bd97ff21b,ui/uieditor/widgets/reticles/blackcell/blackcell
70f730b248d7b643,ui/uieditor/widgets/zmhudwidgets/inventory/zminvobjectiveprogress
70fc306767dffb0c,ui/uieditor/widgets/arena/gauntlet/arenagauntletwincounter
70fd6b77061d6fcc,ui/uieditor/widgets/leaderboard/leaderboardheader.lua
70ff0e5922f9cf49,ui/uieditor/widgets/callingcards/callingcards_mp_loot_master
7101f53f9f9803d1,ui/uieditor/widgets/systemoverlays/systemoverlay_full_layout.lua
7102dc9c7930b744,ui/uieditor/widgets/genericpopups/toast_container_clansteams
7105cfad75274d6c,ui/uieditor/widgets/hud/zm_ammowidgetfactory/zmammo_bgbcarouselfactory_internal.lua
71091cbae4e762b9,ui/uieditor/widgets/mphudwidgets/readyevents/readyevents
710936b07eef2e8c,ui/uieditor/menus/lobby/director.lua
710e31420732627f,ui/uieditor/widgets/challenges/challengessummarycategorylist_wz.lua
71114dc24c016469,ui/uieditor/widgets/systemoverlays/systemoverlay_layout_foregroundmultilinetext
7115f1edca00452b,ui/uieditor/widgets/vehiclehuds/dart/vhud_dart_timebar.lua
7117c4312032454a,ui/uieditor/widgets/arena/gauntlet/arenagauntlettierprogressbacking.lua
711a88176079ebcb,ui/uieditor/menus/hud/equipment/empgrenade/emprebootindicator.lua
711d42ace63b7c83,ui/uieditor/widgets/hud/gameendscore_wz/gameendscore_killeridentity.lua
71209bc67e205ceb,ui/uieditor/widgets/pc/startmenu/audiooptions/startmenu_options_pc_audio_tabcontent.lua
71242c51f913d99c,ui/uieditor/menus/cac/weaponselectflyout.lua
71268a8e6dcdbc03,ui/uieditor/widgets/arena/arenaleagueplay_ladderskilldivisionsubtitle
713012bca0fbd2f4,ui/uieditor/widgets/battlenet/frontendbattlenetcontainer
71305c54f67eb198,ui/uieditor/widgets/aar_t8/squadsummary/aarsquadheader
71391e29b3804784,ui/uieditor/widgets/codcaster/codcastersettingssidebarloadoutsettingscontainer
71394ae5e9cdcb54,ui/uieditor/widgets/bumperbuttonwithkeymousetext
7139ca039864b24b,ui/uieditor/widgets/mp/specialisthub/hubstatsbutton
7146f936ed170b11,ui/uieditor/widgets/callingcards/callingcards_goldframe.lua
7151a9f89b614c73,ui/uieditor/widgets/aar_t8/rewards/aarrewardheader_zm
7155604051e6ebf7,ui/uieditor/widgets/codcaster/codcasterlivescount2.lua
71573d95684b6926,ui/utility/cputility.lua
71690601ad3b4c05,ui/uieditor/widgets/hud/gameendscore/gameendscoreoutcomeffabar
716b2e70ff973ab7,ui/uieditor/widgets/warzone/warzonequickinventorymenuitemsmall.lua
71703b7f2b740df4,ui/uieditor/widgets/pc/openbutton.lua
71735369e56bdd89,ui/uieditor/widgets/arena/arenarubies.lua
71738bb1b8ba5b93,ui/uieditor/widgets/codcaster/codcasterlivescount
717e932bb106eb18,ui/utility/pcwidgetutility.lua
718183b7c4f53828,ui/uieditor/widgets/zmfrontend/armory/armory_opticslist
71850ed39b9104e4,ui/uieditor/widgets/startmenu/options/startmenu_options_controllerlayout
718ced87ee825d0f,ui/uieditor/widgets/hud/core_ammowidget/ammowidget_cpdatapackage
7191c5c54fb91185,ui/uieditor/menus/craft/emblemeditor/emblemeditor
7192a347560f0f5d,ui/uieditor/widgets/barracks/zmdailycallingstierskipnotification
71a1e09a2037eb34,ui/uieditor/widgets/craft/emblemeditor/craftlayersavailable
71a2e59dc55c2814,ui/uieditor/widgets/callingcards/callingcards_replacer_scooter
71a3074a147a6425,ui/uieditor/widgets/main/atvicopy.lua
71a3d1f301d13ce9,ui/utility/healthutility.lua
71a78832cbbc87ce,ui/uieditor/widgets/hud/cp_damagewidget/damagewidget_panel.lua
71aad859e3e99965,ui/uieditor/widgets/vehiclehuds/vehicleradarrtt.lua
71b3bebae5e3f953,ui/uieditor/widgets/zmfrontend/cac/zmtalismansafeareacontainer
71b6091814b45fae,ui/uieditor/widgets/craft/emblemeditor/stickersetbonusdecal_internal.lua
71bb12a03f0e296d,ui/uieditor/widgets/pc/socialmenu/pc_battlenetfriend_receiveinvite.lua
71bedc83960bb635,ui/uieditor/widgets/hud/killcam/killcamkilledbyequipment.lua
71bf0f5b435e0a27,ui/uieditor/widgets/motd/motd_buttoncontainer
71c1aa88548f1c11,ui/uieditor/widgets/mphudwidgets/codcaster/codcastermap
71c942c18972ea88,ui/uieditor/widgets/motd/motd_bannerimagetext
71cb0920525dbeb7,ui/uieditor/widgets/genericpopups/codpoints_listbutton.lua
71d8bce033cf1036,ui/uieditor/widgets/genericpopups/toast_container_clansteams_checkmark
71d9baeb97fa3665,ui/uieditor/menus/arena/arenagauntletprogressiondetails.lua
71db07f9505327e5,ui/uieditor/widgets/pc/startmenu/pc_flexibleverticaltextblock
71e12248ecc95ef5,ui/uieditor/widgets/cac/weaponselect/weaponlistwidget.lua
71eeb5883c70d588,ui/uieditor/widgets/common/commonxpicon.lua
71eebaf5b4211a29,ui/uieditor/widgets/callingcards/callingcards_snakegods.lua
71f846296f1a1b81,ui/uieditor/widgets/director/directorselectbuttonminiinternal
720ba1a9425eadbf,ui/uieditor/widgets/chat/frontend/frontendchatclient
720ffe0054077959,ui/uieditor/widgets/craft/emblemeditor/colorpicker/emblemeditorgradientcolorswatch.lua
7210f3ebf652ff83,ui/uieditor/widgets/pc/startmenu/chatoptions/startmenu_options_pc_chat_tabcontent.lua
7213634351838d49,ui/uieditor/widgets/common/commontooltipbacking
7213d6270090adf7,ui/uieditor/widgets/pc/utility/textbacking
7215f109e2da8793,ui/uieditor/widgets/tablet/tableticepickgadget
721fbf1151650ae2,ui/uieditor/widgets/itemshop/itemdiscount
722089dafab12bda,ui/uieditor/widgets/mphudwidgets/gametypescoreinfo/sddemobjectivenotification.lua
7228151985b0e431,ui/uieditor/widgets/warzone/warzonedeathcamlabellarge
7228a7baa572b047,ui/uieditor/widgets/callingcards/callingcards_framewidget
7229463285b923b4,ui/uieditor/widgets/arena/leagueplayleaderboard.lua
722d8b3b3820d242,ui/uieditor/widgets/itemshop/itemshopraritybackground
7231c568a03e8d4a,ui/uieditor/widgets/pc/socialmenu/pcsocialmenu_genericbutton
72321aa5d656b975,ui/uieditor/widgets/craft/emblemselectpreviewwidget
7233e193bf9509f4,ui/uieditor/widgets/notifications/publiclobbystagenotification/stagenotificationcontainer
7245f3e810562559,ui/uieditor/widgets/hud/zm_perks/zmperkvaporitemchargecountlistwidget.lua
7246ddc9b9d04d57,ui/uieditor/widgets/hud/zm_ammowidgetfactory/zmammo_bgbringtimerfactory.lua
724770c6ea73e34b,ui/uieditor/widgets/director/directormatchmakingtimerinternal.lua
724fc083296c2fe5,ui/uieditor/widgets/itemshop/supplychain/supplychaindetails.lua
7251d050d3f3fc8c,ui/uieditor/widgets/genericpopups/toast_container_blackmarket.lua
7255d5ac62b7fb3b,ui/uieditor/widgets/callingcards/callingcards_prestige_tacticalkits_master
725e7124ace30a3d,ui/uieditor/widgets/mphudwidgets/prestigerewards/prestigerewardwidget_ui3d_v2
72629f4c59e65e2d,ui/uieditor/widgets/aar_t8/rewards/aarcurrencyreward_zm
7263cc44f405e83f,ui/uieditor/widgets/tablet/tableticepickgadget_item.lua
72650d79d4e731ce,ui/uieditor/widgets/itemshop/reserves/reservesspecialcontract.lua
72675595fa323085,ui/uieditor/widgets/emptyfocusable
726b9ea4caf88f8e,ui/uieditor/menus/itemshop/itemshopdetails.lua
726d2e2807bf5f42,ui/uieditor/widgets/vehiclehuds/wasp/vhud_sentinel_notificationbox.lua
7275700c5345681d,ui/uieditor/widgets/codcaster/directorcodcasterteamsettings
7277d08dca360631,ui/uieditor/widgets/itemshop/reserves/reservesbribestackcarousel
7278721ff61dca1c,ui/uieditor/widgets/pc/presetsquare
7278a22aa22b4aff,ui/uieditor/widgets/hud/core_ammowidget/ammowidgetzm_specialweaponprogress.lua
727a8bfbde082805,ui/uieditor/menus/arena/arenaskillevaluationplacementmenu.lua
727d6186f38d97ad,ui/uieditor/widgets/challenges/challenges_nearcompletion_croppedimage.lua
728d94db735dc8cf,ui/uieditor/widgets/systemoverlays/systemoverlay_quitleagueplay
728e0a7b4222359a,ui/uieditor/widgets/arena/arenaeventprogressbuttonrank
728f65d667f48d85,ui/uieditor/widgets/warzone/wzhudmenus.lua
72999c27eea852ba,ui/uieditor/widgets/pc/socialmenu/pcsocialmenu_playersfiltertab
72a35352aa5f5793,ui/uieditor/widgets/hud/zm_roundwidget/zmrnddigitwidget
72a8dac04babf8b8,ui/uieditor/widgets/directorarenapregame
72b381ed6e2184c1,ui/utility/rankutility.lua
72b3a509cff6f7ba,ui/uieditor/menus/cac/weaponattachmentselect
72b92e102c99da61,ui/uieditor/widgets/pc/startmenu/pc_startmenu_options_pagination
72bf45429a01b9f8,ui/uieditor/widgets/vehiclehuds/agr/vhud_agr_reticleoutsidedotslr.lua
72c1cd57a4156647,ui/uieditor/widgets/mphudwidgets/bountyhunter/bountyhuntergenericbuyinternal
72c4699e25eb50c3,ui/uieditor/widgets/zmhudwidgets/overheadname_zm
72c4f1036e624eef,ui/uieditor/widgets/vehiclehuds/hellstorm/vhud_hellstormringmeter
72c761c2d0b39f9e,ui/uieditor/menus/craft/paintshop/paintjobiconcolorpicker
72cf1b77e9d41852,ui/uieditor/widgets/hud/gameendscore/gameendscoreroundtext.lua
72d1e14871b1986d,ui/uieditor/menus/cac/wildcardselect
72d53fc367fb2abc,ui/uieditor/widgets/vehiclehuds/wasp/vhud_sentinel_altitudeinfo.lua
72d99e3a7b35b0ce,ui/uieditor/widgets/callingcards/callingcards_prestige_gear_master.lua
72dd63e8b9f47998,ui/uieditor/luielems/mp/mp_prop_timer
72e16f2deba3876e,ui/uieditor/widgets/hud/mp_scorestreakwidget/scrstk_combatefficiencyscrollfx.lua
72e20dd98fa0eabf,ui/uieditor/widgets/hud/mp_hacked/hud_hacked_hero_widget.lua
72e2f4bc5530ce91,ui/uieditor/widgets/itemshop/itemdetails.lua
72e4bd40d597137b,ui/uieditor/widgets/social/social_playerdetailpopup_trial
72e7a1e7311b0f20,ui/uieditor/widgets/pc/startmenu/controlsoptions/pc_startmenu_options_controls_listcontainer.lua
72e8e3df3e1b833e,ui/uieditor/luielems/zm/zm_towers_challenges_hud.lua
72e9558e3f74d631,ui/uieditor/widgets/aar_t8/rewards/aarrewardsequipmentrow.lua
72ea5fb88bed9a32,ui/uieditor/widgets/social/social_playerslistrankinfo.lua
72ed1a2658b2caad,ui/uieditor/widgets/hud/core_ammowidget/ammowidget_oic_bullets.lua
72f8baacfa5fd3d7,ui/uieditor/widgets/warzone/warzonemapkeyitem.lua
72fa18a1530ae475,ui/uieditor/luielems/mp/seeker_mine_prompt
72febc2c105aa2b9,lua/lobby/lobbyjoin.lua
73039b4e8723c365,ui/uieditor/widgets/cac/chooseclass_ingame.lua
730413673f818db5,ui/uieditor/widgets/hud/zm_score/zmscr_pluspointscontainer
73046a4bb4a09169,ui/uieditor/widgets/reticles/tak5/tak5reticlebracketruler.lua
7308263463e1ffdd,ui/uieditor/widgets/pc/hud/hud_keypromptframe_scorestreak.lua
730848365bee34fe,ui/uieditor/widgets/main/connectionlabel
730bd8135f8d5f4a,ui/uieditor/widgets/vehiclehuds/ground/vehicleground_hashicon.lua
730c76ed3c0b86ad,ui/uieditor/widgets/freecursor/infopanelsubwidgets/freecursornolabelbuttonpromptcontainer.lua
73296460d046f335,ui/uieditor/menus/arena/arenaskillevaluationplacementmenu
732b210e53f46e13,ui/uieditor/widgets/pc/hud/pctabbedscoreboardaccessmapprompt.lua
732e7855f57cb88f,ui/uieditor/widgets/warzone/wzobituarycalloutcontainerstyle.lua
732f158d1df0e259,ui/uieditor/widgets/warzone/warzone_emp_obit
7330d3ffa470e968,ui/uieditor/widgets/cac/cacheader
7333fac1bfa3366c,ui/uieditor/widgets/endgameflow/codcasterteamglowdots.lua
73390020a91bb135,ui/uieditor/menus/craft/paintshop/paintjobselectoroptions.lua
733ec8b4b2fb3c47,ui/uieditor/widgets/hud/core_ammowidget/ammowidget_abilitycontainer
7342f5d0578127d5,ui/uieditor/widgets/main/atvicopy
7349bd2d9546a345,ui/uieditor/widgets/hud/buttonprompt3d/requirementlabel.lua
734c4191dcc044e6,ui/uieditor/widgets/aar_t8/tierreward/aartierrewardbackground_ultra
734cefb539fb6716,ui/uieditor/widgets/mphudwidgets/healthbarwaypoint
73507e0532e2631f,ui/uieditor/widgets/demo/demosidebarbutton
73518bbe655c2736,ui/uieditor/widgets/lobby/common/fe_memberblurpanel.lua
7363543e99243d38,ui/uieditor/widgets/gamesettings/gamesettings_weaponrestriction
736aefcc6c935354,ui/uieditor/widgets/callingcards/callingcards_mp_100percent
736b0497e222ebdb,ui/uieditor/widgets/challenges/challengescategorybutton.lua
736fb83ae1c0a689,ui/uieditor/widgets/store/storecategorybutton
7370c75599db15e7,ui/uieditor/widgets/warzone/warzoneusetimerusing.lua
7371d5424cbc0270,ui/uieditor/widgets/callingcards/callingcards_tour_of_duty_master
7377569138f4cdb9,ui/uieditor/widgets/aar_t8/rewards/aarrewardsequipmentrow
7378659febfa9fa6,ui/uieditor/widgets/aar_t8/rewards/aarclassrewardpreview_zm
737c234d85a5f5f4,ui/uieditor/widgets/director/directorselectbuttonmode.lua
737ed89902d7e13c,ui/uieditor/widgets/startmenu/startmenu_quitbuttonfill
73832ea420dc3c5a,ui/uieditor/widgets/director/directorzmmapselectitemoffline_internal.lua
73903ffd36e44858,ui/uieditor/widgets/leaderboard/leaderboard_statwidget
739421373effeca2,ui/uieditor/widgets/craft/emblemeditor/colorpicker/emblemeditorgradienttypebutton.lua
73a1772776cde124,ui/uieditor/widgets/pc/bnetstore/pc_bnetstore_keyart
73a5eda6ce81b0c4,ui/uieditor/menus/zm/purchaseplasma.lua
73a92c2dace08c5a,ui/uieditor/widgets/craft/emblemeditor/colorpicker/emblemeditorgradient
73a93d900ceb94aa,ui/uieditor/widgets/craft/craftemptyfocusable
73a9aa1cda963a8d,ui/uieditor/widgets/aar_t8/tierreward/aartierrewardbackground_common.lua
73ac29d489d9c8d7,ui/uieditor/widgets/reticles/chargeshot/chargeshot_outerreticle.lua
73aca45318e87330,ui/uieditor/widgets/pc/startmenu/pc_startmenu_options_tick.lua
73b074f21baad52e,ui/uieditor/widgets/keyboardtextfieldinputcursor.lua
73b14753712b858f,ui/uieditor/widgets/cac/loadoutclassitemsecondary
73b166eb64075cac,ui/uieditor/widgets/leaderboard/leaderboard_gamemodeframe
73b50d7628cfd730,ui/uieditor/widgets/itemshop/reserves/reservesbuttonlayoutbacking
73b6aa6f070da6b3,ui/uieditor/widgets/zmhudwidgets/inventory/zminvshielditem.lua
73be30f21fa886b2,ui/uieditor/widgets/callingcards/callingcards_stickerbook_default
73bf782de0b5a64c,ui/uieditor/widgets/barracks/barracks_timedisplaytext.lua
73c09d4b6d3d4303,ui/uieditor/widgets/pc/footer/footerbutton_persistentleftcontainer
73c12448327f1a88,ui/uieditor/widgets/mphudwidgets/gametypescoreinfo/waypointradialtimer.lua
73c21aa1a96202c9,ui/uieditor/widgets/itemshop/contracts/contractcompletebanner
73c40ae98a19ddf5,ui/uieditor/widgets/hud/core_ammowidget/ammowidget_stockammo_emptypulse
73cbd518f629a732,ui/uieditor/widgets/customgames/customgames_settingbutton_internal
73ccfece7dadce51,ui/uieditor/widgets/genericsimplebutton_container.lua
73ce72b44ca3f302,ui/uieditor/widgets/itemshop/itemdetailscaseprice.lua
73d2f22ef2bf0861,ui/uieditor/widgets/commonlistbuttongenericinternal.lua
73dd43113c4e1bd6,ui/uieditor/widgets/startmenu/startmenu_background
73e6136cf605a51f,ui/uieditor/widgets/craft/paintshop/paintjobselectoritem_internal.lua
73eb34e82acd68cf,ui/uieditor/widgets/callingcards/callingcards_asset_dirtcar_shooter
73ecca05fa5114fd,ui/uieditor/widgets/hud/killcam/killcamkilledbyattachmentsline
73efa1e5ed22d588,ui/uieditor/widgets/leaderboard/leaderboard_playerprofileinfowidget
73ffeed41a0295c5,ui/uieditor/widgets/vehiclehuds/dart/vhud_dart_centerreticleoutercircledots
74027d910fb31dd4,ui/uieditor/widgets/pc/startmenu/controlsoptions/pc_startmenu_options_controls_keyvisual.lua
74092c8e9507ab90,ui/uieditor/widgets/pc/pc_scrollbar_container
74118d2a85c41acb,ui/uieditor/widgets/motd/motd_featuredbuttoncontainer_pc.lua
7413987f664adb29,ui/uieditor/widgets/footer/fe_footerrighslidein
74188e8c900f25e8,ui/utility/zmloadoututility.lua
741d08e44ace8bbd,ui/uieditor/widgets/lobby/common/vodpreviewwidgetimage.lua
741fd15a2dbe0a37,ui/uieditor/widgets/reticles/tak5/tak5reticle_range
741fdb2506284dda,ui/uieditor/widgets/arena/arenaleagueplayruby
742702cd396663a8,ui/uieditor/widgets/common/commonrankiconandranklarge
742713807971f727,ui/uieditor/widgets/pc/reportdropdown_container
7429658aa9575f79,ui/uieditor/widgets/cac/wildcardselect/wildcardselectionwidget
742e971f55a0db1e,ui/uieditor/widgets/director/directorzmlobbysettinglist.lua
7432cb38fa05c2c5,ui/uieditor/widgets/itemshop/supplychain/discounttierswidget.lua
7437c9ef697ce6a9,ui/uieditor/widgets/warzone/warzonekillscount.lua
7442589d21425e2a,ui/uieditor/widgets/dynamiccontainerwidget.lua
744259372aef6354,ui/uieditor/widgets/common/commonrankiconandranklarge.lua
7446e073397f8479,ui/uieditor/widgets/zmhudwidgets/hud_zm_trial_shame
7449a19b32c6670e,ui/uieditor/widgets/startmenu/startmenu_connectionmetercontainer.lua
74547693a43a992a,ui/uieditor/widgets/mp/specialisthub/mpspecialisthubbindwheel_safeareacontainer.lua
7455a007bcf31cdf,ui/uieditor/widgets/notifications/playercard/playercard_killedby
7455cbd55130b176,ui/uieditor/widgets/tablet/tableticepickgadget_bgelementbinary2
745f461ca3c8faf7,ui/uieditor/widgets/chat/chatclientchatentriesview.lua
746270a4d7cafbc0,ui/uieditor/widgets/director/directorpregamesetupmatch
7466ff83a05169a4,ui/uieditor/widgets/warzone/warzone_emp_quickequip.lua
746764a7d19467a4,ui/uieditor/widgets/rightstickpagination
746897811dbbcd6f,ui/uieditor/widgets/common/commonlistbuttonshort_internal
746e86762adf274e,ui/uieditor/widgets/vehiclehuds/attackhelicopter/vhud_attack_helicopter_rocket
74723da3cbc3f3f5,ui/uieditor/widgets/cac/specialistissueequipmentwidgetinternal
7473d4ee043e01af,ui/uieditor/widgets/reticles/infinite/lmginfinitereticle_ui3d
74760b73c4668858,ui/uieditor/widgets/notifications/notificationqueuewidgets/badasserymedal.lua
7478641bff1c22ea,ui/uieditor/widgets/common/commonidentitywidgetstreamlinedinternal.lua
747b2d5d8d3d4cb4,ui/uieditor/widgets/aar_t8/summary/aarkillswidget
7482fc8698177693,ui/uieditor/widgets/hud/scoreinfo/scoreinfo_meterline.lua
7484d96d72e020cb,ui/uieditor/widgets/hud/gameendscore/gameendscore
74868cce57a2eed8,ui/uieditor/widgets/cac/equippedscorestreaklistitem
7486dc8b165b5a6e,ui/utility/hudutility.lua
7494359e7c2de09a,ui/uieditor/widgets/zmhudwidgets/inventory/zminvstageimage
74966d07fc5fd240,ui/uieditor/widgets/director/directorcustomgamecodcaster
74967b333b95ffa4,ui/uieditor/widgets/zmhudwidgets/rush/rush_gameover
7499d582647668fa,ui/uieditor/widgets/pc/startmenu/controlsoptions/pc_startmenu_options_tabcontent.lua
74a0101f034c1674,ui/uieditor/widgets/footer/footerbutton_backhold
74a858c7a8011357,ui/uieditor/widgets/craft/emblemeditor/emblemchainicon.lua
74a955f798da10f7,ui/uieditor/widgets/codcaster/playerlistrowhealthvalue.lua
74abe3c7d509ea75,ui/uieditor/widgets/notifications/notificationqueuewidgets/weaponlevelupheaderright.lua
74ae13663d90032b,ui/uieditor/widgets/social/social_options_slidernarrowbutton
74aea49679bc27a2,ui/uieditor/widgets/mphudwidgets/waypointcentersimple.lua
74b1bc8d6fac9d86,ui/uieditor/widgets/vehiclehuds/gunship/vhud_gunship_40mm_ammocounter
74b5f5bc6fa17cae,ui/uieditor/widgets/tablet/tak5/tablettak5grid.lua
74b63a9b8364819c,ui/uieditor/widgets/lobby/common/layoutelements/commonbglayoutelement01.lua
74b970b419e5a3db,ui/uieditor/widgets/footer/fe_footercontainermain
74b99e9c33657678,ui/uieditor/widgets/endgameflow/killcamteampanelright
74bf4ca75a5a6dea,ui/uieditor/widgets/tablet/tableticepick_prompt.lua
74c460d38c1e7328,ui/uieditor/widgets/callingcards/callingcards_asset_swordstab.lua
74c567275f27616f,lua/lobby/process/lobbyprocessplatform
74c6888ebce3d23e,ui/uieditor/widgets/wzaar/wzaar_challenges_nearcompletion_croppedimage
74c9a492524a6a24,ui/uieditor/widgets/codcaster/codcastersettingssidebarleftbuttoncontainer
74cf8cef83293852,ui/uieditor/widgets/footer/fe_leftcontainer_notlobby.lua
74d449c4145def5b,ui/uieditor/widgets/callingcards/loot2/callingcards_loot2_circusclown_fire02.lua
74da26c85bf8f17f,ui/uieditor/widgets/social/social_playerslistbutton_trial.lua
74dcb98330709b44,ui/uieditor/widgets/genericpopups/matchstartwarning_timerbkgd
74dd8ed3b5fa53ee,ui/uieditor/menus/arena/leagueplaycontentrules
74e05f73e5924a68,ui/uieditor/widgets/mphudwidgets/outofbounds/outofbounds_uparrow.lua
74e5284e478c83e0,ui/uieditor/widgets/startmenu/startmenu_challengesoperationtab.lua
74e9bd79df2dd918,ui/uieditor/widgets/hud/obituary/obituarycalloutcontainer
74edf58ef443efa2,ui/uieditor/datasources
74f618f99053ba3e,ui/uieditor/widgets/callingcards/callingcards_prestige_prestige_badass
74f8e5c53ea98803,ui/uieditor/widgets/mphudwidgets/bountyhunter/bountyhunterpackagesingletier
74f920af66990ba3,ui/uieditor/widgets/systemoverlays/featureoverlay_framevlayout_buttons.lua
74fceeb509ba5f72,ui/uieditor/menus/startgameflow/loading_wz.lua
74fd6f5231f9f286,ui/uieditor/widgets/aar_t8/aartabbuttoninternal.lua
74fdcd6b92c2b66e,ui/uieditor/widgets/hud/zm_score/zmscr_pluspoints.lua
75008582fffb7f51,lua/lobby/matchmaking/lobbymatchmakingarena
750b038c79ef8c66,ui/uieditor/widgets/aar_t8/tierreward/aartierrewardshowcase
750e649745950dee,ui/uieditor/widgets/warzone/wzobituarycalloutcontainerdown
751268588106e18e,ui/uieditor/widgets/pc/pc_telemetryitem.lua
7515d2a02f6b85c0,ui/uieditor/widgets/aar_t8/summary/aarsummarytab.lua
751d9e3b6bd42646,ui/uieditor/widgets/chat/chatclientfilterbutton
751ef3a2adbd471e,ui/uieditor/widgets/director/directorlobbyposememberszm
751fd43849bf7a19,ui/uieditor/menus/gamesettings/gamesettings_cacrestrictionsettings
7523bea9f1fb412c,ui/uieditor/widgets/notifications/publiclobbystagenotification/publiclobbystagenotification.lua
7527c62f693c68b8,ui/uieditor/menus/leaderboard/leaderboard_gamemode.lua
75284c21f198e960,ui/uieditor/widgets/pc/hud/keypromptbacking.lua
753a1a33ed8c3d04,ui/uieditor/widgets/callingcards/loot2/callingcards_loot2_warriorcreatures_character
754cfaf4000916ad,ui/uieditor/widgets/aar_t8/tierreward/aartierrewardshowcaseinternalcorelegendary.lua
755234b721f36980,ui/uieditor/widgets/vehiclehuds/hellstorm/vhud_hellstormbgframe.lua
755407d74f25cb01,ui/uieditor/widgets/endgameflow/codcasterteambaseglow.lua
7556bdfb6ae48283,ui/uieditor/widgets/cac/allocationbar
755ac40d6fae7fb0,ui/uieditor/widgets/bumperbuttonwithkeymousenofocus
755b10f9afc8df1d,ui/uieditor/widgets/pc/togglebutton_button
755c69097db298c9,ui/uieditor/widgets/craft/emblemeditor/decalgroupslistframe.lua
7560864f1c3c97a2,lua/lobby/process/lobbyactions.lua
7560bb31dc161517,ui/uieditor/widgets/arena/arenaeventtimerlarge.lua
75677614a8cb32a8,ui/uieditor/widgets/lobby/common/liveeventviewermovieandbackground.lua
756986adc3ac261f,ui/utility/zombiescallingsutility.lua
756e8c38e3407db2,ui/uieditor/widgets/tablet/swipetak5/swipetak5_internal
7574ad94e3056951,ui/uieditor/widgets/director/directorfullscreenblack
7577af23798fc57e,ui/uieditor/widgets/mphudwidgets/bountyhunter/bountyhunterweaponbuyinternal
75790199139dbf58,ui/uieditor/widgets/pc/startmenu/voiceoptions/startmenu_options_pc_voice_voicebar.lua
757c4d3662017b98,ui/uieditor/widgets/startmenu/startmenu_options_slider.lua
757ce4c9d9e08dcd,ui/uieditor/widgets/startmenu/options/pc_startmenu_options_registrationform.lua
75817fd90f4eb985,ui/uieditor/widgets/zmhudwidgets/inventory/zminvobjectiveprogressring.lua
75875419617fb704,ui/uieditor/widgets/zmfrontend/zmgamemodetabs.lua
75896d1fd392d421,ui/utility/zombieutility
758c3be3518deab0,ui/utility/teamutility
758f0660c6b53bef,ui/uieditor/widgets/zmfrontend/zmlobbybuttonscontainer.lua
75946a605b87bd02,ui/uieditor/widgets/craft/emblemeditor/decalstickersetframepaintshop
759770670213dba2,ui/uieditor/widgets/hud/prematchcountdown/prematchcountdown_numbers
75991d2c41c2cd16,ui/uieditor/widgets/vehiclehuds/dart/vhud_dart_internal.lua
759bcce4ec621414,ui/uieditor/widgets/tablet/swipetak5/swipetak5_layoutelements.lua
75a3aec96eff6c90,ui/uieditor/widgets/cac/cac_background_slide_panel_short.lua
75b49a25d663c403,ui/uieditor/widgets/freecursor/freecursorwidget
75bc142c77313136,ui/uieditor/widgets/fileshare/filesharecategorycontentlist.lua
75bff52ab59cca65,ui/uieditor/widgets/callingcards/callingcards_zombies.lua
75c0d8e7241cef23,ui/uieditor/widgets/notifications/notificationqueuewidgets/mp/reticlechallengenotification
75c52ad261f470c3,ui/uieditor/widgets/hud/prematchcountdown/prematchcountdown
75cb43180fc65bb6,ui/uieditor/widgets/blackmarket/bm_goldbarlarge
75ccaa2fe7c2fc63,ui/uieditor/widgets/codcaster/codcasterminimapname.lua
75cf9cbb1f087942,ui/uieditor/widgets/freecursor/infopanelsubwidgets/freecursorheaderlabel.lua
75d24e29fe5f1320,ui/uieditor/widgets/director/directorchoosegametypeframewz.lua
75d2ef7c179dca47,ui/uieditor/menus/cac/popups/classoptions
75d403bcda014025,ui/uieditor/widgets/startmenu/startmenu_currencycounts.lua
75d438e4dddc68ba,lua/lobby/lobbytimer
75dc196423ca9dab,ui/uieditor/widgets/vehiclehuds/agr/vhud_agr_notificationbox
75dc6cf80349818a,ui/uieditor/widgets/codcaster/codcasterobjectivestatusdomination
75de49c1d8561cd9,ui/uieditor/widgets/callingcards/loot3/ui_icon_callingcards_crimewave_policecar.lua
75df4bf3d4da0fee,ui/uieditor/widgets/pc/pc_vscrollbar.lua
75e684e2d39669cd,ui/uieditor/widgets/scoreboard/wz/scoreboardmaprowheadingscontainer
75e965c5df71ff93,ui/uieditor/widgets/vehiclehuds/ground/vehicleground_vignettefore.lua
75f1df1bb13a3d07,ui/uieditor/widgets/itemshop/contracts/contractsupplychaindetails_infopanel
7601b37c4440aa49,ui/uieditor/widgets/zmfrontend/zmaartrialtabinternal
7601f4aecbe76464,ui/uieditor/widgets/mp/firsttimeflow/firsttimebrightnesspreview.lua
760f4c9ffefbf94f,ui/uieditor/widgets/vehiclehuds/vhud_centerframe
761081ba5f203413,ui/uieditor/luielems/zm/zm_trial_timer
7610fa6ebdf6af8b,ui/uieditor/widgets/pc/pc_codaccount_editableoption_editbox
761d2b39aaf0a5fc,ui/uieditor/widgets/gamesettings/gamesettings_optionsbutton
7622409d42401d2b,ui/uieditor/widgets/mphudwidgets/thrustmeter/thrustmeterarrows.lua
7622a9ff11566907,ui/uieditor/widgets/hud/zm_revive/zm_revivewidget.lua
76278dfa9ae7bee1,ui/uieditor/widgets/callingcards/callingcards_zm_zombie_hunter
762cb1d00e50cc75,ui/uieditor/widgets/common/commonrightslideinpopup
762e8fbb31c4e196,ui/uieditor/widgets/lobby/lobbyinspection/inspectionwidget
76312639d0df5aa2,ui/uieditor/widgets/codcaster/codcasterportraitplayerlistnumber
7632023a9c64644c,ui/uieditor/widgets/arena/leagueplayskilldivisionrankbacking.lua
763f019e9d0f8956,ui/uieditor/widgets/director/directorlaboratorybutton
7645619cd1eee885,ui/uieditor/widgets/lobby/common/fe_menu_leftgraphics
764936fe1d6c7d12,ui/uieditor/widgets/mp/specialisthub/hubtoptab.lua
764c43639d26036e,ui/uieditor/widgets/warzone/warzonecasttimecontainer.lua
765051a095634171,ui/uieditor/widgets/cac/menuchooseclass/itemwidgets/weaponlevelmeter.lua
765136840c160b95,ui/uieditor/widgets/startmenu/options/frames/startmenu_options_frame_network
76592f04fc3ef3a8,ui/uieditor/widgets/gamesettings/gamesettings_texbox.lua
765b06e2bf4192e8,ui/uieditor/widgets/pc/startmenu/pc_highlightborder.lua
765bf7ac7ced4a61,ui/uieditor/widgets/craft/emblemeditor/colorpicker/emblemeditorgradientcolorswatch
765c90c93375ccf3,ui/uieditor/widgets/systemoverlays/systemoverlay_savedecalgroupframe
766068e99240fb5a,ui/uieditor/widgets/vehiclehuds/tank_robot/vhud_tank_robot_internal
7662addde48b6aa5,ui/uieditor/widgets/zmfrontend/directorgamemodeselectionzminternal
76639e85d804dd0b,ui/uieditor/widgets/pc/startmenu/listitem.lua
7667442225ac1d42,ui/uieditor/widgets/hud/obituary/obituarykilleridentity.lua
766893131e5a15ae,ui/uieditor/widgets/cac/overcapacitylist.lua
76711bab7e080300,ui/uieditor/widgets/common/commonheader.lua
768168c3703a4df9,ui/uieditor/widgets/cac/weaponattributes.lua
7682bb1e06f468c7,ui/uieditor/widgets/vehiclehuds/mothership/vhud_ms_damageiconside.lua
768f610303e34085,ui/uieditor/widgets/aar_t8/summary/aarwinlosemessage
76919c47a70b66c5,ui/uieditor/widgets/craft/emblemeditor/layericon.lua
7694c561e07c3d3b,ui/uieditor/widgets/callingcards/callingcards_asset_steampunkwarriors_gunarm
7694fbd1eb32548c,ui/uieditor/widgets/director/directorcustomgamecodcaster.lua
7696ab33f7a68b16,ui/uieditor/widgets/zmfrontend/laboratory/laboratoryregularoffers
76987aa4ba58c576,ui/uieditor/widgets/warzone/warzoneabilityitemcounter.lua
769abd31acd03f1b,ui/uieditor/widgets/itemshop/contracts/contractpurchasedbanner.lua
76a8f490ba00f8a5,ui/utility/contractutility
76ad6ebfedae4d7a,ui/uieditor/widgets/aar_t8/summary/aaraveragewidget.lua
76aeaa2cf60227b7,ui/uieditor/widgets/arena/arenaleagueplay_ladderskilldivisiontitle
76b496b4468e8ce0,ui/uieditor/widgets/hud/killcam/killcamkilledbyattachmentlabel.lua
76b510bc5f01b8c5,ui/uieditor/widgets/cac/weaponselect/weaponlistwidget
76b5a64ce8ac848c,ui/uieditor/widgets/hud/core_ammowidget/ammowidgetmp_ultimate_progress_fill.lua
76b9017c536aa46e,ui/uieditor/widgets/mphudwidgets/waypointhardpoint
76c2a9ab713460d4,ui/uieditor/widgets/callingcards/loot2/callingcards_loot2_warriorcreatures
76ca50916585bce7,ui/uieditor/widgets/itemshop/itemshopframeinternal.lua
76cb60169c4ba7c2,ui/uieditor/widgets/warzone/warzoneinventoryammoitem.lua
76cb94c8a911470c,ui/uieditor/widgets/itemshop/supplychain/dupemeter.lua
76cc0e30194887fc,ui/uieditor/widgets/arena/gauntlet/arenagauntlettierprogressinactive
76cc7a6eb97584ab,ui/uieditor/widgets/store/storerightpane.lua
76cca31980d4d2d2,ui/uieditor/widgets/zmhudwidgets/hud_zm_serverpausenotification.lua
76ce2829558e7e2b,ui/uieditor/widgets/common/commonbuttongenericinternal.lua
76d0c5aeba803486,ui/uieditor/widgets/challenges/challenges_mp_summary.lua
76d1abc721bcc660,ui/uieditor/widgets/leaderboard/leaderboard_rankandstatswidget.lua
76d20cd5e7e2072b,ui/uieditor/widgets/director/directorcharacterbuttonzm
76d513f0593e71df,ui/uieditor/widgets/common/commonrankiconandrankvertical
76de84ee5b5c0d63,ui/uieditor/widgets/arena/arenainfotabliveevents
76dfdc4f59440b7c,ui/uieditor/widgets/cac/classminipreview/classminipreviewweaponitem
76e4f20bde56d618,ui/uieditor/widgets/reticles/mp/ripperlockarrowwidget
76e70f9990ec1a43,ui/uieditor/widgets/pc/options_categorylistseparation
76ec2a122bafb18e,ui/uieditor/widgets/callingcards/callingcards_asset_spiderleg_animated.lua
76ecfe9d4da6fd92,ui/uieditor/widgets/pc/startmenu/graphicsoptions/startmenu_options_pc_graphicsoptions_vrambar
76ee96f124cfc384,ui/uieditor/widgets/itemshop/supplychain/supplychaindetails_buttonprompt
76f04ea11bdb2fba,ui/uieditor/widgets/hud/gameendscore/gameendscoregraphicframe
76f549ceba4460d0,ui/uieditor/widgets/itemshop/reserves/reservesfoilfgloopeffects
76f72efcc72719a6,ui/uieditor/widgets/genericiconbutton.lua
76fb65e4a2d87af8,ui/uieditor/widgets/callingcards/callingcards_professional_master
76fdb923ebdf4557,ui/uieditor/widgets/lobby/common/layoutelements/commonanalysingindicator
76fdeab22d21db47,ui/uieditor/widgets/gamesettings/gamesettings_zmsystems.lua
7708dbaf0f5b37d2,ui/uieditor/widgets/pc/hud/pc_killcamhint
77091ab951f39f56,ui/uieditor/widgets/lobby/common/layoutelements/commonanalysingreticle
770d765c7d630092,ui/uieditor/widgets/cac/allocationspentwidget
770db42e1084c4e6,ui/uieditor/widgets/codcaster/codcaster_annoncement_bg.lua
77122e658d3b8228,ui/uieditor/widgets/mphudwidgets/waypoint_contestedarrowwidget
77150b41c059765c,ui/utility/deathcamutility.lua
7715373fbad867a0,ui/uieditor/widgets/challenges/challengesglobalprogressbar.lua
77198f4a2c6418a6,ui/uieditor/widgets/cac/equipmentselect/specialistequipmentnamedesc
771a74cddc05f13c,ui/uieditor/widgets/helperwidgets/textwithbg.lua
7721fe12989568bb,ui/uieditor/widgets/notifications/playercard/playercard_label.lua
77220f0194baed57,ui/uieditor/widgets/callingcards/loot4/ui_icon_callingcards_fairytales_wristgroup
7723b1dcc8784d2e,ui/uieditor/widgets/tablet/tableticepickgadget_bgelementbinary2.lua
7725e24ba00d4a99,ui/uieditor/widgets/hud/map/compassgroupmp.lua
772675e4fd5488ad,ui/uieditor/widgets/director/directorselectbuttongametype
772b668cf8ddb6d2,ui/uieditor/widgets/codcaster/codcasterloadoutmoduleprimaryattachment.lua
772c2fb4d531e984,ui/uieditor/widgets/warzone/warzoneresourcemenuitemsmall_internal
7732d0a37e004728,ui/uieditor/widgets/itemshop/supplychain/itemshopraritybackgroundstream_rare.lua
773c1bd047bb93f1,ui/uieditor/widgets/social/social_playercard
773c75896263b189,ui/uieditor/widgets/reticles/tak5/tak5reticle.lua
7741616adcf484a3,ui/uieditor/widgets/craft/emblemeditor/emblemoptionsbutton_internal.lua
77416ddff4c7817a,ui/uieditor/widgets/aar_t8/tierreward/aartierrewardfocusindicator.lua
774bd8757d567f9a,ui/uieditor/widgets/reticles/mp/scythereticle
774cb68db0842a8e,ui/uieditor/widgets/pc/startmenu/controlsoptions/pc_startmenu_options_controls_descriptionimage.lua
774ec0c9d6fbe8c2,ui/uieditor/widgets/pc/theater/pc_theater_keyboard_shortcut_legend.lua
7753367d0a49fbfc,ui/uieditor/widgets/itemshop/supplychain/supplychainstreaminternal.lua
7757070fbb2c0dc3,ui/uieditor/widgets/demo/demotimelineinternal
775777a3809eb976,ui/uieditor/widgets/keyboardtextfieldinputcursor
7759d7e2ada50e5e,ui/uieditor/widgets/callingcards/callingcards_asset_helicopter
775a3824c69043e0,ui/uieditor/widgets/director/directorlobbyleader.lua
775f55b10a90fda0,ui/uieditor/widgets/warzone/warzoneinventoryunlockmissionbacking.lua
776387544d799d27,ui/uieditor/widgets/codcaster/codcasterportraitplayerlist.lua
7764572a78db2909,ui/uieditor/widgets/mp/mpdamagefeedback_predictedindicator.lua
7767ebae822b5b13,ui/uieditor/widgets/itemshop/itemdetailssunsetpurchasecontainer
776b99ac28573661,ui/uieditor/widgets/hud/zm_perks/zmperkvaporitemchargecountlistwidget
776def299c5b4af5,ui/uieditor/widgets/vehiclehuds/mothership/vhud_ms_missileswidget.lua
77712ae3435898c9,ui/uieditor/widgets/cac/weaponvariants/weaponvarianttriggers.lua
7777f3668fb03aaa,ui/uieditor/widgets/hud/gameendscore_wz/gameendscore_gamestatusplayerleft.lua
777c4e5ccb31cefc,ui/uieditor/widgets/social/social_playerslistbutton.lua
777e3e54a29272ad,ui/uieditor/widgets/lobby/common/fe_buttonidle
778441c3ee5b4de4,ui/uieditor/widgets/barracks/specialeventrewardwidget.lua
77847f3c43c89130,ui/uieditor/widgets/vehiclehuds/gunship/vhud_gunship_105mm_ammocounter
7786984b89f70bc5,ui/uieditor/widgets/lobby/lobbyinspection/inspectiongamercardinternalwidget.lua
7789308751b7fe56,ui/uieditor/widgets/pc/pc_achievementdetailedview_desc_bg.lua
779043dd29f2ee8c,ui/uieditor/widgets/scoreboard/tabbedscoreboardtab.lua
7792391dbc960163,ui/uieditor/widgets/startmenu/options/startmenuoptionsfocusbar.lua
7794df4fbc1e584c,ui/uieditor/widgets/director/directorcustomgamemember.lua
7796913159f44a9c,ui/uieditor/widgets/mphudwidgets/sprintmeter/sprintmetercontainer.lua
77978b51255faa9f,ui/uieditor/widgets/itemshop/reserves/reservesbuttonlayout
779804e5a0ea9735,ui/uieditor/widgets/codcaster/codcasterloadoutmoduleperkwildcard.lua
779d9438392ec34e,ui/uieditor/widgets/pc/startmenu/pc_startmenu_options_hudbounds_hints
77aa6f93320ca609,ui/uieditor/widgets/callingcards/callingcards_basicimage
77ac526ad817945a,lua/lobby/matchmaking/lobbymatchmakingpriority.lua
77b05a42565d3423,ui/uieditor/widgets/arena/leagueplayendrankuprank.lua
77b52bdb80ddf43d,ui/uieditor/widgets/hud/compassminimapitems.lua
77b58ab918d02935,ui/uieditor/widgets/vehiclehuds/vhud_buttonprompt_minimal.lua
77bb63a3525fff66,ui/utility/cacutility.lua
77c2f07c072ce5fe,ui/uieditor/widgets/cac/menuchooseclass/itemwidgets/itemhinttextbreadcrumb.lua
77c5a5334738ad1e,ui/uieditor/widgets/hud/mphinttextcontainer
77ca3d5dd4ef1f12,ui/uieditor/widgets/aar_t8/arena/aar_rankupstar.lua
77d42cfae6e90891,ui/lui/luielement
77d4ef4fa6c7a928,ui/uieditor/widgets/challenges/challenges_framewidget_operations.lua
77da0ad6e642e730,ui/uieditor/widgets/mphudwidgets/bountyhunter/bountyhunterpackagetieritem.lua
77dacefed967e3df,ui/uieditor/widgets/common/commonbackingwithbrackets
77e54f043eaeccc2,ui/uieditor/widgets/aar_t8/merit/aarechelon.lua
77e86d6f057d918d,ui/lui/luiverticallist.lua
77ec6bc10fa8e6b3,ui/uieditor/widgets/arena/arenaeventtimerlarge
77eed72acadd1ff7,ui/uieditor/widgets/motd/motd_vodpreviewwidget
77f836f40e2b97b5,ui/uieditor/widgets/craft/emblemeditor/stickersetdecal_internal
77f92ad0c6c3cc04,ui/uieditor/widgets/zmfrontend/zmaartrialtabroundlist.lua
78085fca89dda1fc,ui/uieditor/widgets/hud/prematchcountdown/prematchcountdown_2xpnotificationzm
7815e7028cb8ae7e,ui/uieditor/menus/cac/zmequipmentselect
78254ac347f7709b,ui/uieditor/widgets/arena/arenaeventbutton.lua
782cd92ef9a72e6c,ui/utility/pcnotificationsutility
782cdcd64cf1647c,ui/uieditor/widgets/cac/weaponattachmentselect/attachmentupgradeslotcontainer.lua
782fa79a45ef9936,ui/uieditor/menus/hud/t7hud_zm_castle
783184da3fe634f1,ui/uieditor/widgets/hud/prematchcountdown/prematchcountdown_numberssmall
78330b7987fe0d45,ui/uieditor/widgets/aar_t8/summary/aarsubstat
7835867ddd28f321,ui/uieditor/widgets/hud/map/compassgroupmp
7849818277b0a31b,ui/uieditor/widgets/callingcards/loot2/callingcards_loot2_postapocalyptic.lua
784a4d74cf2e02ae,ui/uieditor/widgets/challenges/challenges_mp_summary
784f3359fb4e7448,ui/lui/luitimer.lua
784f7bec438e6ab1,ui/uieditor/widgets/fileshare/filesharecategorycontentlistmini.lua
78503431250d50b7,ui/uieditor/widgets/scoreboard/scoreboardtabs
785599f807ed1730,ui/uieditor/widgets/warzone/warzonegamestatusindicatordisplay.lua
7857aae823214ba2,ui/uieditor/widgets/hud/zm_perks/zmperkvapordeadshotcountlist
7858e55879c9093a,ui/uieditor/widgets/pc/pc_vscrolllist_list.lua
785b8b47ed7ef613,ui/uieditor/widgets/aar_t8/aartabbutton.lua
785d6d26960f9bae,lua/shared/codloadoutsshared
7863ad23472cdb37,ui/uieditor/widgets/startmenu/options/frames/startmenu_options_frame_warzone
7868f60ef6139e7d,ui/uieditor/widgets/freecursor/freecursoridentitypanel
7873e0497e3f034a,ui/uieditor/widgets/codcaster/playerlistrowkillanddeathvalue.lua
7873f24eab7200ba,ui/uieditor/widgets/codcaster/codcasterloadouttalents
7873fc8f46f1c83d,ui/uieditor/widgets/aar_t8/tierreward/aartierrewardbackground_common
78772efd88e76047,ui/uieditor/luielems/luielemtext
7877a113a004bf28,ui/uieditor/widgets/common/commonheaderhudbg02
7877a413a004c441,ui/uieditor/widgets/common/commonheaderhudbg01
787dfa54b5d08484,ui/uieditor/widgets/mp/specialisthub/hubtagbutton
787edb7802d72c0e,ui/uieditor/widgets/systemoverlays/systemoverlay_alertstatusbar
788500a437514c27,ui/uieditor/widgets/director/directorcontractsbuttoninternal.lua
78854b9b3ea29fcd,ui/utility/scoreboardutility
7887b740d863fa5a,ui/uieditor/widgets/aar/medalstab/medalpreviewwidget.lua
78904dc6e1249699,ui/uieditor/widgets/startmenu/startmenu_barracks_wl
78905fc6e124b52f,ui/uieditor/widgets/startmenu/startmenu_barracks_wz
7894373c08c9cb3e,ui/uieditor/widgets/itemshop/reserves/reservesmeter.lua
7894b2673b81ff21,ui/uieditor/widgets/startmenu/startmenu_barracks.lua
789749a12a5b8386,ui/uieditor/widgets/blackmarket/contracts/bm_smallcontractprogress.lua
789b046b9468bcb9,ui/uieditor/widgets/notifications/perks/perkinfo.lua
789b48c6e12e959f,ui/uieditor/widgets/startmenu/startmenu_barracks_zm
789e96c907e11daf,ui/uieditor/widgets/aar_t8/summary/aarstatline.lua
789f0409f5c61d6a,ui/uieditor/menus/craft/emblemeditor/emblemselectoptions
789f851f831d9bd0,ui/uieditor/widgets/hud/fadingskipprompt
78a2b1d87a23607a,ui/uieditor/widgets/cac/weaponattachmentselect/attachmentslotcontainer.lua
78a744395cce7ba9,ui/uieditor/widgets/startmenu/startmenu_connectionmeter_pingimage.lua
78a7ea19a2667055,ui/uieditor/widgets/vehiclehuds/buttons/vhud_generic_gamepad_layout.lua
78aa4715db6ab705,ui/uieditor/widgets/pc/battlenet_checkout_closebutton
78aaacae484841f6,ui/uieditor/widgets/pc/pc_achievementnotification
78b8d25fd2167634,ui/uieditor/widgets/reticles/chargeshot/chargeshot_smallcenter.lua
78babac3499fee73,ui/uieditor/widgets/craft/emblemeditor/emblemchainicon
78c55686a8cff7f3,ui/uieditor/widgets/cac/equipmentselect/specialistequipmenttablistwidget.lua
78c5b242b0609336,ui/uieditor/widgets/lobby/lobbyinspection/inspectionweaponwidget
78c7735fb007ec52,ui/uieditor/widgets/wzaar/wzaar_challengecontainer.lua
78ca32636a90f3ee,ui/uieditor/widgets/gamesettings/gamesettings_background
78ce4f97c9c109c1,ui/uieditor/widgets/pc_achievementprogressbar
78d1768bd68ecce8,ui/uieditor/widgets/mp/specialisthub/hubtagbutton.lua
78d226288df4e407,ui/uieditor/menus/pcui/pc_bnetstore.lua
78d25a159c5da22e,ui/uieditor/widgets/arena/arenadivisionuptittleinternal
78d36378727b4a04,ui/uieditor/widgets/mp/mpdamagefeedback_friendlyindicator.lua
78e1fa9bac20125e,ui/uieditor/widgets/callingcards/loot4/ui_icon_callingcards_fairytales_finger2
78e1fb9bac201411,ui/uieditor/widgets/callingcards/loot4/ui_icon_callingcards_fairytales_finger3
78e1fc9bac2015c4,ui/uieditor/widgets/callingcards/loot4/ui_icon_callingcards_fairytales_finger4
78e1fd9bac201777,ui/uieditor/widgets/callingcards/loot4/ui_icon_callingcards_fairytales_finger5
78e5986607845758,ui/uieditor/widgets/utilities/progressbar_rankinfo.lua
78e9b767aaa6fd74,ui/lui/luiframe
78eba0b78dc09ed4,ui/uieditor/widgets/lobby/common/fe_listsubheaderpanel.lua
78eca5d1f1cdf1c0,ui/uieditor/widgets/cac/menuchooseclass/itemwidgets/progressbarprimary.lua
78efc7e786ceb01e,ui/uieditor/widgets/challenges/challenges_callingcardwidget
78f24caf62e0fdce,ui/uieditor/widgets/scoreboard/tabbedscoreboardrowinternal
78f2b06da000d672,ui/uieditor/widgets/customgames/customgames_officialbadge.lua
78f679924be455d5,ui/uieditor/widgets/itemshop/reservetall.lua
78f9b8be943a8303,ui/uieditor/widgets/itemshop/bmtallitem.lua
78fbe20755c7bc5d,ui/uieditor/widgets/chat/ingame/ingamechatclient.lua
78fd004d0da7f293,ui/uieditor/widgets/vehiclehuds/hellstorm/vhud_hellstormverticalindicator
78fd6c1e637f7c2a,ui/uieditor/menus/startmenu/popups/legaltextviewermenu.lua
790044e67ca25dbe,ui/uieditor/widgets/itemshop/supplychain/supplychainitemglint.lua
79032ff38bdaf0f4,ui/uieditor/widgets/hud/zm_perks/zmperkvaporicon.lua
790718a0f86dc27e,ui/uieditor/widgets/fileshare/fullscreenpopup/fullscreeenpupupsteamform
7908fd285dab6b8e,ui/uieditor/widgets/scoreboard/tabbedscoreboardrowselected.lua
790b88e935956c1d,ui/uieditor/widgets/aar_t8/tierreward/aartierrewarditemimage
790d82f7fbf3980f,ui/uieditor/widgets/tablet/tableticepickgadget_bgwindow
790fe125bfbaef27,ui/uieditor/menus/arena/leagueplayrankrules
7914c4bb8996b687,ui/uieditor/widgets/craft/emblemeditor/emblempulselayerwidget.lua
7916c6027bcabab4,ui/uieditor/widgets/cac/selectclasslistbutton.lua
7920437e2bccf522,ui/uieditor/widgets/hud/core_ammowidget/ammowidget_stockammo.lua
79272241f80bc5b6,ui/uieditor/widgets/specialist/specialistoutfitcategory.lua
792738f467653f32,ui/uieditor/widgets/aar_t8/scoreboard/aarscoreboardheader
79275cf8360faa11,ui/uieditor/widgets/callingcards/loot2/callingcards_loot2_circusclown_rightarm
792c71e14c3b05c2,ui/uieditor/widgets/footer/footercontainer_frontend_right_bg.lua
7932dcb580015bf4,ui/uieditor/widgets/social/social_emptyframe.lua
793662413c711f11,ui/uieditor/widgets/codcaster/codcasterloadoutwildcardbackground.lua
7936fbfcc5da1a25,ui/uieditor/widgets/blackmarket/contracts/bm_emptycontractslotcolumn.lua
793945e49af17e9d,ui/uieditor/widgets/vehiclehuds/gunship/vhud_gunship_button_all
793c2ec3dc046244,ui/uieditor/widgets/hud/scoreinfo/scoreinfo_ticketsystemteam.lua
79454efb1a15a291,ui/uieditor/widgets/vehiclehuds/hawk/vhudhawkhealth
7945c1007275eb71,ui/uieditor/widgets/arena/arenadivisionplacementbonusinternal
79491fa7eb0ec934,ui/uieditor/widgets/challenges/challenges_framewidget_titlebackground.lua
794b635276e05752,ui/uieditor/widgets/social/social_playerslistrankinfo
795095e5805deb96,ui/uieditor/widgets/startmenu/startmenu_button_lg.lua
7952fac172835579,ui/uieditor/widgets/barracks/specialeventlargerewardwidget
79534e2e22e469f0,ui/uieditor/widgets/vehiclehuds/ground/vehicleground_irisoutterthin.lua
7953788fb3fdb295,ui/uieditor/widgets/craft/emblemeditor/emblemeditorframe
795553e1dbf377f6,ui/uieditor/widgets/itemshop/reserves/reservesspecialcontractprogressbar
795750868dc2b8b9,ui/uieditor/widgets/arena/arenadailybonus.lua
795ee008a18b0c1b,ui/uieditor/widgets/chat/chatcliententrycontainer.lua
796a9ac94d9165ec,ui/lui/luiwheellayout.lua
7971c6ef9e71af54,ui/uieditor/widgets/aar_t8/squadsummary/aarsquadplayer.lua
79768071337c9cf2,ui/uieditor/widgets/challenges/challengesglobalstickerbook.lua
797f230a5a1a43f8,ui/uieditor/widgets/aar_t8/rewards/aarrewardbacker
798097eccfe72615,ui/uieditor/widgets/aar_t8/levelup/aarleveluprank
798179f6cf1de653,ui/uieditor/widgets/warzone/wzcollapsetimerinternal
7984e1261a791602,ui/uieditor/menus/codcaster/codcasterquicksettingssidebar.lua
79873373a0044531,ui/uieditor/widgets/chat/chatclientchatentrystaticview.lua
798ada54f032daa3,ui/uieditor/widgets/hud/map/compassgroupsquare
799377e746b9e938,ui/uieditor/widgets/common/commonscalinglisthorizontalpips
79951b2fc3d97e5c,ui/uieditor/widgets/cac/wildcardselect/wildcardslotcontainer.lua
799810be36658368,ui/uieditor/widgets/notifications/xp/tierboostnotification
79a1ee94f80e48fe,ui/uieditor/widgets/blackmarket/contracts/bm_availabecontractitem.lua
79a23af2a8d21742,ui/uieditor/widgets/freecursor/infopanelsubwidgets/freecursorcautioninfo
79a5e8b915b2adf7,ui/uieditor/menus/challenges/challenges_nearcompletion.lua
79a61afb49f90fa8,ui/uieditor/widgets/callingcards/loot3/ui_icon_callingcards_crimewave_criminalcar
79aa5eb8d601d8c3,lua/lobby/lobbyhopper.lua
79b01983042de361,ui/uieditor/widgets/codcaster/codcastersettingssidebarloadoutsettings
79b2684fbfbac796,ui/uieditor/menus/challenges/challengesdarkops.lua
79b528a05aba52d6,ui/uieditor/menus/itemshop/itemshopdetails
79ba4303509e9d8d,ui/uieditor/widgets/cac/menuchooseclass/itemwidgets/weaponlevelmeterprimary.lua
79bbebf59593cb40,ui/uieditor/widgets/itemshop/mysteryitem.lua
79c40147e90bec2c,ui/uieditor/widgets/vehiclehuds/genericvhudrightcontainer
79ca30b1e5f0be4d,lua/lobby/lobbytest
79cabe50c77a2b5d,ui/uieditor/luielems/core/remote_missile_targets
79cc1e184b6277b5,ui/uieditor/widgets/lobby/common/fe_panelnoblur.lua
79cd37e0e04b06d1,ui/uieditor/widgets/warzone/warzonekillscount
79d185ccb5a360a0,ui/uieditor/widgets/pc/footer/footerbutton_tooltipbg
79d306dce195b496,ui/uieditor/widgets/callingcards/callingcards_prestige_gear_master
79d43879e6a726f2,ui/uieditor/widgets/callingcards/loot2/callingcards_loot2_safarihunter.lua
79d551119df19927,ui/uieditor/widgets/hud/gameendscore_wz/gameendscore_killeridentity
79d754c35498bbf9,ui/uieditor/widgets/startmenu/startmenu_quitbutton.lua
79d80a99b75f96cf,ui/uieditor/widgets/cac/weaponattributesemptybar.lua
79e6258642c1a578,ui/uieditor/widgets/vehiclehuds/tank_robot/vhud_tank_robot_rocket_counter
79e8b930117f8921,ui/uieditor/widgets/aar_t8/summary/aargameinfo
79ea473db48c5208,ui/uieditor/widgets/startmenu/options/flyout/startmenu_options_settinggrid
79eb2bfa5b07a001,ui/uieditor/widgets/vehiclehuds/dart/vhud_dart_reticle_roll.lua
79f007107afbf76e,ui/uieditor/widgets/freecursor/infopanelsubwidgets/freecursorbuttonpromptarea.lua
79f30ccf57885c6a,ui/uieditor/widgets/hud/core_ammowidget/ammowidget_clipcontainerpress
79f4e16d684abdb9,ui/uieditor/widgets/pc_codaccount
79f6aa44fb70483c,ui/uieditor/widgets/social/social_infopane_presence_joinableicon.lua
79f7e91bf188187b,ui/uieditor/widgets/callingcards/callingcards_prestige_equipment_master.lua
79f80f8dec90b3b7,ui/uieditor/widgets/itemshop/purchasereservesitembutton.lua
79f95fbc59fb2b87,ui/uieditor/widgets/zmhudwidgets/overheadname_zm.lua
79f968d7bee3f220,ui/uieditor/widgets/director/directorstageindicator
79fc53cf722c6b1e,ui/uieditor/widgets/genericpopups/dialogspinner.lua
79fccadd00eb6735,ui/uieditor/widgets/itemshop/supplychain/supplychainstream
79fdbcc046e9909f,ui/uieditor/widgets/common/commonidentitywidgetstreamlined.lua
7a06bb8351e9354f,ui/uieditor/widgets/director/directormatchmakingtimerinternal
7a0759ae102bd981,ui/uieditor/widgets/vehiclehuds/mothership/vhud_ms_notificationseatingtop
7a0904047d94d98a,ui/uieditor/widgets/callingcards/callingcards_scorestreak_airassualtmaster.lua
7a0adbeac4b7c657,ui/uieditor/menus/blackmarket/contracts/blackmarketcontractreplacementconfirmation.lua
7a0d9750c225a252,ui/uieditor/widgets/vehiclehuds/mothership/vhud_ms_modright
7a0ea5c4d6136584,ui/uieditor/widgets/blackmarket/contracts/bm_activecontractitemreward
7a167df5a3f296ea,ui/uieditor/widgets/common/blacktransitionfade.lua
7a2607a18baf43e7,ui/uieditor/widgets/zmfrontend/armory/armory_attachmentpipcontainer
7a2ce0245c267209,ui/uieditor/menus/fullscreenwhite
7a31174940e0df74,ui/uieditor/widgets/hud/zm_cursorhint/zmcursorhint
7a37f8d81f1bf774,ui/uieditor/widgets/competitive/competitive_ladderscore
7a38a98b7d7843d5,ui/uieditor/widgets/startmenu/startmenu_currencycounts
7a43ce2da2f8157d,ui/uieditor/widgets/warzone/warzoneinventorymenuitem_internal
7a49b8179df320a0,ui/uieditor/widgets/aar_t8/rewards/aartierpip.lua
7a4b1f499cecb4af,ui/uieditor/widgets/mphudwidgets/thrustmeter/thrustmeterarrows
7a54c1328e6e5e25,ui/uieditor/widgets/pc_simplevscrolllist.lua
7a5b6deff4bc3cab,ui/uieditor/widgets/aar_t8/summary/aargamehistory
7a5bc9d1de9b04d8,ui/uieditor/widgets/common/commonlistbuttongenericshort
7a6067d35a987dd5,ui/uieditor/widgets/blackmarket/contracts/bm_emptycontractslotcolumn
7a608a233a5dbf12,ui/uieditor/widgets/vehiclehuds/mothership/vhud_ms_timebar.lua
7a6546f96b82647c,ui/uieditor/widgets/arena/leagueplayendrankladder
7a697ba51a863470,ui/uieditor/menus/eula.lua
7a711f5c262e7f92,ui/uieditor/widgets/vehiclehuds/genericvhud3missilecounter
7a73c2a9236220f1,ui/uieditor/widgets/itemshop/contracttalldesccontainer.lua
7a74ae14ac2e5193,ui/uieditor/widgets/chat/chatclientchatentriesview
7a76824d8defd166,ui/uieditor/widgets/callingcards/loot3/ui_icon_callingcards_dystopian_headglow.lua
7a7a7c0bf9b9a99b,ui/uieditor/widgets/hud/core_ammowidget/ammowidgetzm_clipinfo
7a7d2087cca307b4,ui/uieditor/widgets/mphudwidgets/gametypescoreinfo/hardpointobjectivenotification
7a7dfb684d440492,ui/uieditor/widgets/aar_t8/scoreboard/aarscoreboardheader.lua
7a7ea0d9645b5d59,ui/uieditor/widgets/startmenu/startmenu_options_safearea_container.lua
7a83717e9f99925a,ui/uieditor/widgets/startmenu/startmenu_options_graphics_colorblindminimappreview
7a88f2d181325438,ui/uieditor/widgets/notifications/xp/tierboostambientglow
7a90c651f34c6414,ui/uieditor/widgets/callingcards/loot2/callingcards_loot2_surrealistlandscapes_book
7a936c040d7c3a74,ui/uieditor/widgets/pc/startmenu/graphicsoptions/startmenu_options_pc_graphicsoptions_sidebuttonexpendablelist.lua
7aa0fff9875336d4,ui/uieditor/widgets/common/commonheaderhudbg02.lua
7aa47d3222435ff8,ui/uieditor/widgets/startgameflow/loadingscreentalkerwidgetcpzm.lua
7aaaa47d742c9986,ui/uieditor/widgets/vehiclehuds/agr/vhud_agr_outsideline.lua
7aac4e5567dcd027,ui/uieditor/widgets/itemshop/contracts/contractseasonaloverlay_supplychain.lua
7aafd28bb5638f42,ui/uieditor/widgets/scoreboard/tabbedscoreboardlayoutcorner.lua
7ab13559b4a21d49,ui/uieditor/widgets/warzone/wzobituarycalloutexpandedcontainer.lua
7ab8025bd81e5292,ui/uieditor/widgets/reticles/infinite/lmginfinitereticle_light
7abae5570acce740,ui/uieditor/widgets/social/social_optionsbuttonlist.lua
7abe5a14b55c0739,ui/uieditor/widgets/common/commonheaderhudbg01.lua
7ac32310e7c408db,ui/uieditor/widgets/scoreboard/wz/scoreboardmapkeywz.lua
7ac521f04c51592a,ui/uieditor/widgets/aar_t8/merit/challengecoin.lua
7aca9d064c04e946,ui/uieditor/widgets/aar_t8/levelup/aarxpmeternextlevel.lua
7acf82a98718baa9,ui/uieditor/widgets/common/commonemptyslot01
7ad955374bad9b84,ui/uieditor/widgets/pc/startmenu/controlsoptions/pc_startmenu_options_controls_keybinder.lua
7ad9830e2d2927b9,ui/uieditor/menus/challenges/challengesoperationswz.lua
7adfbacdb18c48d2,ui/uieditor/luielems/wz/player_insertion_choice.lua
7ae1de66f130dcda,ui/uieditor/luielems/wz/self_respawn
7aed3f55b9ef43dd,ui/uieditor/widgets/vehiclehuds/vehicleseatconfig_seatpip
7af18550497554a7,ui/uieditor/actions.lua
7afb605ef7458eea,ui/uieditor/widgets/itemshop/discounttimer
7b04c35a76ece2ee,ui/uieditor/widgets/scoreboard/tabbedscoreboardscores.lua
7b0579e2f11b8c06,ui/uieditor/widgets/arena/arenadivisionuptittleinternal.lua
7b069d6d764abdd2,ui/uieditor/widgets/zmfrontend/laboratory/laboratory_safeareacontainer_mixagain
7b092ff8eeab267a,ui/uieditor/widgets/zmfrontend/zmstorytabs.lua
7b0a49856f2dee8f,ui/uieditor/widgets/director/directorlobbymemberinternalcardneverexpanded
7b0be0a63bb0a5b0,ui/uieditor/widgets/hud/scoreinfo/scoreinfo_timerblur
7b103ab1982e7112,ui/uieditor/widgets/cac/weaponattachmentselect/attachmentupgradearrow
7b139f35e8a97671,ui/uieditor/widgets/director/directorfindgamedetailmodes
7b1593e047f53c0f,ui/uieditor/widgets/notifications/notificationqueuewidgets/weaponlevelupsidehashes.lua
7b1c96c6363a8664,ui/uieditor/widgets/startmenu/startmenu_options_buttonoption.lua
7b20bcf809810535,ui/uieditor/widgets/lobby/common/fe_menu_leftgraphics.lua
7b249d12769c49e6,ui/uieditor/widgets/fileshare/selectedfilmsummarygameresult
7b255e86c69fe33f,ui/uieditor/widgets/vehiclehuds/agr/vhud_agr_reticle
7b27d451c6c6a138,ui/uieditor/menus/aar_t8/levelup/aarrewardoverlay
7b2c2ad947e6d812,ui/uieditor/widgets/mphudwidgets/waypointcombattrainingtarget.lua
7b31dfe38d3c3ec9,ui/uieditor/widgets/startmenu/startmenu_options_button
7b38e6366e737a71,ui/uieditor/widgets/vehiclehuds/agr/vhud_agr_reticleoutsidedotsur
7b56002ad5906f7f,ui/uieditor/widgets/zmfrontend/laboratory/laboratorybottlelabellist.lua
7b59e6af0a2c4a80,ui/uieditor/widgets/director/directorcustomgamemember
7b5b567a515597b3,ui/uieditor/widgets/motd/motd_vodpreviewwidget.lua
7b5d51818f5c806d,ui/uieditor/widgets/aar_t8/tierreward/aartierrewardshowcaseinternalcoreepic.lua
7b662eb8ce1dcb63,ui/uieditor/widgets/pc/bnetstore/pc_bnetstore_container.lua
7b675532cbddde1c,ui/uieditor/widgets/zmfrontend/armory/armory_attachmentupgradeslotcontainer.lua
7b6a65293a391f98,ui/uieditor/widgets/startmenu/wz/startmenu_resourcelist
7b6d927dae9e3808,ui/uieditor/widgets/cac/weaponcacpersonalizationname.lua
7b7e92846213afa1,ui/uieditor/widgets/hud/killcam/killcamkilledbyequipmentlist
7b850fac3ef8b863,ui/uieditor/widgets/cac/classminipreview/classminipreviewgearitem
7b85b5bed932198e,ui/uieditor/widgets/aar_t8/rewards/aarclassreward.lua
7b86ec366eb5a5f4,ui/uieditor/widgets/vehiclehuds/agr/vhud_agr_reticleoutsidedotslr
7b899f92c2c5cc35,ui/uieditor/widgets/blackmarket/doubleloot.lua
7b8f158fc5a82d1b,ui/uieditor/widgets/cac/loadoutclassitemcontainerinternal
7b90deb6116ead8c,ui/uieditor/widgets/cac/menuchooseclass/itemwidgets/weaponpersonalizationtextbreadcrumb.lua
7b91a4a0888680f8,ui/uieditor/widgets/itemshop/supplychain/purchasehighlight
7b93b0d54b0e2ee3,ui/uieditor/widgets/lobby/mapvote/mapvotenodemoselected.lua
7b9595f45396ad54,ui/uieditor/widgets/callingcards/callingcards_blackmarket_cardwidget.lua
7b9b04bd46680805,ui/uieditor/widgets/chat/chatclientchatentryscrollviewcontainer.lua
7ba2fc669ccbd8fb,ui/uieditor/widgets/itemshop/cardglowrectangleanim
7baf9927efcde965,ui/uieditor/widgets/callingcards/callingcards_asset_stingertail
7bb607b28978e21d,ui/uieditor/widgets/mp/specialisthub/hubspecialist_character.lua
7bb67a5a57135916,ui/uieditor/menus/lobby/common/popups/liveeventviewer
7bb745aa84c28ccd,ui/uieditor/widgets/directorprivate.lua
7bb818f4aae6cbe7,ui/uieditor/widgets/hud/abilitycallout/abilitycallout_internal.lua
7bb953a4feee3560,ui/uieditor/widgets/codcaster/codcasterobjectivestatusflag.lua
7bc269622881edb4,ui/uieditor/widgets/startmenu/options/flyout/startmenu_options_settinggrid.lua
7bc511de6ee963aa,ui/uieditor/widgets/callingcards/callingcards_prestige_master
7bcb9c49c8db8721,ui/uieditor/widgets/keyboardtextfieldinternal
7be167ee86fcf99d,ui/uieditor/widgets/lobby/missingdlcnotification
7be4547a2d41861b,ui/uieditor/widgets/startmenu/startmenu_options_network_statusoverview_wrapper.lua
7be9307b4d061c70,ui/uieditor/widgets/warzone/wzcamooriginwidget.lua
7beeadce472fc348,ui/uieditor/widgets/aar_t8/levelup/aarxpmetercurrentlevel
7bf2d1bc346498a7,ui/uieditor/widgets/startmenu/startmenu_smalltierboostnotification
7bf523a632054d42,ui/uieditor/widgets/social/social_nofriends
7bf7f1af6ea16340,ui/uieditor/widgets/callingcards/loot3/ui_icon_callingcards_dystopian_armglow.lua
7bf803ff03b30269,ui/uieditor/widgets/callingcards/loot4/ui_icon_callingcards_fairytales_finger3.lua
7bfd64d8fa106b8f,ui/uieditor/menus/pcui/pc_korea_bootsequence_rating
7c0485b8f83b102e,ui/uieditor/widgets/warzone/warzonedeathcamlabel.lua
7c048e011d7fa11c,ui/uieditor/widgets/cac/selectedclassminipreview
7c0df9332eabd4d0,ui/uieditor/menus/mp/specialisthub/mpspecialisthubweapons
7c0f8856fca43866,ui/uieditor/widgets/directorselect
7c19fef5f3472006,ui/uieditor/widgets/hud/mpgametypes/oic_lifepip
7c232273d59c830b,ui/uieditor/widgets/codcaster/codcasterbuttonpromptcontainer_onlykeyboardkey.lua
7c2889e257fcc164,ui/uieditor/widgets/craft/emblemeditor/stickersetiteminternal.lua
7c2f57d19e2cfa46,ui/uieditor/widgets/hud/core_ammowidget/ammowidget_oneinthechamber.lua
7c32aace374bc198,ui/uieditor/widgets/callingcards/callingcards_career_game_heroics_master.lua
7c3316e685b56b4b,ui/utility/motdutility
7c373b5a993aef46,ui/uieditor/widgets/health/healthdot
7c39eebb81a25371,ui/uieditor/widgets/cac/wildcardselect/wildcardselectionwidget.lua
7c3febe74594bac9,ui/uieditor/widgets/scoreboard/tabbedscoreboardcolheaders.lua
7c401e6131a4e9a5,ui/uieditor/widgets/onofftextimagebacking
7c43ac64d7728ed3,ui/uieditor/widgets/director/directorzmplaylistselectitem.lua
7c4a8b36078c59aa,ui/uieditor/widgets/tablet/tak5/tablettak5_ammopip
7c4baaaf950ca0e2,ui/uieditor/widgets/craft/emblemeditor/emblemiconnew_internal.lua
7c4bf36f89c65d01,ui/uieditor/widgets/lobby/common/fe_labelsubheadingd
7c50aca8cc2eb819,ui/uieditor/widgets/director/directorsimplebutton.lua
7c57e53135ec6f09,ui/uieditor/widgets/craft/paintshop/paintshopblendbuttonprompt
7c5bb2f76a96c9ce,ui/uieditor/widgets/lobby/lobbyinspection/inspectionplayerstats
7c60b2f117ba14cf,ui/uieditor/widgets/hud/core_ammowidget/ammowidgetzm_characterportrait
7c64717e88517b46,ui/uieditor/widgets/startmenu/wz/startmenu_inventorydescription_internal.lua
7c70512a31d4f15e,ui/uieditor/widgets/notifications/notificationqueuewidgets/weaponleveluptitle.lua
7c70a2e3d0767f9b,ui/uieditor/widgets/pc/notifications/pc_notif_keyprompt_container.lua
7c71b3cf9012e5dd,lua/shared/luareadonlytables
7c796bcbc9e13e7a,ui/uieditor/widgets/hud/buttonprompt3dcpzm_usebuttonicon
7c7b3ed5babc4053,ui/uieditor/widgets/cac/supportselectionoptioninternal.lua
7c8300f2fe7df038,ui/uieditor/widgets/aar_t8/summary/aarkillswidget.lua
7c8666fff462a645,ui/uieditor/widgets/itemshop/discounttierscontainer
7c8d48ad23f61e4a,ui/uieditor/widgets/tablet/tableticepickgadget_itemicon.lua
7c9061aadc5e8dc4,ui/uieditor/widgets/endgameflow/killcamteampanelright.lua
7c926ebf64310b2f,ui/uieditor/widgets/director/directorcharacterbuttonzm.lua
7c98fd77cc67cadf,ui/uieditor/widgets/craft/emblemeditor/colorpicker/emblemeditorcolorcontrols.lua
7c9dc8e1501f08a7,ui/uieditor/widgets/vehiclehuds/hellstorm/vhud_hellstorm_reticle.lua
7ca0263a014634ef,ui/uieditor/luielems/mp/ct_recon_melee_vip
7ca27c7557d9c263,ui/uieditor/widgets/callingcards/callingcards_zm_elixirs_talismans
7ca310f46698271f,ui/uieditor/widgets/zmhudwidgets/inventory/zminvchallenges
7ca897ba9d64c37c,ui/uieditor/widgets/itemshop/reserves/reservesbribestacktall
7ca996116b12fb91,ui/uieditor/widgets/cac/cacwildcardselectionanimcontainer.lua
7cb6e5e515b30cfd,ui/uieditor/widgets/hud/mp_hacked/hud_hacked_map_widget
7cd2708c4752f857,ui/uieditor/widgets/startmenu/options/startmenu_options_controllerlayout_vita.lua
7cd7f3af6f213f8e,ui/uieditor/widgets/hud/core_ammowidget/ammowidget_powerbasedcountpip.lua
7cdff971676c38e7,ui/uieditor/widgets/callingcards/callingcards_asset_pirate_arm.lua
7ce02f81236a84a2,ui/uieditor/menus/pcui/startmenu/pc_startmenu_options_new
7ce1a03313fdd278,ui/uieditor/widgets/hud/core_ammowidget/ammowidget_carryitem_battery.lua
7ce2f5f6849507b6,ui/uieditor/widgets/vehiclehuds/gunship/vhud_gunship_ammocounterframe
7ce5b51fd3e465e5,ui/uieditor/widgets/callingcards/loot4/ui_icon_callingcards_fairytales_flame3.lua
7ce8d57df5286d4a,ui/uieditor/widgets/freecursor/tooltiparchetypes/tooltipactionprompt
7ceb065b85957e6b,ui/uieditor/widgets/callingcards/callingcards_snakegods_asset_lefthand.lua
7cf052d7532754d9,ui/uieditor/widgets/codcaster/codcasterobjectivestatusctf
7cfe2eb8d72361ef,ui/uieditor/widgets/callingcards/callingcards_asset_steampunkwarriors_shoulder.lua
7d02c67ba91f25dc,ui/uieditor/widgets/mphudwidgets/prestigerewards/prestigerewardwidget.lua
7d03017b72a4f0bb,ui/uieditor/widgets/vehiclehuds/gunship/vhud_gunship_buttonprompt
7d06e10d136a6560,ui/uieditor/widgets/notifications/notificationqueuewidgets/challengesnotification.lua
7d071041127225db,ui/uieditor/widgets/itemshop/itemdetailssunset
7d12d4e249e0ca93,ui/uieditor/widgets/warzone/warzonedbnotext
7d13df9b93c43732,ui/uieditor/widgets/chat/chatclientfilterlist.lua
7d151f5f1f01c4f6,ui/uieditor/widgets/scoreboard/wz/scoreboardmaprowheadings.lua
7d18f710d30d4ebf,ui/uieditor/widgets/itemshop/contracts/contractpurchasedbanner
7d1a5ef064d0dc15,ui/uieditor/widgets/reticles/infinite/lmginfinitereticle_extras
7d1e9313652f11f3,ui/uieditor/widgets/hud/gameendscore_wz/gameendscore_playerindentity.lua
7d1eb3d86891b5a6,ui/uieditor/widgets/vehiclehuds/attackhelicopter/vhud_attack_helicopter_rocket.lua
7d2355bd29127c21,ui/uieditor/menus/mp/firsttimeflow/firsttimebrightnesssetting
7d24ec043cbcc14d,ui/uieditor/widgets/director/directorzmtutorialmapselectitem
7d2acf2450da8c29,ui/uieditor/widgets/lobby/common/liveeventviewerfootercontainer
7d2b0e29c37438b0,ui/utility/doublexputility.lua
7d2b3316fe9358af,ui/uieditor/widgets/aar_t8/summary/aargamehistory.lua
7d2c995a09e6f3f2,ui/uieditor/widgets/callingcards/loot4/ui_icon_callingcards_assassin_attackerhand.lua
7d2e793d322949cb,ui/uieditor/widgets/callingcards/callingcards_snakegods_asset_hero.lua
7d2ef4b4071bcd0a,ui/uieditor/widgets/arena/arenaleagueplayrubies
7d308b985f41ee8f,ui/uieditor/widgets/wzaar/wz_aarcharactercontainerinternal
7d38b2f0473892c6,ui/uieditor/menus/challenges/challenges_prestige
7d406c4066d16086,ui/uieditor/widgets/callingcards/callingcards_zm_miscellaneous_01.lua
7d422491ee72deb9,ui/uieditor/widgets/codcaster/codcasterannouncementfeedtext.lua
7d46b57f9867ec93,ui/uieditor/widgets/aar_t8/tierreward/aartierrewardshowcaseinternalrare
7d4aada18a6388eb,ui/uieditor/widgets/hud/map/compassgroupcontainer
7d4fbfd7e7a972bf,ui/uieditor/widgets/callingcards/loot2/callingcards_loot2_postapocalyptic
7d5280de4167d115,ui/uieditor/widgets/vehiclehuds/mothership/vhud_ms_notificationseatingside
7d553336144a4201,ui/uieditor/widgets/hud/scoreinfo/userscorecontainer
7d560796d05a6b46,ui/uieditor/widgets/reticles/mp/bowlauncherreticle_dot
7d56bc5f90250df3,ui/uieditor/widgets/director/directorselecttexttab.lua
7d5f3d9331076e0b,ui/uieditor/widgets/mphudwidgets/waypointhardpoint_coloricon.lua
7d65d068dbc2648e,ui/uieditor/widgets/tablet/tabletlocationselector_markercursor.lua
7d6fc714e834102b,ui/uieditor/widgets/blackmarket/contracts/bm_activecontractrewards_zmtierskip
7d721ddbc67ddf22,ui/uieditor/widgets/hud/safeareacontainers/hud_wz_safeareacontainer_front.lua
7d7243c50ea923c3,ui/uieditor/widgets/warzone/warzonekillsinternal.lua
7d75f4df60b8394e,ui/uieditor/widgets/zmfrontend/zmcustomclasstabs.lua
7d78a5df8ad9060e,ui/uieditor/widgets/hud/mpwheelprompt.lua
7d7932061fbd9b0b,ui/uieditor/widgets/codcaster/codcasterloadoutsecondaryweapon.lua
7d79c542bbf36987,ui/uieditor/widgets/mphudwidgets/waypointcapturedpercentmessage
7d7e14656720a787,ui/uieditor/widgets/competitive/competitiveaardivisioncurrentrank
7d83fd1a45cb7af9,ui/uieditor/widgets/warzone/warzoneusetimerreviveplayer.lua
7d840bf6099875c0,ui/uieditor/widgets/aar_t8/tierreward/aartierrewarddupeindicator
7d877558491289a5,ui/uieditor/menus/hud/hudelementtimer
7d8b8a5b7da091e0,ui/uieditor/widgets/startmenu/options/frames/startmenu_options_frame_graphiccontent.lua
7d903c873a4a110c,ui/uieditor/widgets/common/commondetailpanel02.lua
7d92655a9482f98a,ui/uieditor/widgets/hud/gameendscore/gameendscoreroundpip
7d92f485419a7adc,ui/uieditor/widgets/director/directorlobbymembername.lua
7d969060dea9476d,ui/uieditor/widgets/zmfrontend/cac/zmelixirslotinternal.lua
7d97898fe9a295de,ui/uieditor/widgets/blackmarket/bm_profilerlock.lua
7d9b1c67e297144d,ui/uieditor/widgets/hud/gameendscore_wz/gameendscore_placement
7da5c1a18b39c3c5,ui/uieditor/widgets/craft/emblemeditor/emblemrenamebutton_internal
7da8b3a2f0aa2734,ui/uieditor/widgets/notifications/xp/doublexpiconsleftaligned.lua
7dab8c3a6f5b136c,ui/uieditor/widgets/common/commonpixelbacking
7db001ffcf53ef6c,ui/uieditor/widgets/hud/zm_score/zmscr_trialssm
7dbfb4075dcbd3ee,ui/uieditor/widgets/craft/emblemeditor/emblemitem.lua
7dc3c4513e156a36,ui/uieditor/widgets/craft/emblemeditor/emblemgroupnew_internal
7dc3dd71c5e39d42,ui/uieditor/widgets/vehiclehuds/wasp/vhud_sentinel_notificationbox
7dc608fa0d1e26f6,ui/uieditor/widgets/aar_t8/arena/aar_leagueplayladderwidget.lua
7dc6f2fd42a355f6,default.lua
7dc94decf3a09a57,ui/uieditor/widgets/pc/hud/pctabbedscoreboardaccessmapprompt
7dd29966df5112e8,ui/uieditor/widgets/social/social_infopane_dlcstatus.lua
7dd310064e88e674,ui/uieditor/widgets/aar_t8/summary/aarperformancewidgets
7dd4972c010dc436,ui/uieditor/widgets/startmenu/wz/startmenu_ammolist.lua
7dd58bfe95a43cfe,ui/uieditor/widgets/lobby/common/list1buttonlarge_left_nd.lua
7dd5d418e865e8de,ui/uieditor/widgets/mphudwidgets/outofbounds/outofbounds_sidebar.lua
7dd8758410e5f999,ui/uieditor/widgets/scoreboard/tabbedscoreboard
7dd9ab829cef4759,ui/uieditor/widgets/notifications/xp/doublexpiconsfrontendsmallinternal.lua
7de41b5dda8306fc,ui/uieditor/widgets/callingcards/callingcards_asset_pirates_armwithgun
7def16d91ad53261,ui/uieditor/widgets/cplevels/cpholdtoskipscenebutton
7df04d64fd192cc4,ui/uieditor/widgets/vehiclehuds/tank_robot/vhud_tank_robot_rocket_counter.lua
7df10caaf6808e80,ui/uieditor/widgets/mphudwidgets/thrustmeter/thrustmeterchevron
7dfb7742075cbb36,ui/uieditor/menus/blackmarket/contracts/blackmarketcontractselect
7e07ba5e9a9c0124,ui/utility/customizeprestigeiconutility.lua
7e08d7bb56cfa68a,ui/uieditor/widgets/common/blacktransitionfade
7e09bcc7e0af69ad,ui/uieditor/widgets/vehiclehuds/mothership/vhud_ms_buttonwidgetcooldown
7e0a647a9aa431ab,ui/uieditor/widgets/aar_t8/summary/aarstatline
7e0c20c5908660cd,ui/uieditor/widgets/vehiclehuds/vhud_layoutplusgrid
7e0e985cb2bf3a07,ui/uieditor/widgets/mphudwidgets/overheadname_mp.lua
7e11ddd4a0fc3730,ui/uieditor/menus/cac/weaponselectflyout
7e12a0c6d16ce252,ui/uieditor/widgets/hud/core_ammowidget/ammowidgetzm_weaponlistpip.lua
7e15b0eff88bbebc,ui/uieditor/widgets/genericpopups/loot_toastframebackground
7e189378e1349e63,ui/uieditor/widgets/codcaster/codcasterportraitplayerlist
7e19582705aab870,ui/uieditor/widgets/director/directorlobbymemberinternalcard
7e1c7c8598b7cf7c,ui/uieditor/widgets/warzone/warzoneinventorypickupnotification
7e236671ac978d93,ui/uieditor/widgets/pc/cyclinglist_arrow.lua
7e32fe30fe56b49b,ui/uieditor/widgets/hud/mp_hacked/hud_hacked_hero_widget
7e3ca6e804d6d29c,ui/uieditor/widgets/callingcards/callingcards_asset_steampunkwarriors_gunsmoke
7e410f59e1df5745,ui/uieditor/menus/overlaysystem/systemoverlay_freecursor_full
7e4410bd94870e1b,ui/uieditor/widgets/arena/arenarankwidget.lua
7e47821af7b34a24,ui/uieditor/menus/zm/zmstartweaponselect
7e48ccd31f36318d,ui/uieditor/widgets/hud/obituary/obituarycalloutcontainerdamagedealt
7e4ab7898d6eef2c,ui/uieditor/widgets/itemshop/contracts/contractitemcostmulticurrency
7e5317d52f1af8fe,ui/uieditor/widgets/cac/equipmentselect/specialistequipmentnamedesc.lua
7e549d01b1811766,ui/uieditor/menus/fileshare/popups/fileshareoptions_delete
7e5bbf49aab89fa3,ui/uieditor/widgets/warzone/warzoneusetimerusing
7e5ea38d12085110,ui/uieditor/menus/startmenu/startmenu_options_network
7e5ec0232d310fb6,ui/uieditor/widgets/hud/equipment/emp/emprebootindicatorwidget
7e72aa2f9921543f,ui/uieditor/widgets/hud/core_ammowidget/ammowidgetwz_clipinfo
7e7b5593e4aa1ce8,ui/uieditor/widgets/aar_t8/tierreward/aartierrewarditemglowanimationepic.lua
7e7e3561d95c9551,ui/uieditor/widgets/zmfrontend/zmaartimetext.lua
7e7eb16970050c7a,ui/uieditor/menus/aar_t8/levelup/aarlevelupoverlay
7e859b0aea1835b9,ui/uieditor/widgets/hud/core_ammowidget/ammowidgetmp_helditem.lua
7e8b4c435a1e7674,ui/uieditor/widgets/hud/core_ammowidget/ammowidget_carryitem_battery
7e930ac5578a8d6e,ui/uieditor/widgets/social/social_inviteplayersheader
7e932f4e1803141c,lua/lobby/lobbyarena.lua
7e94faf6bc0e0c41,ui/uieditor/widgets/callingcards/loot2/callingcards_loot2_spacecowboy.lua
7e97ae2edf67ce32,ui/uieditor/widgets/aar_t8/merit/meritoverlaymanualheader
7e9ac70fab25e298,ui/uieditor/widgets/itemshop/listlabelhideable.lua
7e9c537d31e40b78,ui/uieditor/widgets/hud/zm_notiffactory/zmnorif_frontlines01rotation
7ea0c802d8aee12d,ui/uieditor/widgets/arena/leagueplayendrankupruby
7ea5bc03da1b4195,ui/uieditor/menus/arena/arenagauntletprogressiondetails
7ea71cc10a0bd874,ui/uieditor/widgets/social/social_missingdlcnotification
7ea774f4e4b8a5aa,ui/uieditor/widgets/mphudwidgets/scorepopup/mpscr.lua
7ea80f8d44d060ee,ui/uieditor/widgets/callingcards/loot3/ui_icon_callingcards_invasion_beam.lua
7eabbc2b888b7fa1,ui/uieditor/widgets/itemshop/reserves/reserveslootcratebuttoncontainer.lua
7eb2ada9faedc164,ui/uieditor/menus/social/social_inviteplayerspopup.lua
7eb79bfc3338580d,ui/uieditor/widgets/vehiclehuds/tank_robot/vhud_tank_robot_health
7eb8a090b0f72551,ui/uieditor/widgets/codcaster/codcasterobjectivestatusdominationsite.lua
7ebbc44610aaaf75,ui/uieditor/widgets/pc/dropdown_itemlist
7ebc29631dee3ec5,ui/uieditor/widgets/challenges/challengesstickerbookdarkops
7ec03253ae743ad4,ui/uieditor/widgets/hud/safeframe_playercard
7ec05c4910869dba,ui/uieditor/menus/charactercustomization/zmpersonalizecharacter
7ec481fdb7fc73f3,ui/uieditor/widgets/pc/socialmenu/pcsocialmenu_playerlistitem_playerinfos_cancelinvitetoparty.lua
7eca50b50e7e2ac3,ui/uieditor/widgets/codcaster/codcasterbuttonprompt.lua
7ed3773bc53bf251,ui/uieditor/widgets/pc/pc_eula_buttons.lua
7ed4cf49c7361559,ui/uieditor/widgets/itemshop/reserves/reservesrerollcard.lua
7ed69177384dfcf2,ui/uieditor/widgets/director/directorlobbypartytierboost.lua
7eda152e1d10147a,ui/uieditor/widgets/backgroundframes/genericmenuframe
7edbbd3497126cd5,ui/uieditor/widgets/commonbuttonoutlinelocked.lua
7ee2ad4f22d3a2c3,ui/uieditor/widgets/zmhudwidgets/inventory/zminventorylistinternal
7ee6d0fdccf48746,ui/uieditor/widgets/warzone/wzobituaryattacker
7ee88ebccb2271bc,ui/uieditor/widgets/warzone/warzone_emp_team
7ee954020e22b03c,ui/uieditor/widgets/pc/startmenu/pc_startmenu_options_listcontainer
7eeba57f916954d1,ui/uieditor/widgets/cac/cac_lock
7eed3e1046bfa5f2,ui/uieditor/widgets/arena/arenaeventtimersmallendsin
7eedc19c651da46f,ui/uieditor/widgets/mp/mpdamagefeedback_perkfeedback
7eee4585000005bc,ui/uieditor/widgets/leaderboard/leaderboard_rankandstatswidget
7ef354d5c59e8994,ui/uieditor/widgets/mphudwidgets/waypoint_textwithbgtraining
7ef9c1900ac4bdfe,ui/uieditor/widgets/itemshop/contracts/purchasecontract_stateindicator
7efd07550eb9e4e8,ui/uieditor/widgets/blackmarket/purchasedcontractsemptyslots
7efdf72468d8029e,ui/uieditor/widgets/cac/newbreadcrumbcount.lua
7f065cee191c8c96,ui/uieditor/luielems/cp/full_screen_movie.lua
7f07e38391de8acf,ui/uieditor/widgets/endgameflow/killcamnemesiswidget
7f092ac5d3a4db70,ui/uieditor/widgets/itemshop/listlabel.lua
7f0f7fc19d30c225,ui/uieditor/widgets/callingcards/loot4/ui_icon_callingcards_fairytales_flames.lua
7f1880384d94b503,ui/uieditor/menus/zm/armory
7f18c69d5f3551f1,ui/uieditor/widgets/startmenu/startmenu_smalltierlevel.lua
7f1ded0871f8caa4,ui/uieditor/widgets/leaderboard/leaderboard_statwidget.lua
7f1ec649151bc0b8,ui/uieditor/widgets/mphudwidgets/waypointhardpoint_timer
7f26c782f5d142c6,ui/uieditor/widgets/director/theater/directortheater.lua
7f2782a493552d48,ui/uieditor/widgets/hud/mp_scorestreakwidget/scrstk_numbermove
7f33e209ab1941f7,ui/uieditor/menus/mp/specialisthub/mpspecialisthubgestures.lua
7f34f1ed7cded60c,ui/uieditor/widgets/director/directorpregamesetupmatch.lua
7f3576f624d6e163,ui/uieditor/widgets/genericpopups/loot_bonustoaststandard
7f3ab3cfa8283840,ui/uieditor/widgets/callingcards/loot3/ui_icon_callingcards_dystopian_bodyglow.lua
7f3c88d193f18ae2,ui/uieditor/widgets/gamesettings/gamesettings_titlesecbox
7f3fc0ec27ad5c4e,ui/uieditor/widgets/arena/leagueplayrulespopup
7f3ffca68bc7ef39,ui/uieditor/widgets/pc/startmenu/pc_startmenu_options_hudbounds_desc.lua
7f402714dd006d0f,ui/uieditor/widgets/craft/craftnavigationwidget
7f431c6a7fb24eb3,ui/uieditor/widgets/wzaar/wzaar_meritcontainerinternal.lua
7f45503e97b745c9,ui/uieditor/widgets/tablet/swipetak5/swipetak5_confirmbutton.lua
7f55b4a9149c74df,ui/uieditor/widgets/fileshare/selectedfilmsummaryscorecolumn
7f571e3a150b8bbc,ui/uieditor/widgets/aar_t8/rewards/aarrewardstab.lua
7f589277656f0ada,lua/lobby/matchmaking/lobbymatchmakingpriority
7f60e3835ef217c4,ui/uieditor/widgets/social/social_membergamertag.lua
7f63768e9168fc34,ui/uieditor/widgets/tablet/tableticepickgadget_bgelementlines.lua
7f67a07c4e1d567a,ui/uieditor/luielems/zm_laststand/self_revive_visuals.lua
7f6ae994925ce8e1,ui/uieditor/widgets/director/directorheadertabsafearea
7f6f5186789969f0,ui/uieditor/menus/codcaster/editteamlogo
7f715750c9ae608a,ui/uieditor/widgets/pc/socialmenu/pcsocialmenu_genericbutton_container
7f750379a77f3190,ui/uieditor/menus/hud/hud_wz_require.lua
7f80ed752a6f17b4,ui/uieditor/widgets/itemshop/itemhistoryframe.lua
7f8a0b937713cad5,ui/uieditor/widgets/common/commonglowstandard
7f91cf6839d25705,ui/uieditor/widgets/director/directorlobbytierskipnotification
7f928b7b9fb82325,ui/uieditor/menus/craft/emblemeditor/emblemeditoroptions
7f9851381bcbc9dd,lua/lobby/matchmaking/lobbymatchmakingcp.lua
7f9c9e2aa1ade8c8,ui/uieditor/widgets/notifications/medals/notification_medals.lua
7fa9b3c4076531ba,ui/uieditor/widgets/lobby/common/list1buttonlarge_ph_internal
7faed886ce6d5dd4,ui/uieditor/widgets/systemoverlays/systemoverlay_reportplayer.lua
7fafcbf06058d262,ui/uieditor/widgets/hud/core_ammowidget/ammowidgetzm_ammomodifier.lua
7fb1128485d62471,ui/uieditor/widgets/systemoverlays/systemoverlay_compact_basicframe_loading
7fb18e9d8facce39,ui/uieditor/widgets/zmfrontend/zmaargameinfo.lua
7fb446701907f17e,ui/uieditor/widgets/uie_border.lua
7fbc104452b6a2c6,ui/uieditor/widgets/warzone/warzoneinventoryhintitems
7fbf715efc19873a,ui/uieditor/widgets/hud/gameendscore/gameendscoreteambacker
7fbffc86e9a93477,ui/uieditor/widgets/blackmarket/bm_iteminfopanel
7fc3f1ec42e8b622,ui/uieditor/widgets/hud/zm_perks/zmperkvapordeadshotcountlist.lua
7fca8b7caff8cb66,ui/uieditor/widgets/callingcards/callingcards_asset_firballs
7fccc809d9194b45,ui/uieditor/widgets/pc/hud/scorestreak_aspectratiofix.lua
7fd0bbd4601bc0d3,ui/uieditor/widgets/vehiclehuds/wasp/vhud_sentinel_notificationline.lua
7fd3331f49317a9a,ui/uieditor/widgets/wzaar/wzaar_unlockedcharacter.lua
7fd46d4bbd46c672,ui/uieditor/widgets/buttonprogressringcontainer.lua
7fd56264606587b7,ui/uieditor/widgets/pc/socialmenu/pcsocialmenu_playerlistitem_playerinfos_cancelinvitetoparty
7fe0fd5f8fdb4046,ui/uieditor/widgets/notifications/xp/doublexpcardiconsinternal.lua
7fe2e0b5311f9227,ui/uieditor/widgets/aar_t8/contracts/aarcontractstabinternal.lua
7ff033286095bcd2,ui/uieditor/widgets/director/directorscreenheader.lua
7ff03870cd3bee03,ui/uieditor/widgets/footer/footerbutton_frontend_right
7ff46188cc1c3579,ui/uieditor/widgets/itemshop/contracts/contractdetailspanelheader
7ff88de791a61e68,ui/uieditor/widgets/health/healthbar.lua
7fff358b09397de5,ui/uieditor/widgets/vehiclehuds/mothership/vhud_ms_notificationseatingside.lua
